SUBDIVISION,YEAR,JAN,FEB,MAR,APR,MAY,JUN,JUL,AUG,SEP,OCT,NOV,DEC,ANNUAL,JF,MAM,JJAS,OND,LPA,pct_departure,drought_category,prev_year_jjas,prev_annual_change,rolling_3yr_jjas,rolling_5yr_jjas,cv_5yr_jjas
Andaman & Nicobar Islands,1901,49.2,87.1,29.2,2.3,528.8,517.5,365.1,481.1,332.6,388.5,558.2,33.6,3373.2,136.3,560.3,1696.3,980.3,1631.6234042553192,3.963941408048107,Normal,,,,,
Andaman & Nicobar Islands,1902,0.0,159.8,12.2,0.0,446.1,537.1,228.9,753.7,666.2,197.2,359.0,160.5,3520.7,159.8,458.3,2185.9,716.7,1631.6234042553192,33.97086572177821,Excess,1696.3,,,,
Andaman & Nicobar Islands,1903,12.7,144.0,0.0,1.0,235.1,479.9,728.4,326.7,339.0,181.2,284.4,225.0,2957.4,156.7,236.1,1874.0,690.6,1631.6234042553192,14.854934975347614,Normal,2185.9,489.60000000000014,,,
Andaman & Nicobar Islands,1904,9.4,14.7,0.0,202.4,304.5,495.1,502.0,160.1,820.4,222.2,308.7,40.1,3079.6,24.1,506.9,1977.6,571.0,1631.6234042553192,21.20443938487056,Excess,1874.0,-311.9000000000001,1918.7333333333336,,
Andaman & Nicobar Islands,1905,1.3,0.0,3.3,26.9,279.5,628.7,368.7,330.5,297.0,260.7,25.4,344.7,2566.7,1.3,309.7,1624.9,630.8,1631.6234042553192,-0.4120683877041899,Normal,1977.6,103.59999999999991,2012.5,,
Andaman & Nicobar Islands,1906,36.6,0.0,0.0,0.0,556.1,733.3,247.7,320.5,164.3,267.8,128.9,79.2,2534.4,36.6,556.1,1465.8,475.9,1631.6234042553192,-10.163093016614448,Normal,1624.9,-352.6999999999998,1825.5,1871.7400000000002,11.99466710135745
Andaman & Nicobar Islands,1907,110.7,0.0,113.3,21.6,616.3,305.2,443.9,377.6,200.4,264.4,648.9,245.6,3347.9,110.7,751.2,1327.1,1158.9,1631.6234042553192,-18.66382913245261,Normal,1465.8,-159.10000000000014,1689.4333333333334,1825.64,15.613346178465266
Andaman & Nicobar Islands,1908,20.9,85.1,0.0,29.0,562.0,693.6,481.4,699.9,428.8,170.7,208.1,196.9,3576.4,106.0,591.0,2303.7,575.7,1631.6234042553192,41.19066899824348,Excess,1327.1,-138.70000000000005,1472.6000000000001,1653.8799999999999,16.454801899335752
Andaman & Nicobar Islands,1910,26.6,22.7,206.3,89.3,224.5,472.7,264.3,337.4,626.6,208.2,267.3,153.5,2899.4,49.3,520.1,1701.0,629.0,1631.6234042553192,4.251998075275503,Normal,,,,,
Andaman & Nicobar Islands,1911,0.0,8.4,0.0,122.5,327.3,649.0,253.0,187.1,464.5,333.8,94.5,247.1,2687.2,8.4,449.8,1553.6,675.4,1631.6234042553192,-4.781949318196349,Normal,1701.0,,,,
Andaman & Nicobar Islands,1912,583.7,0.8,0.0,21.9,140.7,549.8,468.9,370.3,386.2,318.7,117.2,2.3,2960.5,584.5,162.6,1775.2,438.2,1631.6234042553192,8.799616098312214,Normal,1553.6,-147.4000000000001,,,
Andaman & Nicobar Islands,1913,84.8,0.5,1.3,2.5,190.7,530.0,280.8,205.8,580.1,288.8,133.0,67.5,2365.8,85.3,194.5,1596.7,489.3,1631.6234042553192,-2.140408391068548,Normal,1775.2,221.60000000000014,1676.6000000000001,,
Andaman & Nicobar Islands,1914,0.0,0.0,0.0,37.7,298.8,383.3,792.8,520.5,310.8,139.8,184.4,289.7,2957.8,0.0,336.5,2007.4,613.9,1631.6234042553192,23.03084123239745,Excess,1596.7,-178.5,1641.8333333333333,,
Andaman & Nicobar Islands,1915,45.0,56.7,33.3,40.9,170.2,334.7,269.0,317.2,429.8,468.1,258.4,318.0,2741.3,101.7,244.4,1350.7,1044.5,1631.6234042553192,-17.21741693105548,Normal,2007.4,410.70000000000005,1793.1000000000004,1726.7800000000002,10.386509752951085
Andaman & Nicobar Islands,1916,0.0,0.0,0.0,0.5,487.4,450.1,317.3,425.0,561.2,369.7,192.6,133.7,2937.5,0.0,487.9,1753.6,696.0,1631.6234042553192,7.475781202118231,Normal,1350.7,-656.7,1651.6000000000004,1656.72,14.935295407517755
Andaman & Nicobar Islands,1917,8.0,3.6,112.0,4.5,295.9,301.1,394.8,437.4,471.8,238.1,108.3,236.9,2612.4,11.6,412.4,1605.1,583.3,1631.6234042553192,-1.6255837092153442,Normal,1753.6,402.89999999999986,1703.9000000000003,1696.72,14.305197824033677
Andaman & Nicobar Islands,1918,77.4,6.9,11.4,10.7,729.3,710.8,200.9,455.4,303.3,227.0,366.9,175.0,3275.0,84.3,751.4,1670.4,768.9,1631.6234042553192,2.376565305667377,Normal,1605.1,-148.5,1569.8000000000002,1662.7,14.487465811743888
Andaman & Nicobar Islands,1919,10.2,18.0,0.0,35.5,283.9,542.5,246.5,259.8,170.7,186.2,340.4,258.4,2352.1,28.2,319.4,1219.5,785.0,1631.6234042553192,-25.258488152381847,Deficient,1670.4,65.30000000000018,1676.3666666666668,1677.44,14.192657522072416
Andaman & Nicobar Islands,1920,122.3,7.4,3.1,13.0,237.4,546.9,294.4,467.4,505.4,397.5,262.9,85.5,2943.2,129.7,253.5,1814.1,745.9,1631.6234042553192,11.18374468451339,Normal,1219.5,-450.9000000000001,1498.3333333333333,1519.8600000000001,14.836629249570324
Andaman & Nicobar Islands,1921,13.2,3.1,0.0,37.5,351.2,282.7,487.1,330.0,581.2,360.7,118.2,41.5,2606.4,16.3,388.7,1681.0,520.4,1631.6234042553192,3.026225023244044,Normal,1814.1,594.5999999999999,1568.0000000000002,1612.5400000000002,14.490845008540251
Andaman & Nicobar Islands,1922,245.3,34.3,15.6,323.1,289.7,506.1,425.8,307.4,511.7,162.0,541.0,192.2,3554.2,279.6,628.4,1751.0,895.2,1631.6234042553192,7.316430705354147,Normal,1681.0,-133.0999999999999,1571.5333333333335,1598.0200000000002,14.06749429461282
Andaman & Nicobar Islands,1923,79.5,0.0,,91.3,293.5,808.4,636.9,182.2,560.5,131.9,197.4,70.6,,79.5,,2188.0,399.9,1631.6234042553192,34.09957189224151,Excess,1751.0,70.0,1748.7,1627.2000000000003,14.453031535366174
Andaman & Nicobar Islands,1924,28.7,0.0,14.8,89.7,191.2,261.2,493.3,290.9,251.2,331.1,378.6,,,28.7,295.7,1296.6,,1631.6234042553192,-20.53313303680058,Deficient,2188.0,437.0,1873.3333333333337,1730.7200000000005,20.021350439752972
Andaman & Nicobar Islands,1925,36.6,0.0,8.6,50.4,282.2,663.8,241.8,278.2,201.9,249.5,271.5,196.0,2480.5,36.6,341.2,1385.7,717.0,1631.6234042553192,-15.07231409000043,Normal,1296.6,-891.4000000000001,1745.2,1746.14,18.250184075540083
Andaman & Nicobar Islands,1926,122.1,0.0,0.0,0.5,198.4,370.0,195.3,523.7,719.3,443.8,148.4,560.7,3282.2,122.1,198.9,1808.3,1152.9,1631.6234042553192,10.82827049942427,Normal,1385.7,89.10000000000014,1623.4333333333336,1660.4600000000003,21.181593178114653
Andaman & Nicobar Islands,1927,3.0,17.5,17.8,108.6,504.1,433.3,195.2,370.1,126.2,327.5,274.1,65.5,2442.9,20.5,630.5,1124.8,667.1,1631.6234042553192,-31.062523553750804,Deficient,1808.3,422.5999999999999,1496.8666666666668,1685.92,21.241793241854552
Andaman & Nicobar Islands,1928,50.9,67.6,80.7,129.3,499.5,410.2,406.3,391.5,404.8,444.5,99.5,13.5,2998.3,118.5,709.5,1612.8,557.5,1631.6234042553192,-1.1536610841832302,Normal,1124.8,-683.5,1439.6000000000004,1560.68,27.656086021850662
Andaman & Nicobar Islands,1929,74.2,118.4,129.2,69.8,316.6,588.8,134.0,644.7,172.9,413.0,251.5,13.5,2926.6,192.6,515.6,1540.4,678.0,1631.6234042553192,-5.5909595325371,Normal,1612.8,488.0,1515.3000000000004,1445.64,18.567928086825276
Andaman & Nicobar Islands,1930,87.4,105.4,131.2,10.9,231.5,533.6,317.9,446.7,677.2,82.3,249.4,201.6,3075.1,192.8,373.6,1975.4,533.3,1631.6234042553192,21.069604349147117,Excess,1540.4,-72.39999999999986,1426.0000000000002,1494.4,17.161425191661703
Andaman & Nicobar Islands,1931,25.3,0.0,2.5,2.5,205.4,393.5,289.3,571.0,294.4,368.3,22.8,182.7,2357.7,25.3,210.4,1548.2,573.8,1631.6234042553192,-5.112908042244834,Normal,1975.4,435.0,1709.5333333333335,1612.3400000000001,19.93115246985933
Andaman & Nicobar Islands,1932,2.8,2.5,10.1,58.2,479.7,,,,,,,,,5.3,548.0,,,1631.6234042553192,,Unknown,1548.2,-427.20000000000005,1688.0000000000002,1560.3200000000002,19.3669622093707
Andaman & Nicobar Islands,1933,4.5,11.7,8.1,58.4,365.4,544.2,376.6,294.1,759.0,239.8,268.8,56.9,2987.5,16.2,431.9,1973.9,565.5,1631.6234042553192,20.977671370244757,Excess,,,,,
Andaman & Nicobar Islands,1934,7.3,172.9,6.9,131.4,62.0,708.4,323.5,924.9,761.1,338.1,240.2,46.1,3722.8,180.2,200.3,2717.9,624.4,1631.6234042553192,66.57642890581499,Large Excess,1973.9,,,,
Andaman & Nicobar Islands,1935,6.6,0.0,0.5,133.6,726.8,374.1,368.7,411.6,578.9,182.4,275.4,95.4,3154.0,6.6,860.9,1733.3,553.2,1631.6234042553192,6.231621554306304,Normal,2717.9,744.0,,,
Andaman & Nicobar Islands,1936,16.5,15.3,116.5,,194.3,498.3,664.8,562.9,383.8,174.9,199.2,212.2,,31.8,,2109.8,586.3,1631.6234042553192,29.30679925879852,Excess,1733.3,-984.6000000000001,2141.7000000000003,,
Andaman & Nicobar Islands,1937,21.6,10.7,0.0,112.0,330.5,732.8,449.5,332.0,349.5,383.3,251.7,617.5,3591.1,32.3,442.5,1863.8,1252.5,1631.6234042553192,14.229790718811566,Normal,2109.8,376.5000000000002,2187.0000000000005,,
Andaman & Nicobar Islands,1938,13.4,57.2,50.5,101.6,368.9,668.6,318.2,397.1,546.7,318.4,316.3,107.5,3264.4,70.6,521.0,1930.6,742.2,1631.6234042553192,18.323872712596632,Normal,1863.8,-246.00000000000023,1902.3000000000004,2079.7400000000002,18.40396893038986
Andaman & Nicobar Islands,1939,54.1,1.5,16.1,77.3,480.5,541.0,335.6,202.8,512.5,263.9,165.9,131.3,2782.5,55.6,573.9,1591.9,561.1,1631.6234042553192,-2.434593923556096,Normal,1930.6,66.79999999999995,1968.0666666666668,2071.0800000000004,18.64834704857232
Andaman & Nicobar Islands,1940,0.5,2.8,59.4,0.0,320.7,335.4,268.1,889.2,477.5,114.1,221.0,318.8,3007.5,3.3,380.1,1970.2,653.9,1631.6234042553192,20.75090335561893,Excess,1591.9,-338.6999999999998,1795.4333333333336,1845.8800000000003,10.641312341050025
Andaman & Nicobar Islands,1941,0.0,12.8,0.0,77.8,251.9,497.0,302.5,311.9,516.0,382.8,266.0,279.5,2898.2,12.8,329.7,1627.4,928.3,1631.6234042553192,-0.2588467562002576,Normal,1970.2,378.29999999999995,1830.9000000000003,1893.2600000000002,10.087221156162691
Andaman & Nicobar Islands,1942,39.2,7.4,,,,,,,,,,,,46.6,,,,1631.6234042553192,,Unknown,1627.4,-342.79999999999995,1729.833333333334,1796.7800000000002,9.76502950126021
Andaman & Nicobar Islands,1946,84.4,3.6,21.1,135.2,309.1,535.9,189.0,367.4,478.3,276.9,146.9,243.8,2791.6,88.0,465.4,1570.6,667.6,1631.6234042553192,-3.7400422239696094,Normal,,,,,
Andaman & Nicobar Islands,1947,25.1,111.1,63.2,127.7,206.3,965.6,490.0,293.7,,376.0,67.5,168.6,,136.2,397.2,,612.1,1631.6234042553192,,Unknown,1570.6,,,,
Andaman & Nicobar Islands,1949,0.0,56.4,0.0,166.5,405.8,658.4,743.3,404.0,627.5,339.6,81.1,7.0,3489.6,56.4,572.3,2433.2,427.7,1631.6234042553192,49.12754951014717,Excess,,,,,
Andaman & Nicobar Islands,1950,0.8,0.0,0.0,95.5,264.2,369.9,366.7,347.3,494.5,224.6,89.3,169.4,2422.2,0.8,359.7,1578.4,483.3,1631.6234042553192,-3.26199073367733,Normal,2433.2,,,,
Andaman & Nicobar Islands,1951,82.7,7.2,0.0,45.4,259.0,619.9,665.3,101.3,360.9,489.0,209.6,434.8,3275.1,89.9,304.4,1747.4,1133.4,1631.6234042553192,7.09579155598849,Normal,1578.4,-854.7999999999997,,,
Andaman & Nicobar Islands,1952,0.0,0.8,69.7,39.4,452.9,657.7,385.5,541.3,240.3,315.6,287.5,89.2,3079.9,0.8,562.0,1824.8,692.3,1631.6234042553192,11.839533267350223,Normal,1747.4,169.0,1919.666666666667,,
Andaman & Nicobar Islands,1953,56.0,65.3,20.1,159.4,241.1,549.9,444.4,262.8,370.1,243.6,246.0,63.3,2721.9,121.3,420.5,1627.1,552.9,1631.6234042553192,-0.2772333519807406,Normal,1824.8,77.39999999999986,1716.866666666667,,
Andaman & Nicobar Islands,1954,83.8,2.1,34.3,58.0,394.7,539.4,510.8,605.4,763.8,247.2,84.8,124.7,3449.0,85.9,487.0,2419.4,456.7,1631.6234042553192,48.28176610424548,Excess,1627.1,-197.70000000000005,1733.1000000000004,1842.1800000000003,18.694922486538594
Andaman & Nicobar Islands,1955,57.3,28.2,9.9,68.8,663.6,651.1,298.4,356.9,341.8,466.5,362.9,44.2,3349.6,85.5,742.2,1648.3,873.6,1631.6234042553192,1.0220860831726075,Normal,2419.4,792.3000000000002,1957.1000000000004,1839.4200000000005,18.401344344860878
Andaman & Nicobar Islands,1956,49.2,77.2,33.8,130.3,491.8,343.1,468.4,467.7,325.1,458.7,164.1,70.5,3080.0,126.4,656.0,1604.4,693.3,1631.6234042553192,-1.6684857660364345,Normal,1648.3,-771.1000000000001,1898.2666666666667,1853.4000000000003,17.601366097334804
Andaman & Nicobar Islands,1957,28.0,19.3,4.6,19.0,142.4,741.9,316.2,421.3,354.3,299.7,88.6,71.9,2507.2,47.3,166.0,1833.6,460.3,1631.6234042553192,12.378873410244063,Normal,1604.4,-43.899999999999864,1890.7000000000005,1824.8000000000004,18.83183341551089
Andaman & Nicobar Islands,1958,22.9,14.3,30.4,24.6,355.1,530.7,440.7,388.4,350.6,265.2,313.8,70.7,2807.4,37.2,410.2,1710.4,649.6,1631.6234042553192,4.828111409730293,Normal,1833.6,229.19999999999982,1695.4333333333334,1826.5600000000002,18.814921514897932
Andaman & Nicobar Islands,1959,10.1,1.8,31.3,86.7,238.1,455.7,817.1,409.3,589.6,332.7,242.5,128.5,3343.3,11.9,356.1,2271.7,703.6,1631.6234042553192,39.229432114993145,Excess,1710.4,-123.19999999999982,1716.1333333333334,1843.2200000000005,18.090426292338925
Andaman & Nicobar Islands,1960,104.2,72.4,12.1,53.5,535.4,541.5,308.4,270.7,442.4,400.0,191.7,92.8,3025.0,176.6,601.0,1563.0,684.5,1631.6234042553192,-4.205835983741558,Normal,2271.7,561.2999999999997,1938.5666666666668,1813.6800000000003,14.89692775824226
Andaman & Nicobar Islands,1961,82.1,99.4,33.2,88.1,973.1,383.3,304.9,557.1,612.0,379.9,280.6,144.5,3938.2,181.5,1094.5,1857.3,805.0,1631.6234042553192,13.831414476901344,Normal,1563.0,-708.6999999999998,1848.3666666666668,1796.6200000000001,15.89066439172526
Andaman & Nicobar Islands,1962,152.4,14.9,17.3,46.4,310.4,367.7,409.1,420.6,474.5,259.8,101.7,384.9,2959.7,167.3,374.1,1671.9,746.4,1631.6234042553192,2.4684982845697365,Normal,1857.3,294.29999999999995,1897.3333333333337,1847.2,14.32229735748876
Andaman & Nicobar Islands,1963,79.9,26.8,7.4,69.5,259.9,434.7,303.3,601.2,614.3,295.5,109.3,179.9,2981.7,106.7,336.8,1953.5,584.7,1631.6234042553192,19.72738285717266,Excess,1671.9,-185.39999999999986,1697.4000000000003,1814.8600000000001,15.222322752818307
Andaman & Nicobar Islands,1964,65.5,21.9,3.1,18.1,530.6,465.3,287.3,472.1,521.2,218.9,349.2,101.6,3054.8,87.4,551.8,1745.9,669.8,1631.6234042553192,7.003858577086131,Normal,1953.5,281.5999999999999,1827.5666666666668,1863.4800000000002,14.739677057351766
Andaman & Nicobar Islands,1965,11.8,30.4,25.3,51.0,292.3,408.8,392.1,396.6,576.8,290.5,187.9,500.4,3163.8,42.2,368.5,1774.3,978.8,1631.6234042553192,8.744456310970792,Normal,1745.9,-207.5999999999999,1790.4333333333336,1758.3200000000002,8.70282808660744
Andaman & Nicobar Islands,1966,79.8,4.2,12.0,38.7,376.9,148.8,433.5,335.6,454.1,171.9,333.8,311.9,2701.2,83.9,427.6,1372.1,817.6,1631.6234042553192,-15.90583976538183,Normal,1774.3,28.399999999999864,1824.5666666666668,1800.5800000000004,6.009932385397414
Andaman & Nicobar Islands,1967,164.6,21.6,30.0,63.4,516.4,340.8,537.8,614.3,303.5,427.5,99.7,97.0,3216.4,186.2,609.7,1796.4,624.1,1631.6234042553192,10.098935533465562,Normal,1372.1,-402.20000000000005,1630.766666666667,1703.5400000000002,12.457090360298896
Andaman & Nicobar Islands,1968,22.1,1.3,4.2,81.5,297.6,545.2,519.3,242.0,496.8,281.6,152.0,119.2,2762.8,23.4,383.3,1803.3,552.8,1631.6234042553192,10.521827236416408,Normal,1796.4,424.3000000000002,1647.6000000000004,1728.44,12.430777475682596
Andaman & Nicobar Islands,1969,106.3,64.7,14.6,20.8,317.3,422.8,345.2,281.4,489.8,146.8,343.7,65.8,2619.0,171.0,352.7,1539.1,556.3,1631.6234042553192,-5.670634780919156,Normal,1803.3,6.899999999999864,1657.266666666667,1698.4000000000003,10.820628577305301
Andaman & Nicobar Islands,1970,72.2,34.0,7.8,58.2,422.7,407.3,564.6,342.9,423.5,386.6,418.4,232.7,3370.8,106.2,488.7,1738.2,1037.7,1631.6234042553192,6.531935952054018,Normal,1539.1,-264.20000000000005,1712.9333333333336,1657.0400000000002,11.67334514477805
Andaman & Nicobar Islands,1971,41.5,32.8,37.7,35.3,398.0,394.6,421.1,327.9,470.2,505.3,178.4,155.9,2998.6,74.3,471.0,1613.7,839.6,1631.6234042553192,-1.098501296841809,Normal,1738.2,199.10000000000014,1693.5333333333335,1649.8200000000004,11.42995545975196
Andaman & Nicobar Islands,1972,13.7,1.7,7.5,178.3,420.2,470.0,544.6,384.9,444.5,263.8,413.9,180.0,3323.0,15.3,605.9,1844.0,857.7,1631.6234042553192,13.016275397300427,Normal,1613.7,-124.5,1630.3333333333337,1698.14,6.889028807055866
Andaman & Nicobar Islands,1973,18.1,20.3,30.5,29.6,418.6,488.6,371.4,370.3,357.5,247.2,349.8,289.1,2991.1,38.5,478.7,1587.8,886.1,1631.6234042553192,-2.685877399222553,Normal,1844.0,230.29999999999995,1731.9666666666672,1707.6600000000003,7.516952225997811
Andaman & Nicobar Islands,1974,22.2,43.9,17.2,301.4,353.3,343.8,257.1,456.2,321.6,398.4,372.2,74.8,2962.0,66.0,672.0,1378.7,845.3,1631.6234042553192,-15.50133465821144,Normal,1587.8,-256.20000000000005,1681.8333333333337,1664.5600000000002,7.469773609519276
Andaman & Nicobar Islands,1975,276.9,27.5,8.0,24.2,362.9,706.3,173.6,357.4,351.8,373.6,323.7,99.7,3085.7,304.4,395.2,1589.1,797.0,1631.6234042553192,-2.606202150840511,Normal,1378.7,-209.0999999999999,1603.5000000000002,1632.48,10.727352974331867
Andaman & Nicobar Islands,1976,20.9,9.7,0.6,161.6,551.4,441.4,382.1,487.7,387.0,166.8,307.2,359.6,3276.0,30.6,713.5,1698.2,833.7,1631.6234042553192,4.080389847991102,Normal,1589.1,210.39999999999986,1518.5333333333338,1602.6600000000003,10.296785475861107
Andaman & Nicobar Islands,1977,79.7,43.2,6.1,6.9,275.3,339.3,341.1,345.5,467.1,263.6,153.3,67.1,2388.2,122.9,288.3,1492.9,484.1,1631.6234042553192,-8.502170531111812,Normal,1698.2,109.10000000000014,1555.3333333333337,1619.5600000000002,10.5378039075463
Andaman & Nicobar Islands,1978,109.6,29.3,18.9,63.4,343.6,462.2,656.6,346.3,310.8,243.7,83.4,44.6,2712.4,138.9,425.9,1775.9,371.6,1631.6234042553192,8.842518155133318,Normal,1492.9,-205.29999999999995,1593.4000000000003,1549.3400000000001,7.740042139135239
Andaman & Nicobar Islands,1979,35.5,9.4,3.9,64.8,146.3,282.8,455.9,173.6,330.2,163.5,169.8,13.6,1849.4,44.9,215.0,1242.5,347.0,1631.6234042553192,-23.84884914254567,Deficient,1775.9,283.0,1655.666666666667,1586.9600000000003,9.978090958431439
Andaman & Nicobar Islands,1980,5.5,0.8,9.2,38.8,728.4,604.2,575.7,494.4,271.9,252.0,143.7,500.7,3625.3,6.3,776.5,1946.3,896.3,1631.6234042553192,19.28610455844133,Excess,1242.5,-533.4000000000001,1503.766666666667,1559.7200000000003,13.289840634745232
Andaman & Nicobar Islands,1981,11.1,27.8,1.7,94.1,270.8,600.6,344.1,510.7,452.6,242.1,348.4,170.7,3074.8,38.9,366.7,1908.0,761.2,1631.6234042553192,16.93874916380109,Normal,1946.3,703.8,1654.9000000000003,1631.1600000000003,16.646873345631015
Andaman & Nicobar Islands,1982,8.8,2.8,6.6,97.5,229.2,448.7,410.5,347.6,369.0,164.5,238.8,60.5,2384.5,11.6,333.3,1575.8,463.8,1631.6234042553192,-3.421341230441428,Normal,1908.0,-38.299999999999955,1698.9333333333336,1673.1200000000001,17.88749986511344
Andaman & Nicobar Islands,1983,22.1,0.0,3.1,9.1,240.8,424.3,468.9,493.8,505.5,275.8,261.0,88.1,2792.4,22.1,253.0,1892.4,624.9,1631.6234042553192,15.98264618321656,Normal,1575.8,-332.20000000000005,1810.0333333333335,1689.7000000000003,17.09865963314706
Andaman & Nicobar Islands,1984,69.4,173.8,26.3,156.6,162.3,424.9,446.4,125.8,283.6,347.1,158.9,445.2,2820.3,243.2,345.2,1280.7,951.2,1631.6234042553192,-21.507622613165584,Deficient,1892.4,316.60000000000014,1792.0666666666668,1713.0,17.63028389779941
Andaman & Nicobar Islands,1985,12.0,19.2,24.1,55.0,278.1,588.4,230.9,375.2,362.5,358.9,232.1,94.4,2630.8,31.2,357.2,1557.0,685.4,1631.6234042553192,-4.573567899350996,Normal,1280.7,-611.7,1582.966666666667,1720.64,16.694452540617615
Andaman & Nicobar Islands,1986,14.8,0.6,1.5,8.2,302.6,312.2,308.5,444.0,408.9,176.1,163.5,47.0,2187.8,15.4,312.3,1473.6,386.5,1631.6234042553192,-9.68504152632218,Normal,1557.0,276.29999999999995,1576.7000000000005,1642.7800000000002,15.978235712831596
Andaman & Nicobar Islands,1987,72.4,35.2,20.4,17.7,162.9,343.7,45.3,666.5,378.9,373.4,313.4,334.1,2764.0,107.6,200.9,1434.5,1021.0,1631.6234042553192,-12.081427843043675,Normal,1473.6,-83.40000000000009,1437.1000000000004,1555.9,14.232099566657247
Andaman & Nicobar Islands,1988,10.2,39.9,28.0,82.7,427.5,357.4,495.6,354.2,603.3,271.4,583.0,69.9,3323.0,50.1,538.1,1810.5,924.3,1631.6234042553192,10.963105535147736,Normal,1434.5,-39.09999999999991,1488.366666666667,1527.64,14.872875143471509
Andaman & Nicobar Islands,1989,56.0,12.8,68.1,42.6,379.3,414.9,380.1,413.2,215.9,291.8,255.0,4.0,2533.6,68.8,490.0,1424.1,550.7,1631.6234042553192,-12.71882983010004,Normal,1810.5,376.0,1572.866666666667,1511.2600000000002,12.903353016294105
Andaman & Nicobar Islands,1990,13.4,0.2,24.6,87.5,424.6,291.0,213.2,293.3,310.4,133.6,291.1,100.3,2183.4,13.6,536.8,1108.0,525.1,1631.6234042553192,-32.092172917457226,Deficient,1424.1,-386.4000000000001,1556.3666666666668,1539.94,10.391600566411743
Andaman & Nicobar Islands,1991,14.1,3.8,28.0,132.9,191.3,165.7,547.2,486.5,489.9,287.6,130.1,58.5,2535.8,18.0,352.2,1689.3,476.2,1631.6234042553192,3.534920839837097,Normal,1108.0,-316.0999999999999,1447.5333333333335,1450.14,17.184188372940913
Andaman & Nicobar Islands,1992,75.9,10.9,0.0,5.1,241.7,392.0,348.2,372.3,323.7,257.3,64.3,7.2,2098.7,86.8,246.8,1436.2,328.8,1631.6234042553192,-11.977237133621,Normal,1689.3,581.3,1407.1333333333334,1493.2800000000002,18.208718857068877
Andaman & Nicobar Islands,1993,14.9,0.0,129.9,43.7,181.4,257.1,391.7,226.7,437.0,299.3,189.0,66.7,2237.4,14.9,355.0,1312.5,555.0,1631.6234042553192,-19.55864346043557,Normal,1436.2,-253.0999999999999,1411.166666666667,1493.6200000000001,18.198492891869584
Andaman & Nicobar Islands,1994,7.2,35.5,129.4,154.6,403.2,386.3,569.7,460.5,775.1,137.5,180.3,23.8,3262.8,42.6,687.2,2191.5,341.5,1631.6234042553192,34.31408217634701,Excess,1312.5,-123.70000000000005,1479.3333333333337,1394.02,15.14641250266012
Andaman & Nicobar Islands,1995,51.8,12.5,12.1,21.1,314.8,450.4,501.4,555.8,426.4,294.7,452.9,21.6,3115.4,64.3,348.1,1933.9,769.2,1631.6234042553192,18.52612526618184,Normal,2191.5,879.0,1646.7333333333336,1547.5000000000002,26.947853904889374
Andaman & Nicobar Islands,1996,52.2,4.8,3.4,122.7,298.0,559.2,335.5,328.0,541.6,318.5,254.2,178.8,2996.9,57.0,424.1,1764.3,751.5,1631.6234042553192,8.131569784955065,Normal,1933.9,-257.5999999999999,1812.633333333334,1712.6800000000003,20.957533482827056
Andaman & Nicobar Islands,1997,9.5,0.0,0.2,15.6,281.1,199.5,918.5,430.6,440.2,128.7,292.8,38.4,2755.1,9.5,296.9,1988.8,459.9,1631.6234042553192,21.89087229400818,Excess,1764.3,-169.60000000000014,1963.2333333333336,1727.6800000000003,20.795583225061613
Andaman & Nicobar Islands,1998,0.9,0.0,0.0,0.0,348.9,600.0,364.5,258.9,337.8,618.6,227.8,89.0,2846.4,0.9,348.9,1561.2,935.4,1631.6234042553192,-4.316155558424387,Normal,1988.8,224.5,1895.666666666667,1838.2,18.01162308407946
Andaman & Nicobar Islands,1999,46.8,44.6,14.2,270.6,257.4,295.0,408.5,329.2,325.3,437.5,124.9,145.7,2699.7,91.4,542.2,1358.0,708.1,1631.6234042553192,-16.770009767064003,Normal,1561.2,-427.5999999999999,1771.4333333333336,1887.94,12.603651104657606
Andaman & Nicobar Islands,2000,53.0,59.0,171.3,218.1,422.8,357.0,176.3,460.8,250.1,321.2,158.3,115.2,2763.2,112.0,812.2,1244.2,594.7,1631.6234042553192,-23.744658433123,Deficient,1358.0,-203.20000000000005,1636.0000000000002,1721.2400000000002,15.267165313571729
Andaman & Nicobar Islands,2001,89.0,15.7,143.3,30.1,705.3,370.7,341.3,469.0,334.4,267.6,222.6,91.8,3080.9,104.7,878.7,1515.4,582.0,1631.6234042553192,-7.123175847576422,Normal,1244.2,-113.79999999999995,1387.8000000000004,1583.3000000000004,19.037780675160736
Andaman & Nicobar Islands,2002,10.6,0.0,11.5,100.2,366.7,358.3,317.4,429.8,420.0,169.0,306.7,129.9,2620.2,10.7,478.4,1525.6,605.5,1631.6234042553192,-6.49803159104039,Normal,1515.4,271.20000000000005,1372.5333333333338,1533.5200000000002,18.527052386189116
Andaman & Nicobar Islands,2003,44.3,7.9,149.2,19.4,296.3,159.9,494.9,379.4,371.9,310.4,74.1,48.0,2355.9,52.2,465.0,1406.1,432.5,1631.6234042553192,-13.82202557692835,Normal,1525.6,10.199999999999818,1428.4000000000003,1440.8800000000003,9.360255953293905
Andaman & Nicobar Islands,2004,54.5,35.9,36.5,41.6,505.1,423.9,378.9,308.7,280.7,223.9,169.9,0.4,2460.1,90.4,583.2,1392.2,394.2,1631.6234042553192,-14.673937848090208,Normal,1406.1,-119.5,1482.3666666666668,1409.8600000000001,8.29303158718296
Andaman & Nicobar Islands,2005,0.0,0.0,20.3,51.1,305.3,452.4,429.3,311.1,507.5,293.5,300.1,283.9,2954.7,0.0,376.8,1700.4,877.5,1631.6234042553192,4.215224883714564,Normal,1392.2,-13.899999999999864,1441.3000000000002,1416.7000000000003,8.05350436481646
Andaman & Nicobar Islands,2006,16.3,14.4,48.9,163.7,321.4,366.0,182.7,219.6,546.5,374.7,76.1,74.4,2404.7,30.7,534.0,1314.9,525.2,1631.6234042553192,-19.41155069419179,Normal,1700.4,308.20000000000005,1499.5666666666668,1507.9400000000003,8.201149884894587
Andaman & Nicobar Islands,2007,4.9,1.6,5.0,54.6,370.0,378.3,463.2,465.3,486.4,209.4,223.9,85.6,2748.0,6.5,429.6,1793.1,518.9,1631.6234042553192,9.896682979880362,Normal,1314.9,-385.5,1469.166666666667,1467.8400000000001,10.23862293319871
Andaman & Nicobar Islands,2008,9.9,67.7,115.8,216.1,545.5,457.8,511.2,482.1,332.0,243.7,321.1,72.0,3374.8,77.6,877.3,1783.1,636.8,1631.6234042553192,9.283796453864632,Normal,1793.1,478.1999999999998,1602.8000000000004,1521.3400000000001,13.885185991356524
Andaman & Nicobar Islands,2009,24.5,6.3,44.2,136.5,313.1,633.5,297.3,351.5,344.7,272.8,66.2,48.0,2538.6,30.8,493.7,1627.1,386.9,1631.6234042553192,-0.2772333519807406,Normal,1783.1,-10.0,1630.3666666666668,1596.7400000000002,14.188403948125528
Andaman & Nicobar Islands,2010,101.7,8.0,0.7,12.5,319.0,448.9,521.9,563.8,263.3,402.4,268.5,246.4,3157.1,109.8,332.2,1797.8,917.3,1631.6234042553192,10.184739647107756,Normal,1627.1,-156.0,1734.4333333333336,1643.72,11.912084019919606
Andaman & Nicobar Islands,2011,265.9,84.8,272.8,111.4,326.5,383.2,583.2,441.5,757.1,212.3,150.8,238.5,3828.0,350.7,710.7,2165.0,601.6,1631.6234042553192,32.68993288240532,Excess,1797.8,170.70000000000005,1736.0,1663.2,12.467191823793963
Andaman & Nicobar Islands,2012,119.9,45.6,30.9,55.8,533.9,458.2,317.3,369.6,868.9,209.7,300.5,187.3,3497.6,165.6,620.5,2014.0,697.5,1631.6234042553192,23.43534633956782,Excess,2165.0,367.20000000000005,1863.3000000000004,1833.22,10.839293426504994
Andaman & Nicobar Islands,2013,67.1,37.6,43.0,46.3,509.3,777.0,564.8,336.7,473.6,455.8,354.2,92.3,3757.8,104.7,598.6,2152.1,902.4,1631.6234042553192,31.899309263845037,Excess,2014.0,-151.0,1992.266666666667,1877.4,11.275745589652143
Andaman & Nicobar Islands,2014,41.9,8.6,0.0,11.1,238.0,416.6,467.6,321.6,412.9,402.6,201.2,100.4,2622.4,50.5,249.1,1618.7,704.2,1631.6234042553192,-0.7920580338339447,Normal,2152.1,138.0999999999999,2110.3666666666672,1951.2,11.980662630370158
Andaman & Nicobar Islands,2015,126.8,7.6,3.1,138.2,331.9,346.4,328.9,480.0,523.3,252.1,236.3,129.9,2904.6,134.4,473.2,1678.6,618.4,1631.6234042553192,2.8791322570002635,Normal,1618.7,-533.3999999999999,1928.2666666666667,1949.52,12.140941688206064
Andaman & Nicobar Islands,2016,72.0,15.8,5.4,2.4,191.1,429.4,301.2,227.7,604.3,287.2,181.7,533.7,2851.9,87.8,198.9,1562.6,1002.6,1631.6234042553192,-4.230351444782192,Normal,1678.6,59.899999999999864,1816.466666666667,1925.6800000000003,13.532291740713603
Andaman & Nicobar Islands,2017,228.7,5.6,33.0,108.3,275.8,349.1,389.4,414.7,372.8,263.0,205.9,243.7,2890.0,234.2,417.1,1526.0,712.6,1631.6234042553192,-6.473516129999755,Normal,1562.6,-116.0,1619.966666666667,1805.2000000000003,14.487852364801398
Arunachal Pradesh,1916,48.1,69.8,71.1,316.1,424.6,1124.9,,629.7,333.9,,,,,117.9,811.8,,,1726.6999999999998,,Unknown,,,,,
Arunachal Pradesh,1917,21.4,164.5,,269.6,107.9,823.8,909.1,628.4,411.5,199.3,63.5,0.0,,185.9,,2772.8,262.8,1726.6999999999998,60.58377251404416,Large Excess,,,,,
Arunachal Pradesh,1918,10.4,11.0,191.2,144.6,861.1,1609.9,1303.0,692.6,515.8,125.2,7.8,13.7,5486.3,21.4,1196.9,4121.3,146.7,1726.6999999999998,138.6807204494122,Large Excess,2772.8,,,,
Arunachal Pradesh,1919,34.5,67.8,28.5,256.9,420.6,973.6,999.0,286.7,628.7,948.3,40.7,8.6,4693.9,102.3,706.0,2888.0,997.6,1726.6999999999998,67.25545838883421,Large Excess,4121.3,1348.5,,,
Arunachal Pradesh,1920,14.0,196.3,605.6,364.7,173.6,840.6,535.4,896.5,376.7,103.3,0.0,0.0,4106.7,210.3,1143.9,2649.2,103.3,1726.6999999999998,53.4256095442173,Excess,2888.0,-1233.3000000000002,3260.7000000000003,,
Arunachal Pradesh,1921,78.9,54.3,180.3,358.0,598.0,1233.2,1433.0,885.9,603.4,246.3,4.6,15.5,5691.4,133.2,1136.3,4155.5,266.4,1726.6999999999998,140.6613771934905,Large Excess,2649.2,-238.80000000000018,3219.5,,
Arunachal Pradesh,1922,50.7,59.4,170.4,299.5,350.5,1109.3,918.7,488.3,207.6,483.5,30.3,19.0,4187.2,110.1,820.4,2723.9,532.8,1726.6999999999998,57.75178085365149,Excess,4155.5,1506.3000000000002,3230.9,3317.3599999999997,22.739247153340212
Arunachal Pradesh,1923,9.4,160.8,34.0,240.9,445.4,408.6,1278.5,251.3,617.3,50.1,8.4,2.8,3507.5,170.2,720.3,2555.7,61.3,1726.6999999999998,48.01065616493891,Excess,2723.9,-1431.6,3176.2000000000003,3307.5800000000004,23.081230738469362
Arunachal Pradesh,1924,85.7,45.1,74.1,162.4,515.7,1165.0,942.7,713.8,410.8,303.3,31.9,0.0,4450.5,130.8,752.2,3232.3,335.2,1726.6999999999998,87.19522789135348,Large Excess,2555.7,-168.20000000000027,3145.0333333333333,2994.46,22.052495281815492
Arunachal Pradesh,1925,80.6,114.0,143.3,223.0,587.2,611.6,611.0,684.7,1222.0,153.2,5.1,4.1,4439.8,194.6,953.5,3129.3,162.4,1726.6999999999998,81.23009208316445,Large Excess,3232.3,676.6000000000004,2837.2999999999997,3063.32,21.689386053278593
Arunachal Pradesh,1926,38.1,40.8,179.1,249.7,248.1,675.2,978.7,445.6,286.9,311.5,18.6,49.3,3521.6,78.9,676.9,2386.4,379.4,1726.6999999999998,38.205826142352485,Excess,3129.3,-103.0,2972.433333333334,3159.34,19.71952154265903
Arunachal Pradesh,1927,48.3,208.5,88.1,384.0,164.0,1045.4,923.2,727.8,1108.9,537.2,17.8,0.0,5253.2,256.8,636.1,3805.3,555.0,1726.6999999999998,120.3799154456478,Large Excess,2386.4,-742.9000000000001,2916.0,2805.5200000000004,12.995508228743955
Arunachal Pradesh,1928,48.9,39.7,118.2,123.4,431.9,1168.3,993.6,981.2,706.1,633.5,25.6,2.3,5272.7,88.6,673.5,3849.2,661.4,1726.6999999999998,122.92233740661378,Large Excess,3805.3,1418.9,3107.0,3021.8,18.798383086012148
Arunachal Pradesh,1929,144.8,59.2,124.3,492.3,615.8,853.0,614.4,670.0,384.3,188.0,64.5,109.5,4320.2,204.1,1232.4,2521.8,362.0,1726.6999999999998,46.04737360282623,Excess,3849.2,43.899999999999636,3346.9666666666667,3280.5,18.18438691211045
Arunachal Pradesh,1930,64.4,84.3,202.5,565.4,148.9,720.9,376.2,1055.5,637.0,361.1,93.2,24.9,4334.1,148.7,916.8,2789.5,479.1,1726.6999999999998,61.55093531012916,Large Excess,2521.8,-1327.3999999999996,3392.1,3138.4,21.935879997784312
Arunachal Pradesh,1931,61.3,189.7,231.6,502.7,277.7,1149.4,1399.9,337.7,480.7,157.4,37.8,46.2,4872.1,251.0,1012.0,3367.7,241.3,1726.6999999999998,95.0367753518272,Large Excess,2789.5,267.6999999999998,3053.5,3070.44,22.996827277142593
Arunachal Pradesh,1932,70.2,110.3,105.5,282.7,661.6,1065.2,521.2,907.8,682.9,152.2,231.4,59.9,4850.9,180.5,1049.8,3177.1,443.5,1726.6999999999998,83.99837840968323,Large Excess,3367.7,578.1999999999998,2893.0,3266.7,18.253242741969704
Arunachal Pradesh,1933,56.0,59.4,101.6,267.9,435.3,782.1,743.2,685.2,376.1,217.9,40.6,8.1,3773.3,115.4,804.8,2586.5,266.6,1726.6999999999998,49.79440551340709,Excess,3177.1,-190.5999999999999,3111.433333333333,3141.06,16.398089580320104
Arunachal Pradesh,1934,84.9,88.3,128.3,595.1,454.5,1024.6,935.9,640.9,382.6,141.6,77.0,21.9,4575.7,173.2,1177.9,2984.0,240.6,1726.6999999999998,72.81519661782593,Large Excess,2586.5,-590.5999999999999,3043.7666666666664,2888.5199999999995,12.818640203592837
Arunachal Pradesh,1935,18.1,143.6,169.7,211.2,299.9,1147.1,489.9,968.8,631.6,21.8,44.4,27.4,4173.7,161.8,680.9,3237.5,93.6,1726.6999999999998,87.4963803787572,Large Excess,2984.0,397.5,2915.866666666667,2980.96,10.34377510536748
Arunachal Pradesh,1936,105.9,175.2,151.7,374.7,295.7,833.1,1132.8,668.4,584.3,216.5,122.8,127.6,4788.9,281.1,822.2,3218.6,467.0,1726.6999999999998,86.40180691492444,Large Excess,3237.5,253.5,2936.0,3070.56,9.895848214885602
Arunachal Pradesh,1937,19.9,105.6,91.2,261.0,399.0,456.4,611.6,816.9,339.7,239.8,16.7,17.3,3375.1,125.5,751.2,2224.6,273.8,1726.6999999999998,28.835350668906013,Excess,3218.6,-18.90000000000009,3146.6999999999994,3040.74,8.983799919246355
Arunachal Pradesh,1938,144.8,121.6,340.5,395.3,306.5,1511.3,1355.1,790.8,877.3,220.6,59.7,5.6,6129.0,266.4,1042.3,4534.5,285.8,1726.6999999999998,162.61076041003074,Large Excess,2224.6,-994.0,2893.566666666666,2850.2400000000002,15.338657636942067
Arunachal Pradesh,1939,13.6,140.5,112.7,388.1,314.6,1132.5,838.5,310.2,476.4,157.6,6.2,7.7,3898.7,154.2,815.5,2757.6,171.4,1726.6999999999998,59.70348062778712,Large Excess,4534.5,2309.9,3325.8999999999996,3239.84,25.69822742081969
Arunachal Pradesh,1940,12.7,168.5,381.8,133.9,480.5,511.0,1067.9,340.5,791.4,154.6,12.4,44.3,4099.3,181.2,996.2,2710.7,211.3,1726.6999999999998,56.98731684716512,Excess,2757.6,-1776.9,3172.233333333333,3194.5600000000004,26.789487723910828
Arunachal Pradesh,1941,37.4,101.7,157.9,245.4,652.4,518.1,935.9,729.2,687.0,89.7,19.6,45.9,4220.2,139.1,1055.7,2870.3,155.2,1726.6999999999998,66.23038165286387,Large Excess,2710.7,-46.90000000000009,3334.2666666666664,3089.2,28.526730370551224
Arunachal Pradesh,1942,15.8,164.9,277.8,272.4,618.9,1182.6,457.5,438.9,357.6,8.7,32.1,1.1,3828.2,180.7,1169.1,2436.6,41.9,1726.6999999999998,41.11310592459606,Excess,2870.3,159.60000000000036,2779.533333333333,3019.54,29.21727789739198
Arunachal Pradesh,1943,164.5,46.3,286.3,322.6,656.6,712.3,688.1,501.0,727.7,155.4,43.0,22.8,4326.7,210.8,1265.4,2629.2,221.3,1726.6999999999998,52.26733074651069,Excess,2436.6,-433.7000000000003,2672.533333333333,3061.94,27.38397772600513
Arunachal Pradesh,1944,73.1,67.0,128.4,179.9,664.6,935.9,483.6,307.4,656.1,334.8,26.0,47.5,3904.3,140.1,972.9,2383.0,408.4,1726.6999999999998,38.00891874674235,Excess,2629.2,192.5999999999999,2645.3666666666663,2680.88,6.0434443092053955
Arunachal Pradesh,1945,43.4,107.8,151.3,282.9,366.0,420.2,960.0,771.3,328.6,187.7,1.3,28.7,3649.3,151.2,800.2,2480.1,217.7,1726.6999999999998,43.63236230960793,Excess,2383.0,-246.19999999999982,2482.933333333333,2605.96,7.669440830857144
Arunachal Pradesh,1946,1.8,73.2,141.7,238.3,631.2,448.6,1212.2,478.7,540.4,215.9,25.4,3.8,4011.2,75.1,1011.2,2679.9,245.1,1726.6999999999998,55.20356749869696,Excess,2480.1,97.09999999999991,2497.433333333333,2559.84,7.6654726047105886
Arunachal Pradesh,1947,37.8,68.5,158.6,460.2,494.4,650.2,1245.0,417.9,503.8,297.3,9.5,25.9,4369.1,106.3,1113.2,2816.9,332.6,1726.6999999999998,63.13777726298723,Large Excess,2679.9,199.80000000000018,2514.333333333333,2521.7599999999998,5.046993556379031
Arunachal Pradesh,1948,35.6,119.5,136.1,441.1,1168.6,889.5,2362.8,603.3,350.4,150.1,52.7,21.4,6331.1,155.1,1745.8,4206.0,224.2,1726.6999999999998,143.5860311576997,Large Excess,2816.9,137.0,2658.9666666666667,2597.82,6.54744325865666
Arunachal Pradesh,1949,80.1,88.1,287.4,436.9,567.2,943.9,1002.0,672.6,482.0,224.9,39.6,50.1,4874.7,168.1,1291.5,3100.5,314.6,1726.6999999999998,79.56217061446692,Large Excess,4206.0,1389.1,3234.2666666666664,2913.18,25.478924680931335
Arunachal Pradesh,1950,38.6,92.8,205.8,425.2,274.2,,377.6,241.8,285.8,356.0,49.5,43.9,,131.4,905.2,,449.4,1726.6999999999998,,Unknown,3100.5,-1105.5,3374.4666666666667,3056.68,22.277361144363713
Arunachal Pradesh,1951,31.8,65.3,309.9,441.0,344.5,757.8,554.7,278.5,383.7,101.8,46.2,39.1,3354.2,97.1,1095.3,1974.7,187.1,1726.6999999999998,14.362657091561951,Normal,,,,,
Arunachal Pradesh,1952,17.2,24.5,189.6,151.5,235.1,276.8,320.6,481.1,368.2,257.9,43.9,29.7,2396.1,41.7,576.2,1446.7,331.5,1726.6999999999998,-16.215903167892503,Normal,1974.7,,,,
Arunachal Pradesh,1953,56.4,106.9,236.0,214.9,314.9,409.9,512.5,245.3,449.8,,10.4,23.4,,163.3,765.8,1617.5,,1726.6999999999998,-6.32420223547807,Normal,1446.7,-528.0,,,
Arunachal Pradesh,1957,,,,246.9,448.9,608.1,1219.4,542.6,505.8,146.6,17.1,40.6,,,,2875.9,204.3,1726.6999999999998,66.55469971622172,Large Excess,,,,,
Arunachal Pradesh,1958,98.4,67.5,32.9,138.5,698.6,511.2,457.7,1664.6,705.2,669.4,2.5,17.0,5063.5,165.9,870.0,3338.7,688.9,1726.6999999999998,93.3572710951526,Large Excess,2875.9,,,,
Arunachal Pradesh,1959,83.2,137.9,104.5,146.4,671.8,812.9,1137.7,333.2,508.8,247.0,12.1,0.0,4195.5,221.1,922.7,2792.6,259.1,1726.6999999999998,61.73046852377369,Large Excess,3338.7,462.7999999999997,,,
Arunachal Pradesh,1960,8.0,26.8,53.2,137.1,210.7,653.9,1296.8,251.3,1034.8,13.0,13.4,10.4,3709.4,34.8,401.0,3236.8,36.8,1726.6999999999998,87.45584062083746,Large Excess,2792.6,-546.0999999999999,3002.4,,
Arunachal Pradesh,1961,50.0,204.2,289.6,181.0,492.3,595.5,738.3,547.9,256.2,260.5,57.1,3.9,3676.5,254.2,962.9,2137.9,321.5,1726.6999999999998,23.81421208084788,Excess,3236.8,444.2000000000003,3122.7000000000003,,
Arunachal Pradesh,1962,37.2,87.1,45.1,250.3,601.9,1088.8,758.1,1405.9,222.4,255.6,,,,124.3,897.3,3475.2,,1726.6999999999998,101.26252388950022,Large Excess,2137.9,-1098.9,2722.433333333333,2876.38,16.45436912569034
Arunachal Pradesh,1963,14.6,35.2,168.6,262.6,346.4,755.4,817.4,1199.3,366.4,136.4,20.0,15.7,4138.0,49.8,777.6,3138.5,172.1,1726.6999999999998,81.76290033010947,Large Excess,3475.2,1337.2999999999997,2949.9666666666667,2996.2400000000002,18.148598345835705
Arunachal Pradesh,1964,55.4,90.3,81.1,219.7,286.4,1432.8,1506.1,492.1,465.1,246.2,12.2,71.9,4959.3,145.7,587.2,3896.1,330.3,1726.6999999999998,125.6385011872358,Large Excess,3138.5,-336.6999999999998,2917.2000000000003,2956.2,17.55849340254273
Arunachal Pradesh,1965,37.4,120.7,103.7,254.4,306.9,404.7,315.8,351.3,172.9,51.5,72.6,4.9,2196.8,158.1,665.0,1244.7,129.0,1726.6999999999998,-27.91451902472924,Deficient,3896.1,757.5999999999999,3503.2666666666664,3176.9,20.46513050785745
Arunachal Pradesh,1966,22.4,91.5,98.4,180.2,177.9,473.2,432.7,411.6,197.6,78.9,39.0,6.3,2209.6,113.8,456.5,1515.1,124.2,1726.6999999999998,-12.254589679735908,Normal,1244.7,-2651.3999999999996,2759.7666666666664,2778.48,38.708760229098395
Arunachal Pradesh,1967,13.3,45.5,147.9,96.6,164.0,253.1,434.5,220.8,212.8,58.5,10.0,11.5,1668.5,58.8,408.5,1121.2,80.0,1726.6999999999998,-35.06689060056755,Deficient,1515.1,270.39999999999986,2218.633333333333,2653.92,45.11845877206438
Arunachal Pradesh,1968,54.2,41.4,135.9,117.6,307.2,510.1,404.8,227.5,243.5,75.8,12.5,8.4,2139.0,95.7,560.7,1385.9,96.8,1726.6999999999998,-19.737070712920588,Normal,1121.2,-393.89999999999986,1293.6666666666667,2183.12,57.49341414497178
Arunachal Pradesh,1969,19.2,10.0,33.8,127.0,202.3,412.3,405.1,333.9,241.4,42.9,34.8,15.1,1877.7,29.2,363.1,1392.7,92.8,1726.6999999999998,-19.34325592170034,Normal,1385.9,264.70000000000005,1340.7333333333333,1832.6,63.46069123243863
Arunachal Pradesh,1970,49.2,78.8,57.4,108.8,213.4,409.6,377.9,245.4,287.4,138.6,6.9,0.0,1973.4,128.0,379.7,1320.2,145.5,1726.6999999999998,-23.5420165633868,Deficient,1392.7,6.7999999999999545,1299.9333333333334,1331.92,11.397096238208402
Arunachal Pradesh,1971,56.0,67.8,47.1,121.8,222.4,446.0,385.5,288.2,239.6,235.1,67.8,7.3,2184.5,123.8,391.3,1359.3,310.2,1726.6999999999998,-21.277581513870384,Deficient,1320.2,-72.5,1366.2666666666667,1347.02,10.730092367025792
Arunachal Pradesh,1972,39.2,114.2,108.3,231.5,299.5,314.4,438.3,270.7,334.5,83.3,25.9,21.5,2281.3,153.5,639.3,1357.9,130.7,1726.6999999999998,-21.35866102970984,Deficient,1359.3,39.09999999999991,1357.3999999999999,1315.8600000000001,8.54813756228728
Arunachal Pradesh,1973,136.4,147.1,82.3,215.3,256.5,571.1,284.8,271.3,258.3,110.2,88.9,35.4,2457.5,283.5,554.0,1385.5,234.4,1726.6999999999998,-19.76023628887473,Normal,1357.9,-1.3999999999998636,1345.8000000000002,1363.2,2.099927506219989
Arunachal Pradesh,1974,130.9,95.4,127.8,272.6,248.3,466.7,648.9,446.8,461.2,121.1,14.0,30.3,3063.9,226.3,648.7,2023.5,165.4,1726.6999999999998,17.188857357966075,Normal,1385.5,27.59999999999991,1367.5666666666666,1363.1200000000001,2.094266399992325
Arunachal Pradesh,1975,17.3,76.9,101.7,165.1,188.0,268.5,427.0,185.2,297.0,451.6,21.5,13.6,2213.3,94.2,454.8,1177.7,486.6,1726.6999999999998,-31.794752997046377,Deficient,2023.5,638.0,1588.9666666666665,1489.28,20.11329898349382
Arunachal Pradesh,1976,8.9,112.9,168.0,229.3,210.7,506.3,375.4,357.4,177.5,139.7,87.9,45.6,2419.5,121.8,608.0,1416.7,273.1,1726.6999999999998,-17.953321364452414,Normal,1177.7,-845.8,1528.9000000000003,1460.78,22.27043174065817
Arunachal Pradesh,1977,71.2,133.5,209.3,560.2,417.8,543.5,484.7,610.1,311.9,213.5,141.0,77.7,3774.3,204.6,1187.3,1950.2,432.2,1726.6999999999998,12.94376556437136,Normal,1416.7,239.0,1539.3000000000002,1472.26,21.86025894691358
Arunachal Pradesh,1978,37.1,82.2,150.6,216.4,345.6,577.2,357.5,172.4,310.4,133.0,146.1,2.5,2531.0,119.3,712.6,1417.4,281.6,1726.6999999999998,-17.91278160653268,Normal,1950.2,533.5,1514.8666666666668,1590.72,23.511452655187743
Arunachal Pradesh,1979,47.4,81.6,138.2,158.8,210.3,239.4,665.4,296.9,417.5,409.6,27.4,81.2,2773.6,129.0,507.2,1619.2,518.3,1726.6999999999998,-6.225748537673005,Normal,1417.4,-532.8,1594.7666666666667,1597.1,23.15914480979482
Arunachal Pradesh,1980,65.6,130.4,251.4,372.0,245.5,530.9,514.1,544.7,367.4,185.4,7.8,0.2,3215.3,195.9,868.9,1957.1,193.3,1726.6999999999998,13.343371749580127,Normal,1619.2,201.79999999999995,1662.2666666666667,1516.2400000000002,19.035328326025883
Arunachal Pradesh,1981,93.1,136.1,255.2,197.4,285.0,494.9,549.3,360.6,262.6,71.8,29.3,55.5,2790.9,229.2,737.6,1667.4,156.7,1726.6999999999998,-3.434296635200077,Normal,1957.1,337.89999999999986,1664.5666666666666,1672.1200000000001,16.143407996851707
Arunachal Pradesh,1982,6.4,100.4,151.2,335.3,241.4,429.8,593.0,197.0,526.6,82.3,53.8,62.2,2779.5,106.8,727.9,1746.4,198.3,1726.6999999999998,1.1409046157410248,Normal,1667.4,-289.6999999999998,1747.8999999999999,1722.2599999999998,13.41993002224556
Arunachal Pradesh,1983,65.4,171.1,217.6,351.2,301.9,551.0,563.2,389.9,476.4,191.7,14.9,40.8,3335.3,236.5,870.7,1980.6,247.4,1726.6999999999998,14.704349336885397,Normal,1746.4,79.0,1790.3000000000002,1681.5,11.668855119223243
Arunachal Pradesh,1984,98.1,42.8,166.9,389.3,448.7,417.3,671.0,309.2,455.5,184.1,5.7,89.5,3278.0,140.8,1004.9,1853.0,279.3,1726.6999999999998,7.31453060751724,Normal,1980.6,234.19999999999982,1798.1333333333332,1794.14,9.254250354981115
Arunachal Pradesh,1985,54.1,81.0,255.6,347.1,345.5,506.0,657.8,326.3,502.2,116.6,25.4,48.8,3266.2,135.0,948.2,1992.2,190.7,1726.6999999999998,15.376151039555236,Normal,1853.0,-127.59999999999991,1860.0,1840.9,7.297947013469912
Arunachal Pradesh,1986,19.3,90.1,122.8,335.3,101.8,402.5,453.7,355.3,387.6,176.6,36.6,14.0,2495.6,109.5,559.8,1599.1,227.2,1726.6999999999998,-7.389818729368154,Normal,1992.2,139.20000000000005,1941.9333333333332,1847.92,7.716843476176092
Arunachal Pradesh,1987,3.7,72.5,147.7,352.0,230.8,501.5,754.9,558.8,646.6,101.1,24.1,39.6,3433.2,76.2,730.4,2461.9,164.8,1726.6999999999998,42.578328603694935,Excess,1599.1,-393.10000000000014,1814.7666666666667,1834.2599999999998,9.029719020937897
Arunachal Pradesh,1988,50.9,118.3,250.7,278.9,535.9,287.0,868.1,815.6,486.3,416.4,34.2,13.1,4155.3,169.2,1065.4,2457.0,463.6,1726.6999999999998,42.29455029825681,Excess,2461.9,862.8000000000002,2017.7333333333336,1977.36,15.863075925362436
Arunachal Pradesh,1989,52.6,171.9,92.9,388.7,239.7,484.2,640.7,305.3,526.5,281.7,77.9,19.6,3281.6,224.5,721.2,1956.8,379.1,1726.6999999999998,13.325997567614534,Normal,2457.0,-4.900000000000091,2172.6666666666665,2072.6400000000003,18.343758822136166
Arunachal Pradesh,1990,54.8,112.4,149.0,289.9,366.2,857.2,534.0,352.8,625.5,240.6,2.0,19.7,3604.0,167.2,805.1,2369.5,262.3,1726.6999999999998,37.2270805582904,Excess,1956.8,-500.20000000000005,2291.9,2093.4,17.57150643802482
Arunachal Pradesh,1991,24.9,86.0,110.7,193.3,423.7,608.3,607.7,603.4,484.5,189.0,22.2,80.8,3434.4,110.9,727.7,2303.9,291.9,1726.6999999999998,33.42792610181273,Excess,2369.5,412.70000000000005,2261.1,2168.8599999999997,17.53814944896101
Arunachal Pradesh,1992,33.2,128.9,184.6,196.4,239.2,522.9,557.2,294.3,328.2,201.5,11.5,8.9,2707.0,162.1,620.3,1702.7,221.8,1726.6999999999998,-1.3899345572479165,Normal,2303.9,-65.59999999999991,2210.066666666667,2309.82,9.003837653413283
Arunachal Pradesh,1993,95.7,125.4,134.4,130.6,408.3,569.5,619.2,691.9,323.1,228.6,14.7,7.5,3348.9,221.1,673.3,2203.7,250.8,1726.6999999999998,27.624949325302605,Excess,1702.7,-601.2,2125.366666666667,2157.9800000000005,14.712369675249871
Arunachal Pradesh,1994,48.2,72.6,215.3,232.1,382.9,416.1,233.0,280.2,225.0,161.6,14.1,6.2,2287.4,120.8,830.3,1154.4,181.9,1726.6999999999998,-33.144147796374575,Deficient,2203.7,500.9999999999998,2070.1,2107.3200000000006,13.061495664341075
Arunachal Pradesh,1995,20.6,79.9,84.3,198.8,363.9,686.9,714.5,328.8,425.1,82.4,51.0,32.6,3068.8,100.5,647.1,2155.2,166.0,1726.6999999999998,24.81612324086408,Excess,1154.4,-1049.2999999999997,1686.9333333333334,1946.8400000000001,26.43785805694297
Arunachal Pradesh,1996,35.7,56.2,163.6,171.4,398.2,316.2,593.0,372.1,191.2,212.5,9.1,1.4,2520.5,91.8,733.1,1472.5,223.0,1726.6999999999998,-14.72172351885098,Normal,2155.2,1000.7999999999997,1837.7666666666667,1903.98,25.123530412407487
Arunachal Pradesh,1997,26.2,68.5,158.5,94.7,212.6,548.0,395.2,237.0,403.5,58.5,45.9,26.3,2274.9,94.6,465.8,1583.7,130.7,1726.6999999999998,-8.281693403602235,Normal,1472.5,-682.6999999999998,1594.0333333333335,1737.7,25.788287977852796
Arunachal Pradesh,1998,26.7,78.8,193.6,125.0,275.0,839.8,823.8,807.0,236.8,187.2,20.5,2.5,3616.7,105.6,593.6,2707.4,210.2,1726.6999999999998,56.796200845543545,Excess,1583.7,111.20000000000005,1737.1333333333334,1713.9,26.464413488799703
Arunachal Pradesh,1999,7.9,6.1,40.4,159.6,343.2,450.0,376.9,438.1,254.0,207.9,28.3,4.3,2316.6,14.0,543.2,1519.0,240.4,1726.6999999999998,-12.028725314183117,Normal,2707.4,1123.7,1921.2,1814.64,33.9627564110571
Arunachal Pradesh,2000,54.1,47.1,139.9,293.8,267.2,459.8,395.4,387.4,407.4,81.3,53.9,9.6,2596.8,101.2,700.8,1650.0,144.8,1726.6999999999998,-4.441999189204831,Normal,1519.0,-1188.4,1936.7,1887.56,28.334939706322725
Arunachal Pradesh,2001,53.1,66.6,134.9,229.9,195.6,277.2,302.6,279.9,288.1,173.8,19.3,14.9,2036.0,119.7,560.5,1147.8,208.0,1726.6999999999998,-33.526379799617764,Deficient,1650.0,131.0,1958.8000000000002,1786.5199999999998,29.057971101594394
Arunachal Pradesh,2002,74.2,37.2,126.3,248.2,197.1,396.8,604.0,290.7,257.9,94.0,45.0,17.9,2389.2,111.4,571.6,1549.4,156.9,1726.6999999999998,-10.268141541669063,Normal,1147.8,-502.20000000000005,1438.9333333333334,1721.58,33.94735526195573
Arunachal Pradesh,2003,22.9,83.2,109.6,182.0,173.5,424.3,645.3,327.2,259.9,182.6,25.0,16.2,2451.8,106.1,465.2,1656.6,223.9,1726.6999999999998,-4.059767185961656,Normal,1549.4,401.60000000000014,1449.0666666666666,1714.72,34.212640941986265
Arunachal Pradesh,2004,38.0,39.1,175.5,210.2,298.7,402.9,654.3,243.0,278.5,184.8,5.6,15.2,2545.7,77.1,684.3,1578.7,205.6,1726.6999999999998,-8.571263103028887,Normal,1656.6,107.19999999999982,1451.2666666666667,1504.56,13.8529617432114
Arunachal Pradesh,2005,48.4,167.6,229.5,195.3,179.8,269.3,430.8,400.0,243.6,139.3,28.6,3.3,2335.5,216.0,604.6,1343.7,171.2,1726.6999999999998,-22.18103897608153,Deficient,1578.7,-77.89999999999986,1594.8999999999999,1516.5,13.923660711672042
Arunachal Pradesh,2006,6.0,103.7,63.3,202.7,321.7,520.4,382.2,227.6,263.2,77.2,69.7,21.7,2259.6,109.7,587.7,1393.5,168.7,1726.6999999999998,-19.29692476979208,Normal,1343.7,-235.0,1526.3333333333333,1455.24,14.233536381945042
Arunachal Pradesh,2007,13.4,97.4,48.1,292.4,250.4,530.2,761.0,364.6,529.3,102.6,24.3,6.9,3020.7,110.8,590.9,2185.1,133.9,1726.6999999999998,26.547750043435464,Excess,1393.5,49.799999999999955,1438.6333333333332,1504.3799999999999,8.719925680846433
Arunachal Pradesh,2008,76.7,39.7,122.6,192.4,185.0,423.6,456.1,439.3,189.7,115.1,1.7,2.6,2244.4,116.4,499.9,1508.7,119.4,1726.6999999999998,-12.625238895002012,Normal,2185.1,791.5999999999999,1640.7666666666667,1631.52,20.54360095717138
Arunachal Pradesh,2009,18.0,92.8,72.1,132.7,189.9,259.1,329.9,370.3,152.5,82.9,33.9,15.9,1749.9,110.8,394.7,1111.8,132.7,1726.6999999999998,-35.611281635489654,Deficient,1508.7,-676.3999999999999,1695.7666666666667,1601.94,21.156328059149608
Arunachal Pradesh,2010,0.6,13.2,237.8,466.9,312.7,509.9,378.0,321.5,444.2,97.7,58.9,14.2,2855.7,13.9,1017.5,1653.6,170.9,1726.6999999999998,-4.233509005617647,Normal,1111.8,-396.9000000000001,1601.8666666666668,1508.56,26.835386012900408
Arunachal Pradesh,2011,40.0,51.3,174.5,240.8,219.6,288.4,531.4,277.6,286.7,51.9,16.2,15.2,2193.7,91.4,634.9,1384.2,83.3,1726.6999999999998,-19.83552441072565,Normal,1653.6,541.8,1424.7,1570.5400000000002,25.273051580651018
Arunachal Pradesh,2012,57.8,35.8,134.2,403.4,187.4,645.8,638.9,316.0,724.9,248.1,22.0,26.2,3440.3,93.6,724.9,2325.6,296.3,1726.6999999999998,34.684658597324386,Excess,1384.2,-269.39999999999986,1383.2,1568.68,25.37042527632875
Arunachal Pradesh,2013,18.5,40.5,115.1,175.1,335.8,290.0,329.6,230.2,316.1,164.1,13.3,14.6,2042.9,59.0,626.0,1165.9,192.0,1726.6999999999998,-32.478137487693274,Deficient,2325.6,941.3999999999999,1787.8,1596.78,28.39938856912807
Arunachal Pradesh,2014,19.0,101.9,80.3,86.7,299.0,415.8,392.4,599.6,343.0,35.1,20.1,10.2,2403.2,120.9,466.0,1750.8,65.4,1726.6999999999998,1.3957259512364706,Normal,1165.9,-1159.6999999999998,1625.2333333333333,1528.22,32.3386666337715
Arunachal Pradesh,2015,30.8,47.5,97.5,287.1,238.9,637.9,329.3,595.5,374.2,65.2,33.8,29.8,2767.5,78.3,623.5,1936.9,128.8,1726.6999999999998,12.173510163896466,Normal,1750.8,584.8999999999999,1747.4333333333334,1656.02,26.518731576685695
Arunachal Pradesh,2016,29.4,73.2,128.4,333.1,278.9,379.4,620.1,145.7,532.9,172.7,8.4,4.6,2706.9,102.6,740.4,1678.2,185.7,1726.6999999999998,-2.808826084438512,Normal,1936.9,186.10000000000014,1617.8666666666666,1712.6799999999998,26.66527634791777
Arunachal Pradesh,2017,8.2,86.2,221.8,348.2,257.1,370.8,437.8,456.4,318.6,227.1,9.9,3.4,2745.3,94.4,827.0,1583.5,240.3,1726.6999999999998,-8.293276191579304,Normal,1678.2,-258.70000000000005,1788.6333333333332,1771.48,23.78729681105816
Assam & Meghalaya,1901,27.1,19.5,30.6,223.0,207.0,524.9,430.6,464.1,291.4,163.7,115.6,1.2,2498.6,46.6,460.5,1710.9,280.5,1685.0042553191488,1.53683556579188,Normal,,,,,
Assam & Meghalaya,1902,9.3,10.2,105.6,350.0,262.1,620.7,510.8,536.0,441.3,97.0,7.8,1.3,2952.1,19.4,717.6,2108.9,106.2,1685.0042553191488,25.15695395680548,Excess,1710.9,,,,
Assam & Meghalaya,1903,19.9,25.4,103.6,140.6,206.6,607.4,362.7,551.9,306.4,159.5,59.3,1.3,2544.7,45.4,450.8,1828.5,220.1,1685.0042553191488,8.516046427056194,Normal,2108.9,398.0,,,
Assam & Meghalaya,1904,11.1,56.1,51.9,457.1,375.2,385.7,477.6,438.8,245.9,115.9,46.4,2.5,2664.1,67.1,884.2,1548.0,164.8,1685.0042553191488,-8.130795805806406,Normal,1828.5,-280.4000000000001,1882.7666666666667,,
Assam & Meghalaya,1905,19.9,16.9,137.9,213.0,275.5,521.7,439.1,649.1,276.0,200.0,16.8,24.8,2790.6,36.8,626.3,1886.0,241.6,1685.0042553191488,11.928500717215194,Normal,1548.0,-280.5,1828.4666666666665,,
Assam & Meghalaya,1906,9.7,59.2,88.4,263.5,271.3,388.4,541.8,585.9,264.2,165.7,24.9,0.2,2663.4,68.9,623.3,1780.4,190.8,1685.0042553191488,5.66145422954928,Normal,1886.0,338.0,1754.1666666666667,1816.4599999999998,11.472645939588475
Assam & Meghalaya,1907,55.8,37.2,109.7,254.8,213.7,509.8,578.9,304.2,401.0,37.6,4.8,13.8,2521.1,93.0,578.1,1793.8,56.2,1685.0042553191488,6.456704446734152,Normal,1780.4,-105.59999999999991,1738.1333333333332,1830.3600000000001,11.025627701593608
Assam & Meghalaya,1908,16.2,25.1,20.7,176.6,332.7,390.8,477.2,339.4,403.4,91.9,3.8,0.0,2277.8,41.3,530.0,1610.8,95.7,1685.0042553191488,-4.403802250641448,Normal,1793.8,13.399999999999864,1820.0666666666666,1767.3400000000001,7.312113326247628
Assam & Meghalaya,1909,19.0,8.9,4.4,195.0,310.4,639.4,345.0,445.2,216.4,162.4,24.6,6.3,2377.0,27.9,509.8,1646.0,193.3,1685.0042553191488,-2.3147867547528054,Normal,1610.8,-183.0,1728.3333333333333,1723.8,8.10536558836822
Assam & Meghalaya,1910,9.2,32.1,152.8,211.5,274.6,582.5,738.3,418.3,247.8,199.7,16.2,4.3,2887.3,41.3,638.9,1986.9,220.2,1685.0042553191488,17.91661615855508,Normal,1646.0,35.200000000000045,1683.5333333333335,1743.4,6.496635902257314
Assam & Meghalaya,1911,74.2,19.0,93.0,234.0,431.7,534.0,618.6,417.1,387.8,257.4,26.3,3.0,3096.2,93.2,758.7,1957.5,286.8,1685.0042553191488,16.171813443238996,Normal,1986.9,340.9000000000001,1747.8999999999999,1763.58,8.42160200568502
Assam & Meghalaya,1912,9.0,57.8,126.1,301.0,250.2,482.7,567.0,453.4,236.8,181.5,68.4,9.5,2743.5,66.8,677.4,1739.9,259.5,1685.0042553191488,3.25789946865468,Normal,1957.5,-29.40000000000009,1863.4666666666665,1799.0,9.59908481045769
Assam & Meghalaya,1913,11.9,90.2,118.4,334.2,392.3,458.6,438.0,354.0,279.2,227.7,10.4,45.6,2760.5,102.2,844.9,1529.7,283.7,1685.0042553191488,-9.216846475543962,Normal,1739.9,-217.5999999999999,1894.7666666666667,1788.22,9.773024238542707
Assam & Meghalaya,1914,6.3,79.1,69.9,219.6,317.9,403.9,396.4,472.9,292.3,67.6,10.6,7.4,2343.8,85.5,607.4,1565.4,85.6,1685.0042553191488,-7.09815746408872,Normal,1529.7,-210.20000000000005,1742.3666666666668,1772.0,11.15213112535396
Assam & Meghalaya,1915,9.3,58.9,74.4,201.9,662.9,509.1,738.2,529.1,258.8,108.2,10.0,4.4,3165.1,68.2,939.2,2035.1,122.6,1685.0042553191488,20.77714305917531,Excess,1565.4,35.700000000000045,1611.6666666666667,1755.8799999999999,12.138696492835042
Assam & Meghalaya,1916,20.0,28.0,118.4,227.9,340.6,367.3,475.3,430.7,308.8,244.9,32.8,6.3,2601.1,48.0,686.9,1582.1,284.0,1685.0042553191488,-6.10706204416429,Normal,2035.1,469.6999999999998,1710.0666666666666,1765.52,12.848951833643888
Assam & Meghalaya,1917,12.8,91.6,38.7,168.8,206.2,584.7,472.8,346.3,313.7,236.6,46.4,1.4,2519.9,104.4,413.6,1717.4,284.4,1685.0042553191488,1.92259126815768,Normal,1582.1,-453.0,1727.5333333333335,1690.44,12.353830484629952
Assam & Meghalaya,1918,4.6,16.1,125.5,152.2,287.4,659.4,805.0,604.8,373.2,70.7,6.8,1.1,3106.8,20.7,565.1,2442.5,78.6,1685.0042553191488,44.955123542840994,Excess,1717.4,135.30000000000018,1778.1999999999998,1685.94,12.32199443849478
Assam & Meghalaya,1919,13.1,12.4,22.6,162.1,266.9,485.5,459.0,249.1,441.6,185.7,42.5,3.6,2344.2,25.5,451.6,1635.3,231.9,1685.0042553191488,-2.949799987878048,Normal,2442.5,725.0999999999999,1914.0,1868.5,19.91659365103158
Assam & Meghalaya,1920,4.8,51.0,228.1,184.8,282.7,523.8,309.8,521.5,382.6,129.5,3.3,1.8,2623.6,55.8,695.6,1737.6,134.6,1685.0042553191488,3.121401297048309,Normal,1635.3,-807.2,1931.7333333333333,1882.48,19.070010049694
Assam & Meghalaya,1921,35.1,20.3,134.1,324.6,414.8,604.9,542.2,429.4,333.2,142.1,8.5,10.3,2999.7,55.4,873.6,1909.8,160.9,1685.0042553191488,13.34096005818535,Normal,1737.6,102.29999999999995,1938.4666666666665,1822.98,19.306566764180385
Assam & Meghalaya,1922,16.6,4.9,77.8,168.7,233.1,548.9,418.4,379.4,265.6,129.9,9.3,9.4,2261.9,21.4,479.6,1612.3,148.7,1685.0042553191488,-4.314781703941647,Normal,1909.8,172.20000000000005,1760.8999999999999,1888.5199999999998,17.23012497236292
Assam & Meghalaya,1923,0.4,59.6,17.1,258.1,397.8,588.6,375.4,267.2,360.9,98.2,11.2,5.9,2440.6,60.0,673.0,1592.1,115.4,1685.0042553191488,-5.513591732832291,Normal,1612.3,-297.5,1753.2333333333333,1867.5,18.322570181282547
Assam & Meghalaya,1924,10.6,22.7,20.0,221.9,299.4,473.9,609.0,434.0,346.0,127.0,126.9,0.2,2691.4,33.3,541.3,1862.8,254.0,1685.0042553191488,10.551649594924951,Normal,1592.1,-20.200000000000045,1704.7333333333333,1697.42,7.732887482066299
Assam & Meghalaya,1925,26.4,21.5,53.8,278.3,602.2,330.8,411.1,400.7,322.3,89.5,13.7,0.2,2550.5,47.9,934.2,1465.0,103.4,1685.0042553191488,-13.056599389862006,Normal,1862.8,270.70000000000005,1689.0666666666666,1742.9199999999996,8.217687002716556
Assam & Meghalaya,1926,23.4,23.2,156.9,140.8,253.9,559.3,576.5,354.7,189.2,193.7,6.4,33.6,2511.7,46.6,551.6,1679.7,233.8,1685.0042553191488,-0.3147918055639626,Normal,1465.0,-397.79999999999995,1639.9666666666665,1688.4,11.253482740673245
Assam & Meghalaya,1927,33.8,60.5,66.0,265.2,238.4,573.9,447.7,366.4,549.8,161.2,29.8,0.2,2793.1,94.3,569.7,1937.9,191.2,1685.0042553191488,15.00861163302828,Normal,1679.7,214.70000000000005,1669.1666666666667,1642.3799999999999,8.86920064153624
Assam & Meghalaya,1928,8.3,21.1,61.0,138.9,446.5,420.6,428.1,448.2,343.5,294.8,21.6,1.5,2634.3,29.4,646.4,1640.5,317.9,1685.0042553191488,-2.6411954259854054,Normal,1937.9,258.20000000000005,1694.2,1707.5,11.344816301753315
Assam & Meghalaya,1929,83.9,3.8,84.1,321.7,570.2,643.4,385.0,333.2,292.8,196.0,17.6,22.1,2953.8,87.7,976.0,1654.4,235.7,1685.0042553191488,-1.81627169323392,Normal,1640.5,-297.4000000000001,1752.7,1717.1799999999998,10.925927875824112
Assam & Meghalaya,1930,18.0,41.0,99.8,199.4,209.8,686.9,287.8,438.5,299.1,149.9,114.4,6.2,2550.7,59.0,509.0,1712.4,270.4,1685.0042553191488,1.62585611249168,Normal,1654.4,13.900000000000091,1744.2666666666667,1675.5,10.11333954808032
Assam & Meghalaya,1931,7.6,29.2,47.6,294.7,374.0,605.6,654.6,282.0,330.2,136.7,21.6,16.3,2800.1,36.7,716.3,1872.4,174.7,1685.0042553191488,11.12138109380368,Normal,1712.4,58.0,1669.1000000000001,1724.98,7.080018030637319
Assam & Meghalaya,1932,14.9,36.7,59.1,163.2,488.6,628.5,454.6,467.3,355.8,108.4,90.9,20.6,2888.7,51.5,711.0,1906.3,219.9,1685.0042553191488,13.133245449219151,Normal,1872.4,160.0,1746.3999999999999,1763.52,7.603388326654165
Assam & Meghalaya,1933,10.3,29.0,16.7,214.4,286.7,477.2,427.1,501.7,243.1,122.1,8.1,2.7,2339.1,39.2,517.7,1649.2,132.9,1685.0042553191488,-2.1248762551265625,Normal,1906.3,33.899999999999864,1830.3666666666668,1757.2,7.067665325602913
Assam & Meghalaya,1934,18.5,68.2,27.1,301.2,444.6,754.5,553.2,361.8,246.8,232.8,59.8,6.3,3074.9,86.8,773.0,1916.3,298.9,1685.0042553191488,13.72671576055115,Normal,1649.2,-257.0999999999999,1809.3,1758.94,6.947030580570611
Assam & Meghalaya,1935,3.4,53.2,66.5,122.1,381.5,696.9,395.2,573.9,335.0,28.1,19.8,2.9,2678.4,56.6,570.1,2001.0,50.8,1685.0042553191488,18.753409297533192,Normal,1916.3,267.0999999999999,1823.9333333333334,1811.3200000000002,6.752640340272463
Assam & Meghalaya,1936,13.6,58.7,75.7,217.8,422.8,456.1,559.9,356.4,283.5,179.6,24.0,23.2,2671.3,72.2,716.3,1655.9,226.8,1685.0042553191488,-1.7272511465341196,Normal,2001.0,84.70000000000005,1855.5,1869.0400000000002,7.046226101053598
Assam & Meghalaya,1937,2.2,51.1,19.3,97.4,406.6,422.5,409.2,480.5,278.1,139.3,13.5,4.9,2324.6,53.3,523.4,1590.3,157.6,1685.0042553191488,-5.620416388872048,Normal,1655.9,-345.0999999999999,1857.7333333333336,1825.7400000000002,8.891820958225773
Assam & Meghalaya,1938,27.2,16.2,138.0,202.0,247.3,581.0,510.6,435.2,431.4,141.8,55.2,0.6,2786.5,43.4,587.3,1958.2,197.6,1685.0042553191488,16.213356365032237,Normal,1590.3,-65.60000000000014,1749.0666666666666,1762.5400000000002,10.399547770123506
Assam & Meghalaya,1939,1.5,33.6,11.2,178.3,349.6,533.7,484.9,224.9,389.0,190.1,2.8,1.9,2401.6,35.1,539.2,1632.5,194.9,1685.0042553191488,-3.115971675051005,Normal,1958.2,367.9000000000001,1734.8,1824.3400000000001,10.28154957092362
Assam & Meghalaya,1940,1.5,57.9,180.8,72.6,391.9,500.5,435.4,330.8,353.7,98.1,19.0,9.5,2451.6,59.4,645.3,1620.3,126.6,1685.0042553191488,-3.840005454876048,Normal,1632.5,-325.70000000000005,1727.0,1767.58,11.063470265612581
Assam & Meghalaya,1941,4.5,32.7,53.8,245.1,522.4,541.7,409.4,361.8,368.1,143.3,16.7,9.9,2709.5,37.2,821.2,1681.0,170.0,1685.0042553191488,-0.2376406650908053,Normal,1620.3,-12.200000000000045,1737.0,1691.44,8.926526930265108
Assam & Meghalaya,1942,7.4,25.3,130.9,233.5,469.1,618.8,332.9,328.8,462.9,40.0,27.5,0.0,2677.0,32.7,833.5,1743.4,67.5,1685.0042553191488,3.46561407762088,Normal,1681.0,60.700000000000045,1644.6000000000001,1696.4600000000003,8.837421674300296
Assam & Meghalaya,1943,54.4,34.1,170.6,247.7,406.6,513.3,391.9,417.9,365.0,86.7,9.4,6.2,2703.7,88.4,824.9,1688.1,102.3,1685.0042553191488,0.1837232559549092,Normal,1743.4,62.40000000000009,1681.5666666666666,1727.08,7.989185521661228
Assam & Meghalaya,1944,39.2,21.3,62.9,139.0,518.0,490.6,386.9,304.1,455.6,89.7,7.2,9.9,2524.3,60.4,719.9,1637.2,106.8,1685.0042553191488,-2.8370406287249623,Normal,1688.1,-55.30000000000018,1704.1666666666667,1673.06,2.938156768312457
Assam & Meghalaya,1945,37.0,39.7,67.5,139.5,396.5,500.5,507.7,493.5,283.2,196.6,1.1,2.9,2665.7,76.7,603.5,1785.0,200.5,1685.0042553191488,5.934450572761994,Normal,1637.2,-50.899999999999864,1689.5666666666666,1674.0,2.8807465647594817
Assam & Meghalaya,1946,0.4,19.4,102.6,178.5,328.0,582.6,547.0,297.9,266.8,346.3,8.6,1.4,2679.5,19.8,609.2,1694.2,356.4,1685.0042553191488,0.5457401458674374,Normal,1785.0,147.79999999999995,1703.4333333333334,1706.94,3.3799412886420974
Assam & Meghalaya,1947,3.9,9.0,83.9,243.4,380.2,486.4,570.8,285.0,362.3,202.2,3.0,13.1,2643.3,12.9,707.6,1704.6,218.3,1685.0042553191488,1.162949269652709,Normal,1694.2,-90.79999999999995,1705.4666666666665,1709.58,3.3048752748237473
Assam & Meghalaya,1948,10.1,42.4,59.5,260.4,681.2,599.4,534.8,448.3,314.4,176.6,50.6,7.8,3185.4,52.5,1001.1,1896.8,234.9,1685.0042553191488,12.569448653453753,Normal,1704.6,10.399999999999864,1727.9333333333334,1701.8200000000002,3.129890971555698
Assam & Meghalaya,1949,22.9,23.1,76.0,371.0,335.9,683.4,444.1,461.9,392.6,148.3,13.0,11.1,2983.4,45.9,782.9,1982.1,172.4,1685.0042553191488,17.63175040911571,Normal,1896.8,192.20000000000005,1765.2,1743.56,5.768740369239847
Assam & Meghalaya,1950,21.2,51.2,93.5,112.9,282.1,562.0,389.5,490.9,200.7,134.6,49.9,3.9,2392.4,72.5,488.5,1643.1,188.4,1685.0042553191488,-2.4868931450390908,Normal,1982.1,85.29999999999995,1861.1666666666667,1812.5399999999997,6.88337742382326
Assam & Meghalaya,1951,4.9,3.3,53.5,242.9,250.4,588.8,550.5,387.4,209.7,270.5,46.2,5.8,2613.8,8.2,546.9,1736.3,322.5,1685.0042553191488,3.044250156575152,Normal,1643.1,-339.0,1840.6666666666667,1784.1599999999999,8.227368464345957
Assam & Meghalaya,1952,4.4,10.4,107.5,155.9,465.6,399.9,573.9,467.6,343.7,277.1,43.2,2.1,2851.3,14.8,729.0,1785.2,322.4,1685.0042553191488,5.946319978988638,Normal,1736.3,93.20000000000005,1787.1666666666667,1792.58,7.890832525357433
Assam & Meghalaya,1953,18.0,13.3,227.3,157.4,377.7,405.5,461.9,284.5,451.5,144.0,5.8,13.1,2559.9,31.3,762.4,1603.4,162.9,1685.0042553191488,-4.842970281027119,Normal,1785.2,48.90000000000009,1721.5333333333335,1808.7,7.3684294890480215
Assam & Meghalaya,1954,22.0,45.7,40.6,266.0,490.3,594.3,572.2,427.3,218.8,155.5,2.0,24.5,2859.1,67.6,796.9,1812.6,182.0,1685.0042553191488,7.572428632038308,Normal,1603.4,-181.79999999999995,1708.3,1750.02,8.485968811084756
Assam & Meghalaya,1955,9.2,9.5,143.5,210.2,328.8,546.5,567.0,415.8,283.3,149.3,89.6,8.5,2761.2,18.7,682.5,1812.6,247.4,1685.0042553191488,7.572428632038308,Normal,1812.6,209.19999999999982,1733.7333333333333,1716.1199999999997,5.2545265969231005
Assam & Meghalaya,1956,29.8,3.2,121.7,204.8,533.5,712.4,440.3,382.1,171.9,149.3,44.3,9.6,2802.9,33.0,859.9,1706.7,203.3,1685.0042553191488,1.2875780350324373,Normal,1812.6,0.0,1742.8666666666668,1750.02,5.010609561854724
Assam & Meghalaya,1957,66.9,33.5,20.1,136.0,449.2,446.0,407.2,366.6,208.7,99.9,12.2,10.7,2257.2,100.4,605.4,1428.6,122.8,1685.0042553191488,-15.21683132311049,Normal,1706.7,-105.89999999999986,1777.3,1744.1,5.149808818571203
Assam & Meghalaya,1958,18.8,44.2,10.3,192.4,545.2,393.2,361.1,546.9,278.7,212.4,4.6,18.7,2626.4,63.0,747.9,1579.8,235.7,1685.0042553191488,-6.243560215770648,Normal,1428.6,-278.10000000000014,1649.3,1672.78,9.67115071998327
Assam & Meghalaya,1959,30.8,45.6,109.9,144.1,470.6,517.6,364.2,255.9,286.8,301.7,8.3,0.2,2535.8,76.4,724.6,1424.6,310.1,1685.0042553191488,-15.454219447643288,Normal,1579.8,151.20000000000005,1571.7,1668.06,9.869341690051053
Assam & Meghalaya,1960,0.1,11.1,38.7,45.9,315.2,454.8,553.7,349.2,479.4,60.9,29.3,3.9,2342.2,11.2,399.9,1837.0,94.0,1685.0042553191488,9.020496191688396,Normal,1424.6,-155.20000000000005,1477.6666666666667,1590.4599999999998,10.738534133569647
Assam & Meghalaya,1961,11.5,19.7,253.8,123.0,355.8,335.4,352.9,347.4,226.1,128.1,34.8,6.9,2195.3,31.2,732.6,1261.7,169.8,1685.0042553191488,-25.12185081924156,Deficient,1837.0,412.4000000000001,1613.8,1595.3399999999997,11.212843213236722
Assam & Meghalaya,1962,24.9,27.6,17.3,134.7,369.0,601.4,338.8,509.8,137.4,118.2,11.1,5.8,2295.9,52.5,521.1,1587.3,135.0,1685.0042553191488,-5.798457482271648,Normal,1261.7,-575.3,1507.7666666666667,1506.34,14.365572022081336
Assam & Meghalaya,1963,3.3,7.9,51.1,183.3,288.4,596.0,557.3,432.0,211.7,144.1,29.4,7.2,2511.8,11.2,522.8,1797.1,180.7,1685.0042553191488,6.652549649473709,Normal,1587.3,325.5999999999999,1562.0,1538.08,13.898097500149815
Assam & Meghalaya,1964,9.6,22.6,80.7,268.3,297.4,557.9,600.3,340.4,326.3,205.1,8.3,12.8,2729.6,32.2,646.4,1824.8,226.2,1685.0042553191488,8.296462411863352,Normal,1797.1,209.79999999999995,1548.7,1581.54,15.445575993994689
Assam & Meghalaya,1965,5.1,73.6,52.5,158.2,327.1,501.0,399.6,422.1,304.0,82.4,60.8,12.5,2398.9,78.7,537.7,1626.7,155.7,1685.0042553191488,-3.460184455623563,Normal,1824.8,27.700000000000045,1736.3999999999999,1661.58,14.77874423705064
Assam & Meghalaya,1966,20.0,23.6,36.1,164.3,323.7,780.5,507.1,518.2,248.1,124.5,31.8,11.4,2789.3,43.6,524.1,2053.9,167.7,1685.0042553191488,21.89286724447948,Excess,1626.7,-198.0999999999999,1749.5333333333335,1619.52,13.90327097734905
Assam & Meghalaya,1967,11.4,37.3,105.9,112.0,287.5,395.7,497.7,258.9,300.6,97.6,14.5,4.2,2123.4,48.8,505.4,1452.9,116.3,1685.0042553191488,-13.77469846657372,Normal,2053.9,427.20000000000005,1835.1333333333332,1777.9599999999998,10.444405719568156
Assam & Meghalaya,1968,22.9,19.8,78.2,170.8,432.3,595.0,494.1,346.0,231.7,113.8,23.9,2.3,2530.8,42.7,681.3,1666.8,140.0,1685.0042553191488,-1.080368507182248,Normal,1452.9,-601.0,1711.1666666666667,1751.0800000000004,12.885144674932686
Assam & Meghalaya,1969,27.4,1.8,99.7,178.7,254.1,567.2,461.1,446.7,185.4,80.9,27.5,1.8,2332.2,29.2,532.4,1660.3,110.2,1685.0042553191488,-1.466124209548048,Normal,1666.8,213.89999999999986,1724.5333333333335,1725.02,13.13075564346377
Assam & Meghalaya,1970,47.0,35.8,89.7,204.8,493.4,658.3,475.3,389.2,390.7,246.4,17.8,0.1,3048.4,82.8,787.9,1913.5,264.3,1685.0042553191488,13.560544073378194,Normal,1660.3,-6.5,1593.3333333333333,1692.1200000000001,13.016354460943255
Assam & Meghalaya,1971,36.9,18.4,37.6,142.9,236.3,437.1,407.9,474.8,231.6,199.5,80.0,12.1,2315.1,55.3,416.8,1551.3,291.6,1685.0042553191488,-7.934950603066849,Normal,1913.5,253.20000000000005,1746.8666666666668,1749.48,13.475753894479345
Assam & Meghalaya,1972,18.0,39.6,99.3,260.3,339.3,576.2,441.0,271.0,227.1,99.1,2.9,5.3,2379.1,57.6,698.9,1515.3,107.3,1685.0042553191488,-10.071443723862048,Normal,1551.3,-362.20000000000005,1708.3666666666666,1648.9600000000003,10.433869569784079
Assam & Meghalaya,1973,9.8,82.8,28.9,252.1,324.5,634.4,364.6,395.0,348.6,128.7,67.4,35.3,2672.1,92.6,605.5,1742.6,231.4,1685.0042553191488,3.418136452714309,Normal,1515.3,-36.0,1660.0333333333335,1661.44,9.3753517127272
Assam & Meghalaya,1974,31.6,11.4,78.7,255.8,369.4,627.0,789.3,510.9,429.1,271.0,27.1,2.3,3403.5,43.0,703.8,2356.3,300.4,1685.0042553191488,39.83940945915917,Excess,1742.6,227.29999999999995,1603.0666666666666,1676.6,9.545968724576486
Assam & Meghalaya,1975,10.0,22.3,18.8,227.9,321.2,337.6,522.4,314.8,299.1,172.7,18.0,5.8,2270.6,32.3,567.9,1473.9,196.5,1685.0042553191488,-12.52841081277652,Normal,2356.3,613.7000000000003,1871.3999999999999,1815.8,18.82356473557142
Assam & Meghalaya,1976,5.7,36.3,92.6,139.4,179.5,509.7,390.5,358.5,149.1,67.3,24.3,3.1,1956.0,42.1,411.5,1407.8,94.6,1685.0042553191488,-16.45124957068105,Normal,1473.9,-882.4000000000001,1857.5999999999997,1727.8800000000003,21.185603212795677
Assam & Meghalaya,1977,9.1,16.2,74.4,375.1,391.6,405.0,461.3,461.9,176.9,175.7,47.7,21.8,2616.6,25.2,841.1,1505.2,245.2,1685.0042553191488,-10.67084873830736,Normal,1407.8,-66.10000000000014,1746.0,1699.1799999999998,22.853140255706624
Assam & Meghalaya,1978,5.0,8.2,44.3,100.9,253.7,506.6,444.0,255.8,271.8,65.0,55.9,0.6,2011.9,13.2,399.0,1478.2,121.6,1685.0042553191488,-12.273218578903762,Normal,1505.2,97.40000000000009,1462.3,1697.1599999999999,22.952226654451437
Assam & Meghalaya,1979,3.3,8.7,38.2,93.8,225.6,307.8,640.1,252.4,342.3,216.6,23.4,36.2,2188.5,12.0,357.7,1542.6,276.3,1685.0042553191488,-8.45126977392569,Normal,1478.2,-27.0,1463.7333333333333,1644.28,24.304899243870423
Assam & Meghalaya,1980,13.1,36.3,96.9,173.2,289.4,389.5,460.0,417.8,269.8,141.6,1.0,0.6,2289.2,49.3,559.6,1537.1,143.2,1685.0042553191488,-8.77767844515829,Normal,1542.6,64.39999999999986,1508.6666666666667,1481.5400000000002,3.340134738163806
Assam & Meghalaya,1981,29.6,30.7,91.0,152.1,251.5,273.1,543.5,340.7,274.5,47.5,9.0,36.1,2079.3,60.3,494.6,1431.8,92.7,1685.0042553191488,-15.026920823484248,Normal,1537.1,-5.5,1519.3,1494.1799999999998,3.6695121305691747
Assam & Meghalaya,1982,1.8,31.1,50.6,254.3,215.5,517.2,539.9,377.2,286.4,62.0,29.9,16.4,2382.2,32.9,520.4,1720.6,108.3,1685.0042553191488,2.112501767783909,Normal,1431.8,-105.29999999999995,1503.8333333333333,1498.98,3.046097919691917
Assam & Meghalaya,1983,16.4,37.8,90.0,165.9,278.2,362.0,582.9,450.2,449.1,156.7,7.0,24.0,2620.0,54.2,534.1,1844.2,187.6,1685.0042553191488,9.447794815847436,Normal,1720.6,288.79999999999995,1563.1666666666667,1542.06,7.113892601487078
Assam & Meghalaya,1984,22.4,7.2,28.6,202.8,416.0,478.5,995.2,360.7,458.0,159.6,5.7,22.2,3157.0,29.7,647.4,2292.5,187.5,1685.0042553191488,36.05306887286099,Excess,1844.2,123.60000000000014,1665.5333333333335,1615.26,10.198930354301819
Assam & Meghalaya,1985,8.7,32.3,152.6,268.1,335.0,496.0,714.6,349.4,335.1,74.4,15.8,19.7,2801.6,41.0,755.7,1895.1,109.9,1685.0042553191488,12.468558700527309,Normal,2292.5,448.29999999999995,1952.4333333333334,1765.2400000000002,18.98943590178862
Assam & Meghalaya,1986,16.4,11.7,28.0,282.8,159.7,404.2,465.0,416.4,441.1,300.5,59.5,7.4,2592.8,28.1,470.6,1726.6,367.5,1685.0042553191488,2.468583954583109,Normal,1895.1,-397.4000000000001,2010.6000000000004,1836.8400000000001,16.969710000448096
Assam & Meghalaya,1987,8.8,27.8,110.4,197.6,199.0,525.8,766.5,433.0,445.4,157.8,37.6,11.9,2921.4,36.5,506.9,2170.6,207.3,1685.0042553191488,28.818665777723908,Excess,1726.6,-168.5,1971.3999999999999,1895.8,12.3524711466655
Assam & Meghalaya,1988,7.3,46.1,82.3,157.9,568.6,403.8,644.2,773.4,329.6,168.3,74.3,5.9,3261.7,53.4,808.9,2151.0,248.5,1685.0042553191488,27.655463967513192,Excess,2170.6,444.0,1930.7666666666664,1985.8,11.908190250401816
Assam & Meghalaya,1989,10.5,51.6,30.4,183.4,260.1,488.8,747.0,267.9,425.8,194.1,16.2,6.5,2682.1,62.0,473.8,1929.5,216.8,1685.0042553191488,14.510096571509392,Normal,2151.0,-19.59999999999991,2016.0666666666666,2047.1599999999999,11.24815346918373
Assam & Meghalaya,1990,19.2,46.9,96.7,333.7,304.1,513.8,446.4,348.8,441.1,208.3,7.0,5.2,2771.2,66.1,734.4,1750.2,220.5,1685.0042553191488,3.869173889326637,Normal,1929.5,-221.5,2083.7000000000003,1974.56,9.454038498746655
Assam & Meghalaya,1991,13.7,30.2,62.1,175.7,495.8,517.8,440.5,388.2,437.3,226.2,9.4,41.1,2838.0,43.9,733.6,1783.8,276.7,1685.0042553191488,5.863234135402152,Normal,1750.2,-179.29999999999995,1943.5666666666666,1945.58,10.879494806152683
Assam & Meghalaya,1992,14.7,46.3,62.0,114.5,292.3,450.9,491.4,339.3,296.9,125.0,14.3,12.1,2259.8,61.1,468.8,1578.5,151.4,1685.0042553191488,-6.320711356243805,Normal,1783.8,33.59999999999991,1821.1666666666667,1957.02,10.116316501558273
Assam & Meghalaya,1993,73.3,96.9,86.1,138.5,374.0,619.5,576.9,477.5,296.0,130.3,8.2,2.0,2879.2,170.2,598.6,1969.9,140.5,1685.0042553191488,16.90771662929068,Normal,1578.5,-205.29999999999995,1704.1666666666667,1838.6,11.675520748488918
Assam & Meghalaya,1994,26.6,42.5,157.2,161.3,282.0,477.6,308.6,308.7,178.5,147.0,15.9,15.4,2121.3,69.1,600.5,1273.4,178.3,1685.0042553191488,-24.42749055498312,Deficient,1969.9,391.4000000000001,1777.4000000000003,1802.3799999999999,8.658274766469578
Assam & Meghalaya,1995,8.7,39.7,42.0,145.7,299.1,663.3,558.4,543.3,404.0,80.7,94.0,7.1,2886.1,48.5,486.8,2169.0,181.8,1685.0042553191488,28.7237105279108,Excess,1273.4,-696.5,1607.2666666666667,1671.1599999999999,15.689250173220342
Assam & Meghalaya,1996,12.8,23.2,101.6,99.2,415.6,397.7,499.6,421.8,224.4,267.2,3.5,0.2,2466.9,36.0,616.4,1543.5,271.0,1685.0042553191488,-8.397857445905805,Normal,2169.0,895.5999999999999,1804.1000000000001,1754.92,19.770152871205077
Assam & Meghalaya,1997,18.2,40.7,91.8,131.9,241.8,569.9,511.2,315.5,366.8,36.4,12.6,35.4,2372.2,58.9,465.6,1763.4,84.3,1685.0042553191488,4.65255470028488,Normal,1543.5,-625.5,1661.9666666666665,1706.8600000000001,20.9978570017367
Assam & Meghalaya,1998,11.8,31.5,136.8,185.7,250.6,581.2,604.4,549.5,212.3,190.0,48.9,0.4,2803.1,43.4,573.1,1947.4,239.2,1685.0042553191488,15.57240842879368,Normal,1763.4,219.9000000000001,1825.3,1743.8400000000001,20.146214800930316
Assam & Meghalaya,1999,2.4,0.5,38.7,150.6,466.8,429.0,596.7,487.5,196.9,208.6,14.1,2.3,2594.2,2.9,656.1,1710.2,225.0,1685.0042553191488,1.4952926439986371,Normal,1947.4,184.0,1751.4333333333334,1739.3400000000001,19.997528407418653
Assam & Meghalaya,2000,20.5,13.7,65.9,238.5,375.1,540.2,313.3,513.2,299.9,83.9,22.2,0.4,2487.0,34.2,679.5,1666.6,106.6,1685.0042553191488,-1.0922379134088906,Normal,1710.2,-237.20000000000005,1807.0,1826.7,13.113307595440146
Assam & Meghalaya,2001,5.5,39.7,30.9,198.6,266.4,399.8,451.1,295.6,266.8,201.4,20.5,2.3,2178.4,45.2,495.8,1413.2,224.2,1685.0042553191488,-16.130775602561762,Normal,1666.6,-43.600000000000136,1774.7333333333333,1726.22,8.568004648799617
Assam & Meghalaya,2002,20.2,5.7,83.3,279.9,286.9,502.5,565.1,312.5,209.7,49.5,69.4,7.9,2392.7,25.9,650.2,1589.8,126.8,1685.0042553191488,-5.650089904438648,Normal,1413.2,-253.39999999999986,1596.6666666666667,1700.1600000000003,11.34059239086874
Assam & Meghalaya,2003,9.5,41.5,96.9,213.8,235.8,551.4,481.2,290.7,250.0,231.8,13.0,18.6,2434.1,51.0,546.5,1573.3,263.4,1685.0042553191488,-6.629315918136449,Normal,1589.8,176.5999999999999,1556.5333333333335,1665.44,11.660509220036731
Assam & Meghalaya,2004,15.3,19.5,72.8,340.8,342.2,397.9,848.4,286.2,317.2,340.8,6.5,6.6,2994.3,34.8,755.9,1849.7,353.9,1685.0042553191488,9.774203487080037,Normal,1573.3,-16.5,1525.4333333333332,1590.6200000000001,7.157831939045571
Assam & Meghalaya,2005,22.8,30.5,172.2,207.5,281.2,373.9,474.5,501.9,174.9,218.6,8.9,1.3,2468.3,53.3,660.9,1525.2,228.9,1685.0042553191488,-9.483908115643365,Normal,1849.7,276.4000000000001,1670.9333333333334,1618.52,9.80715718148575
Assam & Meghalaya,2006,0.7,40.9,20.8,169.0,325.7,395.9,350.3,209.7,252.3,97.6,25.1,10.7,1898.6,41.5,515.5,1208.1,133.5,1685.0042553191488,-28.30285168798109,Deficient,1525.2,-324.5,1649.3999999999999,1590.2400000000002,10.09962196317979
Assam & Meghalaya,2007,1.5,73.7,23.5,242.7,219.8,489.7,682.7,308.0,494.7,164.7,47.7,4.0,2752.8,75.2,486.1,1975.1,216.4,1685.0042553191488,17.216321191183308,Normal,1208.1,-317.10000000000014,1527.6666666666667,1549.2199999999998,14.77072762485466
Assam & Meghalaya,2008,29.7,14.5,107.5,156.2,210.6,414.6,493.2,508.6,267.5,133.4,2.2,1.6,2339.7,44.2,474.4,1683.9,137.2,1685.0042553191488,-0.0655342748045199,Normal,1975.1,767.0,1569.4666666666665,1626.28,18.433948119954646
Assam & Meghalaya,2009,7.9,11.6,44.9,134.9,246.5,321.1,426.3,533.8,192.3,135.9,9.0,4.0,2068.2,19.5,426.2,1473.5,149.0,1685.0042553191488,-12.552149625229806,Normal,1683.9,-291.1999999999998,1622.3666666666668,1648.4,18.137613286758942
Assam & Meghalaya,2010,0.5,3.1,99.6,389.3,393.4,569.7,415.1,387.0,318.3,116.2,11.6,7.6,2711.5,3.7,882.3,1690.2,135.3,1685.0042553191488,0.3083520213346373,Normal,1473.5,-210.4000000000001,1710.8333333333333,1573.16,17.96016407831422
Assam & Meghalaya,2011,11.1,11.4,109.0,92.1,238.3,316.0,395.8,302.6,221.6,30.2,11.9,3.5,1743.4,22.5,439.4,1236.0,45.6,1685.0042553191488,-26.6470695193648,Deficient,1690.2,216.70000000000005,1615.8666666666668,1606.16,17.754378231015085
Assam & Meghalaya,2012,15.2,6.9,28.8,279.1,185.8,729.7,444.3,289.2,411.6,199.4,17.1,2.3,2609.4,22.1,493.7,1874.8,218.8,1685.0042553191488,11.263813968523351,Normal,1236.0,-454.20000000000005,1466.5666666666666,1611.74,17.09567454984063
Assam & Meghalaya,2013,1.1,9.6,44.0,112.8,346.7,286.2,367.8,289.7,229.3,126.3,1.0,2.0,1816.4,10.7,503.5,1172.9,129.3,1685.0042553191488,-30.39186718386972,Deficient,1874.8,638.8,1600.3333333333333,1591.68,15.352177527763716
Assam & Meghalaya,2014,2.0,28.3,29.3,51.5,351.1,426.4,374.4,484.6,420.2,35.0,3.0,0.4,2206.1,30.3,431.9,1705.5,38.5,1685.0042553191488,1.2163615976725946,Normal,1172.9,-701.8999999999999,1427.9000000000003,1489.48,19.958326949208445
Assam & Meghalaya,2015,13.4,15.5,37.5,250.9,332.5,558.5,300.1,590.9,279.9,62.6,14.0,15.2,2470.9,28.9,620.9,1729.3,91.8,1685.0042553191488,2.628820938642752,Normal,1705.5,532.5999999999999,1584.4000000000003,1535.8799999999999,20.30779603008484
Assam & Meghalaya,2016,18.9,15.9,64.1,327.8,334.0,369.0,498.4,185.3,271.2,136.5,38.2,7.4,2266.9,34.8,726.0,1323.9,182.1,1685.0042553191488,-21.43046548275652,Deficient,1729.3,23.799999999999955,1535.8999999999999,1543.7,20.54707356494256
Assam & Meghalaya,2017,1.7,37.8,116.7,310.9,268.4,485.2,429.0,483.1,345.4,212.1,10.3,11.0,2711.7,39.5,695.9,1742.7,233.5,1685.0042553191488,3.424071155827637,Normal,1323.9,-405.39999999999986,1586.2333333333333,1561.2800000000002,19.068012063244915
Bihar,1901,51.8,19.6,11.9,1.1,65.6,66.3,245.9,319.4,155.1,8.3,7.3,0.1,952.3,71.4,78.6,786.7,15.6,980.731914893617,-19.7843989725433,Normal,,,,,
Bihar,1902,4.6,0.7,24.3,17.3,66.3,118.2,361.0,225.5,358.7,28.5,1.1,0.0,1206.2,5.2,107.9,1063.4,29.6,980.731914893617,8.429223506543101,Normal,786.7,,,,
Bihar,1903,5.3,4.7,2.0,4.7,28.2,192.9,115.0,342.6,173.9,147.0,0.1,0.0,1016.3,10.0,34.9,824.4,147.1,980.731914893617,-15.940331146516716,Normal,1063.4,276.70000000000005,,,
Bihar,1904,6.3,1.7,3.5,5.3,118.7,191.6,394.4,351.3,84.4,98.1,10.6,3.8,1269.5,7.9,127.4,1021.8,112.4,980.731914893617,4.187493491617196,Normal,824.4,-239.0000000000001,891.5,,
Bihar,1905,16.0,30.1,32.6,21.4,77.5,50.5,409.1,495.3,353.9,11.6,0.0,0.6,1498.5,46.1,131.4,1308.8,12.2,980.731914893617,33.45135200805303,Excess,1021.8,197.39999999999998,969.8666666666667,,
Bihar,1906,14.4,56.9,8.6,0.9,44.7,191.3,366.2,430.1,118.7,32.9,0.4,0.0,1265.1,71.3,54.2,1106.2,33.3,980.731914893617,12.793311118053388,Normal,1308.8,287.0,1051.6666666666667,1001.0200000000001,20.965473485970602
Bihar,1907,1.3,55.2,39.4,27.0,32.9,232.2,282.4,242.2,206.9,4.8,0.0,2.1,1126.4,56.5,99.3,963.8,6.9,980.731914893617,-1.7264570099621717,Normal,1106.2,-202.5999999999999,1145.6000000000001,1064.92,16.325015889454
Bihar,1908,14.7,38.6,6.1,2.2,36.7,94.0,202.3,167.3,149.9,25.4,0.0,0.3,737.5,53.3,45.0,613.6,25.6,980.731914893617,-37.43448227984311,Deficient,963.8,-142.4000000000001,1126.2666666666667,1045.0,17.193746450729495
Bihar,1909,7.0,6.3,0.0,72.8,25.8,446.0,256.2,352.4,175.4,43.1,0.0,5.6,1390.5,13.3,98.6,1229.9,48.7,980.731914893617,25.406340032628695,Excess,613.6,-350.19999999999993,894.5333333333333,1002.8399999999999,25.30952123626947
Bihar,1910,2.4,4.8,6.6,5.7,51.5,279.5,365.1,328.8,258.5,73.8,21.7,0.0,1398.5,7.2,63.8,1232.0,95.5,980.731914893617,25.62046582665139,Excess,1229.9,616.3000000000001,935.7666666666668,1044.4599999999998,26.23006261934753
Bihar,1911,9.4,0.1,28.2,13.1,41.7,312.3,199.0,425.5,279.1,122.8,17.8,0.0,1449.2,9.5,83.0,1216.0,140.7,980.731914893617,23.98903120552605,Excess,1232.0,2.099999999999909,1025.1666666666667,1029.1,24.97997858515087
Bihar,1912,5.5,8.5,23.9,25.4,62.7,146.8,362.4,302.9,104.7,14.0,72.6,0.0,1129.4,14.0,112.0,916.9,86.6,980.731914893617,-6.508599743135831,Normal,1216.0,-16.0,1225.9666666666667,1051.06,25.65810933633181
Bihar,1913,0.0,38.0,18.1,1.4,106.1,379.9,258.8,363.0,270.3,61.0,0.5,32.8,1529.7,38.0,125.5,1272.0,94.3,980.731914893617,29.699052379464742,Excess,916.9,-299.1,1121.6333333333334,1041.6799999999998,26.32793507395143
Bihar,1914,0.2,22.7,8.0,29.0,77.0,84.4,269.1,460.4,98.4,10.1,0.0,0.6,1059.8,22.8,114.0,912.3,10.7,980.731914893617,-6.977637196709368,Normal,1272.0,355.1,1134.9666666666667,1173.36,12.347028574177351
Bihar,1915,8.2,57.1,22.5,6.4,72.5,149.1,321.3,415.0,185.1,75.3,36.7,0.3,1349.4,65.3,101.4,1070.4,112.4,980.731914893617,9.14297615328544,Normal,912.3,-359.70000000000005,1033.7333333333333,1109.84,16.164450241389698
Bihar,1916,0.6,16.5,0.3,25.3,25.1,270.3,445.6,325.2,265.2,130.1,0.4,0.0,1504.6,17.1,50.7,1306.3,130.6,980.731914893617,33.1964403485022,Excess,1070.4,158.10000000000014,1084.8999999999999,1077.52,15.40031615889019
Bihar,1917,2.7,19.7,7.9,5.8,103.3,227.8,328.7,249.3,272.1,116.5,0.0,0.2,1334.1,22.4,117.0,1077.9,116.7,980.731914893617,9.907711131937942,Normal,1306.3,235.89999999999986,1096.3333333333333,1095.58,17.17824349669234
Bihar,1918,0.6,0.1,1.8,29.5,105.4,251.6,240.3,519.2,254.4,8.6,0.1,0.0,1411.7,0.7,136.8,1265.5,8.7,980.731914893617,29.03628206463258,Excess,1077.9,-228.39999999999986,1151.5333333333333,1127.7800000000002,14.35799623325757
Bihar,1919,40.2,7.7,3.8,11.6,42.3,195.0,417.8,230.1,244.8,58.6,0.0,0.7,1252.7,47.9,57.6,1087.9,59.4,980.731914893617,10.92735777014128,Normal,1265.5,187.5999999999999,1216.5666666666666,1126.48,14.24784308653776
Bihar,1920,0.0,19.2,31.0,2.6,28.8,108.9,361.6,228.5,337.6,5.6,0.0,0.0,1123.9,19.3,62.4,1036.6,5.6,980.731914893617,5.696570516158133,Normal,1087.9,-177.5999999999999,1143.7666666666667,1161.6,9.861521134456424
Bihar,1921,26.8,0.6,6.5,21.2,26.3,132.4,303.8,422.0,295.8,37.0,0.0,0.0,1272.2,27.3,54.0,1153.9,37.0,980.731914893617,17.65702558228332,Normal,1036.6,-51.30000000000018,1130.0,1154.84,10.567001041833594
Bihar,1922,12.2,4.6,0.0,9.6,22.0,345.8,427.3,363.5,241.3,15.7,0.7,6.5,1449.2,16.8,31.6,1377.9,22.9,980.731914893617,40.497110278038114,Excess,1153.9,117.30000000000018,1092.8,1124.36,7.95285023968733
Bihar,1923,1.3,35.1,1.5,13.5,38.1,171.7,253.9,243.2,148.9,74.4,0.7,0.4,982.8,36.4,53.1,817.8,75.5,980.731914893617,-16.613297927730926,Normal,1377.9,224.0,1189.4666666666667,1184.3600000000001,11.64656838707774
Bihar,1924,2.5,12.7,1.8,8.8,14.8,170.6,514.0,295.7,320.3,53.1,61.7,0.2,1456.3,15.3,25.5,1300.6,115.0,980.731914893617,32.615241764726285,Excess,817.8,-560.1000000000001,1116.5333333333335,1094.8200000000002,18.483628761334263
Bihar,1925,7.7,1.8,7.7,52.9,38.6,130.4,322.9,331.5,269.4,17.6,11.0,0.0,1191.5,9.6,99.2,1054.2,28.6,980.731914893617,7.491148599396025,Normal,1300.6,482.79999999999995,1165.4333333333334,1137.3600000000001,19.514703708010973
Bihar,1926,16.3,0.6,29.7,12.8,47.0,48.1,451.5,276.0,211.6,17.6,1.8,8.7,1121.8,16.9,89.6,987.2,28.1,980.731914893617,0.6595161234336514,Normal,1054.2,-246.39999999999986,1057.5333333333333,1140.8799999999999,19.290957914158916
Bihar,1927,24.2,36.4,31.9,3.1,52.9,115.9,301.5,242.7,231.4,21.5,38.6,0.2,1100.2,60.6,87.9,891.5,60.3,980.731914893617,-9.09850220417231,Normal,987.2,-67.0,1114.0,1107.5400000000002,20.768846008540944
Bihar,1928,41.2,21.5,0.1,18.3,54.3,208.0,377.2,272.9,83.3,164.3,0.9,7.6,1249.8,62.7,72.7,941.5,172.8,980.731914893617,-4.000269013155614,Normal,891.5,-95.70000000000005,977.6333333333333,1010.26,18.379183347152356
Bihar,1929,51.6,1.1,11.4,16.2,33.1,190.2,328.8,326.3,124.7,231.4,0.0,44.4,1359.2,52.7,60.6,970.1,275.8,980.731914893617,-1.084079627894061,Normal,941.5,50.0,940.0666666666666,1035.0,15.46884797042964
Bihar,1930,11.6,7.6,13.6,6.6,28.6,144.6,298.2,247.8,290.9,30.4,24.0,10.4,1114.3,19.2,48.8,981.5,64.8,980.731914893617,0.0783175396577434,Normal,970.1,28.600000000000023,934.3666666666667,968.9,6.182677759351267
Bihar,1931,1.3,32.4,11.4,1.6,27.5,75.9,441.3,218.8,248.2,76.1,11.2,0.7,1146.3,33.7,40.5,984.2,87.9,980.731914893617,0.3536221319726496,Normal,981.5,11.399999999999977,964.3666666666667,954.36,4.118473457297575
Bihar,1932,0.0,8.2,0.5,14.8,26.6,152.1,164.3,249.3,191.2,32.4,78.7,8.9,926.9,8.2,41.9,756.8,120.0,980.731914893617,-22.83314242077129,Deficient,984.2,2.7000000000000455,978.6,953.76,4.057269631671434
Bihar,1933,28.3,13.1,0.7,62.1,90.3,197.0,377.3,377.8,167.8,77.6,0.3,0.3,1392.6,41.3,153.2,1119.8,78.2,980.731914893617,14.18003054600992,Normal,756.8,-227.4000000000001,907.5,926.82,10.415974487680426
Bihar,1934,30.1,13.7,3.0,9.1,22.0,165.5,432.6,251.3,231.2,55.2,9.8,2.8,1226.1,43.7,34.1,1080.6,67.7,980.731914893617,10.183015724252826,Normal,1119.8,363.0,953.6,962.4799999999999,13.541239203551065
Bihar,1935,21.0,19.6,0.6,0.7,21.9,127.9,193.8,481.7,370.3,2.6,0.1,0.1,1240.4,40.6,23.3,1173.7,2.8,980.731914893617,19.675925925925927,Excess,1080.6,-39.200000000000045,985.7333333333332,984.5799999999999,14.309445782636681
Bihar,1936,7.7,6.9,4.6,7.7,84.3,188.9,462.2,261.5,449.2,88.8,0.4,10.3,1572.5,14.6,96.6,1361.9,99.5,980.731914893617,38.86567565691277,Excess,1173.7,93.10000000000014,1124.7,1023.0199999999999,16.04454860553908
Bihar,1937,0.0,66.3,0.8,10.7,80.0,113.6,217.9,441.8,179.3,194.6,0.3,1.1,1306.4,66.3,91.5,952.6,196.0,980.731914893617,-2.8684612447499047,Normal,1361.9,188.20000000000005,1205.3999999999999,1098.56,19.97274696210678
Bihar,1938,12.4,17.0,0.0,2.9,115.5,382.4,362.1,385.1,201.4,27.1,0.8,0.0,1506.7,29.4,118.5,1331.0,27.9,980.731914893617,35.71496754486445,Excess,952.6,-409.30000000000007,1162.7333333333333,1137.7199999999998,13.140570583046115
Bihar,1939,5.0,42.3,11.3,1.7,41.5,230.4,315.0,277.1,262.0,56.9,0.0,0.0,1243.2,47.3,54.5,1084.5,56.9,980.731914893617,10.580677913152137,Normal,1331.0,378.4,1215.1666666666667,1179.9599999999998,14.52638412161499
Bihar,1940,0.9,43.8,65.5,5.0,31.9,114.6,317.6,314.9,171.6,4.9,0.0,17.5,1088.3,44.7,102.5,918.7,22.4,980.731914893617,-6.325063348259222,Normal,1084.5,-246.5,1122.7,1180.7400000000002,14.469595682324535
Bihar,1941,16.2,2.8,0.7,4.6,67.1,177.7,248.8,466.0,190.2,47.8,1.1,0.0,1223.1,19.0,72.5,1082.7,48.9,980.731914893617,10.39714151827554,Normal,918.7,-165.79999999999995,1111.3999999999999,1129.7400000000002,18.374626700212342
Bihar,1942,34.4,43.5,14.7,18.2,28.1,174.7,253.5,330.4,347.2,7.0,0.0,0.9,1252.5,77.8,61.0,1105.7,8.0,980.731914893617,12.74232878614322,Normal,1082.7,164.0,1028.6333333333334,1073.9,15.09345972700569
Bihar,1943,34.7,16.9,0.2,40.7,37.0,169.8,296.0,322.1,215.4,37.0,0.0,0.0,1169.9,51.6,78.0,1003.3,37.0,980.731914893617,2.3011472109410183,Normal,1105.7,23.0,1035.7,1104.52,13.329301497469379
Bihar,1944,27.3,32.6,42.0,34.1,21.9,223.9,253.5,322.8,221.3,48.5,0.2,0.8,1228.8,59.9,98.0,1021.5,49.5,980.731914893617,4.1569040924711,Normal,1003.3,-102.40000000000009,1063.9,1038.98,7.482551641450116
Bihar,1945,50.7,24.0,1.4,32.4,57.8,120.5,226.9,265.6,305.5,154.8,0.0,3.2,1242.9,74.7,91.5,918.6,158.0,980.731914893617,-6.335259814641257,Normal,1021.5,18.200000000000045,1043.5,1026.3799999999999,7.162099126283541
Bihar,1946,0.0,21.3,5.0,52.3,88.6,168.7,354.7,267.8,271.8,148.7,14.9,0.0,1393.7,21.3,145.9,1062.9,163.6,980.731914893617,8.378241174632933,Normal,918.6,-102.89999999999998,981.1333333333333,1026.3600000000001,7.165807142134953
Bihar,1947,5.6,5.6,10.2,7.5,57.7,89.4,394.4,244.6,215.3,61.5,0.1,0.3,1092.1,11.2,75.4,943.7,61.9,980.731914893617,-3.7759467527508734,Normal,1062.9,144.30000000000007,1001.0,1022.4,6.867423170333983
Bihar,1948,11.1,7.5,3.6,11.3,46.3,114.6,409.0,329.8,248.9,81.0,36.2,0.0,1299.2,18.6,61.2,1102.2,117.2,980.731914893617,12.385452462772053,Normal,943.7,-119.20000000000005,975.0666666666667,990.0,5.916898924984504
Bihar,1949,16.5,42.8,5.7,35.5,93.1,200.2,341.7,386.5,217.9,103.4,1.1,0.0,1444.4,59.4,134.3,1146.3,104.5,980.731914893617,16.882094137248767,Normal,1102.2,158.5,1036.2666666666667,1009.78,7.699801726179759
Bihar,1950,9.8,11.8,22.1,2.2,43.3,346.5,257.0,313.3,113.4,3.0,0.1,2.1,1124.6,21.6,67.6,1030.1,5.2,980.731914893617,5.033800201325963,Normal,1146.3,44.09999999999991,1064.0666666666668,1034.74,9.611722476520455
Bihar,1951,7.3,1.5,5.8,8.2,22.8,144.5,307.8,204.5,114.3,28.7,4.7,0.1,850.2,8.8,36.8,771.1,33.5,980.731914893617,-21.375047728140512,Deficient,1030.1,-116.20000000000005,1092.8666666666666,1057.04,7.268630982952644
Bihar,1952,1.1,10.3,20.1,24.6,57.0,272.5,212.5,291.9,297.7,15.4,3.4,0.4,1206.8,11.4,101.6,1074.5,19.3,980.731914893617,9.561031274948798,Normal,771.1,-258.9999999999999,982.5,998.68,14.878199719182106
Bihar,1953,29.7,4.2,8.7,16.7,37.4,224.7,431.8,263.3,342.2,18.4,0.9,0.8,1378.7,33.9,62.7,1262.0,20.2,980.731914893617,28.67940574126141,Excess,1074.5,303.4,958.5666666666666,1024.8400000000001,14.441185677201462
Bihar,1954,12.5,8.4,0.8,0.6,40.9,166.6,366.1,308.6,129.5,15.1,0.2,1.3,1050.5,20.9,42.3,970.7,16.6,980.731914893617,-1.0229008296018582,Normal,1262.0,187.5,1035.8666666666668,1056.8,17.239467256235272
Bihar,1955,20.0,6.7,2.3,11.9,28.2,172.5,505.7,268.7,192.2,35.7,0.3,0.1,1244.2,26.7,42.5,1139.0,36.1,980.731914893617,16.137752091360337,Normal,970.7,-291.29999999999995,1102.4,1021.68,17.371887831833305
Bihar,1956,19.3,4.7,9.6,5.3,75.4,319.4,200.6,286.3,359.8,168.8,36.0,8.1,1493.4,24.0,90.4,1166.2,212.9,980.731914893617,18.911190947273425,Normal,1139.0,168.29999999999995,1123.9,1043.46,17.75698174369542
Bihar,1957,75.2,2.8,11.6,0.5,1.3,115.6,334.5,295.8,115.2,11.6,0.0,2.7,966.9,78.0,13.4,861.2,14.4,980.731914893617,-12.188031517928422,Normal,1166.2,27.200000000000045,1091.966666666667,1122.48,9.65587137479866
Bihar,1958,16.0,2.7,4.7,26.4,16.1,120.7,222.8,451.1,224.2,81.5,0.7,0.6,1167.4,18.7,47.2,1018.8,82.7,980.731914893617,3.881599500156194,Normal,861.2,-305.0,1055.466666666667,1079.8200000000002,14.922197277126623
Bihar,1959,81.2,1.5,9.4,18.6,35.7,132.3,245.8,264.2,157.1,233.8,0.0,0.1,1179.6,82.7,63.7,799.3,233.9,980.731914893617,-18.4996442084071,Normal,1018.8,157.5999999999999,1015.4000000000001,1031.1799999999998,12.127837397905687
Bihar,1960,1.4,0.1,42.7,5.2,49.9,117.6,357.4,285.5,348.1,37.9,2.0,0.0,1247.9,1.5,97.9,1108.7,39.9,980.731914893617,13.048222777604224,Normal,799.3,-219.5,893.1,996.9,16.39054446781133
Bihar,1961,11.7,35.8,1.4,2.0,33.9,239.7,211.6,317.5,157.5,236.0,0.8,10.1,1258.1,47.5,37.3,926.3,246.9,980.731914893617,-5.550131903224694,Normal,1108.7,309.4000000000001,975.6,990.8400000000001,15.870992107200463
Bihar,1962,13.0,7.8,9.5,20.8,38.8,156.4,244.3,395.4,216.3,72.5,0.0,3.2,1178.1,20.8,69.1,1012.4,75.7,980.731914893617,3.22902565170606,Normal,926.3,-182.4000000000001,944.7666666666668,942.86,13.07833967499139
Bihar,1963,3.4,1.7,9.4,17.5,78.9,154.0,375.4,273.5,255.7,138.7,17.8,0.2,1326.1,5.1,105.9,1058.6,156.6,980.731914893617,7.939793120205479,Normal,1012.4,86.10000000000002,1015.8000000000001,973.1,11.986155547446417
Bihar,1964,1.4,3.3,2.4,21.9,59.3,134.7,453.6,157.7,219.0,66.3,2.7,0.0,1122.5,4.7,83.6,965.1,69.1,980.731914893617,-1.5939029469957309,Normal,1058.6,46.19999999999993,999.1,981.0599999999998,12.413156338774632
Bihar,1965,0.4,1.2,15.7,7.1,7.7,98.8,302.2,328.3,215.0,22.2,1.8,2.4,1002.7,1.7,30.4,944.3,26.3,980.731914893617,-3.714767954458683,Normal,965.1,-93.49999999999989,1012.0333333333333,1014.2199999999999,7.151251367192106
Bihar,1966,21.2,6.9,0.1,0.9,39.5,114.5,155.5,308.3,83.1,18.3,17.1,1.6,767.0,28.1,40.4,661.5,37.0,980.731914893617,-32.55037488284911,Deficient,944.3,-20.800000000000068,989.3333333333334,981.3399999999999,5.487310104705765
Bihar,1967,0.2,0.1,38.6,30.6,23.6,80.7,278.2,282.1,253.8,10.3,0.1,1.5,999.9,0.2,92.8,894.8,12.0,980.731914893617,-8.762018813565211,Normal,661.5,-282.79999999999995,856.9666666666667,928.3799999999999,16.760197268323914
Bihar,1968,29.1,1.7,7.0,3.0,17.3,261.8,329.6,293.1,79.2,113.3,0.0,4.9,1140.1,30.8,27.3,963.7,118.2,980.731914893617,-1.736653476344196,Normal,894.8,233.29999999999995,833.5333333333334,904.86,16.405484515904362
Bihar,1969,5.2,9.3,9.7,20.7,64.4,193.1,348.4,379.4,219.1,15.3,23.6,0.3,1288.6,14.5,94.8,1140.1,39.2,980.731914893617,16.249913221562696,Normal,963.7,68.90000000000009,840.0,885.8799999999999,14.518697940920976
Bihar,1970,22.1,13.4,3.2,17.9,39.2,194.6,284.2,235.6,229.5,34.5,0.4,0.0,1074.7,35.5,60.2,944.0,35.0,980.731914893617,-3.7453573536047786,Normal,1140.1,176.39999999999986,999.5333333333333,920.8799999999999,18.68264784009607
Bihar,1971,17.3,14.6,5.1,91.4,81.5,278.0,307.0,367.9,129.2,138.6,1.9,0.0,1432.6,31.9,178.0,1082.2,140.5,980.731914893617,10.346159186365371,Normal,944.0,-196.0999999999999,1015.9333333333334,920.82,18.682762091395492
Bihar,1972,12.9,38.0,2.7,3.2,3.4,56.7,163.4,154.9,209.7,48.4,24.6,0.0,717.9,51.0,9.2,584.7,73.0,980.731914893617,-40.38126106425075,Deficient,1082.2,138.20000000000005,1055.4333333333334,1004.96,10.169949898097958
Bihar,1973,22.9,10.2,3.8,4.4,65.0,200.9,185.1,258.9,271.4,158.2,8.3,0.0,1189.0,33.1,73.1,916.3,166.5,980.731914893617,-6.5697785414280325,Normal,584.7,-497.5,870.3000000000001,942.9399999999999,22.932190642137265
Bihar,1974,3.9,0.7,21.9,9.9,39.1,129.4,451.6,317.5,229.2,28.0,0.3,3.7,1235.2,4.6,70.9,1127.7,32.0,980.731914893617,14.985551390190569,Normal,916.3,331.5999999999999,861.0666666666666,933.46,23.15451482352855
Bihar,1975,9.1,4.1,12.0,11.0,34.4,143.2,403.1,155.2,245.3,51.7,0.0,0.0,1069.1,13.2,57.5,946.7,51.7,980.731914893617,-3.470052761289873,Normal,1127.7,211.4000000000001,876.2333333333332,930.9799999999999,22.903379511403486
Bihar,1976,2.3,12.4,0.9,8.9,80.1,147.1,221.0,292.8,372.6,22.4,0.7,0.5,1161.7,14.7,90.0,1033.4,23.7,980.731914893617,5.370283591933083,Normal,946.7,-181.0,996.9,931.5200000000001,22.89489368639454
Bihar,1977,5.3,2.9,1.3,17.0,83.7,102.5,375.5,266.0,121.0,147.1,8.1,17.3,1147.5,8.1,101.9,865.0,172.5,980.731914893617,-11.800565795411158,Normal,1033.4,86.70000000000005,1035.9333333333334,921.76,22.308492064569908
Bihar,1978,13.4,27.8,16.8,24.5,51.8,190.4,313.6,252.6,248.6,142.8,4.8,3.7,1290.8,41.1,93.0,1005.2,151.4,980.731914893617,2.494880072199662,Normal,865.0,-168.4000000000001,948.3666666666668,977.82,10.607677725052731
Bihar,1979,23.4,19.4,2.3,21.3,6.2,90.6,435.5,166.1,113.0,88.5,25.2,10.3,1001.9,42.9,29.8,805.2,124.0,980.731914893617,-17.89805269186712,Normal,1005.2,140.20000000000005,967.8666666666668,995.6,9.843692340970192
Bihar,1980,4.7,2.4,9.5,7.9,80.9,160.2,389.9,375.3,190.5,29.5,0.2,1.0,1252.2,7.1,98.4,1115.9,30.8,980.731914893617,13.78236835711063,Normal,805.2,-200.0,891.8000000000001,931.1,10.248033773307371
Bihar,1981,31.3,5.7,14.3,47.9,86.3,107.9,580.1,311.3,168.8,1.0,6.1,3.9,1364.7,37.0,148.4,1168.1,11.0,980.731914893617,19.104923808532043,Excess,1115.9,310.70000000000005,975.4333333333334,964.9400000000002,13.17015138721005
Bihar,1982,4.4,6.1,28.2,14.7,31.0,222.4,227.2,164.5,170.5,42.1,21.5,1.0,933.5,10.5,73.9,784.6,64.6,980.731914893617,-19.998524766566003,Normal,1168.1,52.19999999999982,1029.7333333333333,991.8799999999999,15.74513482981057
Bihar,1983,13.1,1.7,8.0,45.0,81.1,101.2,353.8,195.8,220.6,69.9,0.0,14.1,1104.2,14.8,134.1,871.3,84.0,980.731914893617,-11.158188413343058,Normal,784.6,-383.4999999999999,1022.8666666666668,975.8,17.98031235828268
Bihar,1984,28.6,33.9,1.3,11.2,65.6,353.4,476.4,216.9,219.0,15.4,1.5,3.0,1426.2,62.5,78.1,1265.8,19.9,980.731914893617,29.06687146377867,Excess,871.3,86.69999999999993,941.3333333333334,949.0200000000001,18.96719100699954
Bihar,1985,8.8,0.5,0.5,8.0,69.2,163.2,481.5,238.0,289.0,188.0,1.2,7.1,1455.0,9.3,77.7,1171.7,196.3,980.731914893617,19.47199659828526,Excess,1265.8,394.5,973.9,1041.14,19.615929678981445
Bihar,1986,1.1,13.9,0.5,16.0,94.3,168.4,395.7,263.5,221.1,124.2,1.3,22.1,1322.1,15.0,110.8,1048.6,147.6,980.731914893617,6.92014648200214,Normal,1171.7,-94.09999999999991,1102.9333333333334,1052.3,20.028138659553097
Bihar,1987,0.7,3.7,5.4,37.7,40.1,143.6,452.0,539.8,379.7,52.8,2.7,2.3,1660.4,4.3,83.1,1515.1,57.9,980.731914893617,54.48666215418791,Excess,1048.6,-123.10000000000014,1162.033333333333,1028.4,19.533826872931307
Bihar,1988,1.2,15.3,27.3,46.9,46.2,174.5,364.5,459.4,153.2,33.7,1.5,13.8,1337.4,16.4,120.3,1151.6,49.0,980.731914893617,17.422506855496533,Normal,1515.1,466.5,1245.1333333333332,1174.5,20.510930788177422
Bihar,1989,8.9,8.7,6.9,0.2,100.3,152.9,446.0,171.9,330.9,28.2,1.0,14.0,1269.9,17.5,107.4,1101.7,43.2,980.731914893617,12.334470130861884,Normal,1151.6,-363.5,1238.4333333333334,1230.56,14.366323895129643
Bihar,1990,0.3,30.2,13.8,14.0,83.3,156.6,485.5,204.4,201.2,49.7,0.0,0.2,1239.4,30.6,111.1,1047.8,49.9,980.731914893617,6.838574750945877,Normal,1101.7,-49.899999999999864,1256.1333333333332,1197.7400000000002,15.337673597168713
Bihar,1991,14.5,6.3,7.9,8.9,31.2,176.2,179.7,324.2,270.5,7.2,0.0,19.2,1045.7,20.7,48.0,950.5,26.5,980.731914893617,-3.0825870387726084,Normal,1047.8,-53.90000000000009,1100.3666666666668,1172.9599999999998,16.713148767254978
Bihar,1992,2.6,3.1,0.1,2.6,61.1,83.9,284.8,219.2,85.9,52.4,1.4,0.4,797.6,5.8,63.8,673.8,54.2,980.731914893617,-31.29620951785901,Deficient,950.5,-97.29999999999995,1033.3333333333333,1153.34,18.687969518807343
Bihar,1993,9.4,4.0,24.5,24.5,51.1,154.8,209.1,357.3,320.0,34.3,19.3,0.1,1208.3,13.4,100.1,1041.2,53.6,980.731914893617,6.165607969731683,Normal,673.8,-276.70000000000005,890.6999999999999,985.0799999999999,19.217785055229385
Bihar,1994,28.3,29.1,1.0,7.0,32.7,130.9,217.7,257.6,226.5,32.9,4.4,1.2,969.4,57.5,40.7,832.8,38.5,980.731914893617,-15.083827970425917,Normal,1041.2,367.4000000000001,888.5,963.0,17.70934041142455
Bihar,1995,6.8,11.6,2.0,0.1,6.7,162.9,227.5,335.7,279.1,11.4,44.4,23.8,1111.9,18.4,8.8,1005.1,79.6,980.731914893617,2.4846836058176263,Normal,832.8,-208.4000000000001,849.2666666666668,909.22,17.354351294434124
Bihar,1996,26.0,21.7,0.2,3.0,18.2,220.1,238.5,350.9,162.5,66.2,0.0,0.0,1107.2,47.7,21.4,972.0,66.2,980.731914893617,-0.8903467666354288,Normal,1005.1,172.30000000000007,959.6999999999999,900.68,16.58117042175552
Bihar,1997,10.5,1.1,2.9,29.3,42.2,211.0,463.9,287.6,185.8,27.8,11.0,30.6,1303.7,11.6,74.4,1148.3,69.5,980.731914893617,17.086023464889436,Normal,972.0,-33.10000000000002,936.6333333333333,904.9799999999999,16.733107708781002
Bihar,1998,8.4,11.2,23.6,26.6,38.2,96.6,465.1,377.4,188.0,83.0,14.5,0.0,1332.5,19.6,88.4,1127.0,97.5,980.731914893617,14.91417612551633,Normal,1148.3,176.29999999999995,1041.8,999.8799999999999,11.453023589033966
Bihar,1999,0.1,0.2,0.4,3.8,83.6,265.1,380.8,347.5,199.6,114.1,6.9,0.6,1402.7,0.3,87.8,1192.9,121.7,980.731914893617,21.633647471276344,Excess,1127.0,-21.299999999999955,1082.4333333333334,1017.0400000000002,12.575930151386345
Bihar,2000,0.5,12.1,3.6,37.2,96.2,267.2,264.3,201.4,314.8,9.6,0.0,0.1,1207.0,12.7,137.0,1047.7,9.7,980.731914893617,6.828378284563853,Normal,1192.9,65.90000000000009,1156.0666666666666,1089.06,8.769377744596072
Bihar,2001,1.0,0.5,3.0,12.6,98.4,224.4,224.7,225.9,274.8,181.3,0.5,0.0,1247.0,1.5,114.0,949.8,181.8,980.731914893617,-3.1539623034468467,Normal,1047.7,-145.20000000000005,1122.5333333333333,1097.58,7.992532468907777
Bihar,2002,13.4,11.3,2.2,25.0,74.8,116.6,386.1,247.7,192.8,33.8,1.4,0.7,1105.8,24.6,102.1,943.2,35.8,980.731914893617,-3.826929084661041,Normal,949.8,-97.90000000000009,1063.4666666666665,1093.1399999999999,8.7687294106388
Bihar,2003,13.2,39.7,10.2,21.9,41.4,230.9,356.8,310.6,183.9,142.0,0.2,3.0,1353.9,52.9,73.5,1082.3,145.2,980.731914893617,10.356355652747398,Normal,943.2,-6.599999999999909,980.2333333333332,1052.12,10.387738780020008
Bihar,2004,22.7,2.1,2.2,32.0,72.7,246.8,418.4,175.9,115.3,56.4,3.1,0.0,1147.8,24.8,107.0,956.4,59.5,980.731914893617,-2.4809955222326403,Normal,1082.3,139.0999999999999,991.7666666666665,1043.18,9.902314942495186
Bihar,2005,13.9,14.3,12.1,7.7,28.6,82.5,300.0,309.1,105.1,34.3,0.0,0.2,907.8,28.2,48.5,796.7,34.5,980.731914893617,-18.76475233433996,Normal,956.4,-125.89999999999998,993.9666666666666,995.8799999999999,6.4708331698694055
Bihar,2006,0.1,0.0,1.9,19.2,73.2,200.0,290.7,160.4,285.2,17.6,2.9,1.6,1052.8,0.1,94.3,936.3,22.1,980.731914893617,-4.530485265021354,Normal,796.7,-159.69999999999993,945.1333333333332,945.6800000000001,10.705518531547508
Bihar,2007,0.2,34.2,25.4,20.3,94.4,170.4,549.4,340.6,309.0,39.6,9.1,7.5,1600.2,34.3,140.2,1369.4,56.2,980.731914893617,39.63041063556528,Excess,936.3,139.5999999999999,896.4666666666666,942.9799999999999,10.740695408549398
Bihar,2008,25.6,4.4,3.2,10.4,48.9,291.2,397.2,278.1,117.1,21.4,0.1,0.0,1197.7,30.0,62.6,1083.5,21.6,980.731914893617,10.478713249331802,Normal,1369.4,433.10000000000014,1034.1333333333332,1028.22,21.002299930410945
Bihar,2009,0.3,0.4,1.1,2.9,98.5,67.7,213.6,298.9,127.6,72.6,5.1,0.8,889.3,0.7,102.5,707.7,78.4,980.731914893617,-27.839607414349683,Deficient,1083.5,-285.9000000000001,1129.7333333333333,1028.46,21.004767363222676
Bihar,2010,0.1,1.1,0.2,6.5,44.4,80.9,191.2,158.4,105.7,33.6,5.0,2.1,629.2,1.3,51.1,536.2,40.7,980.731914893617,-45.32654725953695,Deficient,707.7,-375.79999999999995,1053.533333333333,978.72,26.643411742955724
Bihar,2011,4.2,7.7,9.2,23.9,74.5,211.0,241.1,278.7,234.1,10.0,2.0,0.9,1097.1,11.8,107.6,964.8,12.9,980.731914893617,-1.6244923461418377,Normal,536.2,-171.5,775.7999999999998,926.6200000000001,35.016086905239085
Bihar,2012,18.1,2.7,7.3,20.4,18.8,96.2,354.0,240.4,233.8,34.3,6.4,0.0,1032.4,20.9,46.5,924.4,40.6,980.731914893617,-5.743864764483326,Normal,964.8,428.5999999999999,736.2333333333332,932.32,34.85162108534078
Bihar,2013,5.1,22.6,0.6,32.3,89.5,183.3,182.0,213.6,143.3,197.1,0.4,0.0,1069.9,27.7,122.4,722.2,197.5,980.731914893617,-26.36111978895484,Deficient,924.4,-40.39999999999998,808.4666666666666,843.32,25.96129436996976
Bihar,2014,17.0,33.5,8.4,0.7,103.9,115.2,265.4,307.6,160.3,47.8,0.0,1.2,1061.0,50.5,112.9,848.6,49.0,980.731914893617,-13.472786282064634,Normal,722.2,-202.19999999999993,870.4666666666666,771.0600000000001,22.706156608814247
Bihar,2015,12.8,1.8,27.2,38.7,39.5,122.1,231.5,287.0,101.7,10.4,0.0,0.0,872.7,14.6,105.5,742.3,10.4,980.731914893617,-24.311630046166137,Deficient,848.6,126.39999999999998,831.7333333333332,799.24,21.72864332826167
Bihar,2016,9.3,0.6,5.6,3.9,84.0,128.7,356.4,150.8,357.9,60.8,0.0,0.0,1158.0,9.9,93.5,993.9,60.8,980.731914893617,1.3426793710298817,Normal,742.3,-106.30000000000007,771.0333333333332,840.46,12.78624643101755
Bihar,2017,0.7,0.0,22.8,21.8,79.7,84.6,379.9,342.8,129.6,50.1,0.0,0.0,1112.0,0.7,124.3,936.8,50.2,980.731914893617,-4.479502933111188,Normal,993.9,251.60000000000002,861.5999999999999,846.28,13.74309449344053
Chhattisgarh,1901,48.9,116.5,27.8,5.5,18.4,101.6,381.0,476.7,182.8,27.3,0.4,0.0,1387.0,165.4,51.7,1142.2,27.7,1147.459574468085,-0.4583668640808668,Normal,,,,,
Chhattisgarh,1902,0.6,6.5,0.4,13.9,10.3,37.2,403.8,236.6,198.1,4.7,8.1,3.7,923.9,7.1,24.6,875.7,16.5,1147.459574468085,-23.683585941932776,Deficient,1142.2,,,,
Chhattisgarh,1903,6.2,13.9,0.4,6.8,51.1,110.7,365.9,396.0,212.0,168.0,0.1,0.0,1331.2,20.1,58.3,1084.7,168.1,1147.459574468085,-5.469436646356607,Normal,875.7,-266.5,,,
Chhattisgarh,1904,0.0,8.6,32.3,0.2,77.5,369.5,303.6,483.6,86.8,129.3,1.0,0.0,1492.4,8.6,110.0,1243.5,130.4,1147.459574468085,8.369830856693607,Normal,1084.7,209.0,1034.2,,
Chhattisgarh,1905,50.3,22.6,19.0,24.6,31.8,40.4,443.7,270.8,338.8,8.9,0.0,0.0,1251.1,72.9,75.5,1093.8,8.9,1147.459574468085,-4.676380385161671,Normal,1243.5,158.79999999999995,1067.9666666666667,,
Chhattisgarh,1906,25.0,91.0,52.5,0.0,4.1,210.1,445.2,258.3,242.3,41.2,10.2,14.7,1394.6,115.9,56.7,1155.8,66.1,1147.459574468085,0.7268600757269524,Normal,1093.8,-149.70000000000005,1140.6666666666667,1087.98,12.351481351895535
Chhattisgarh,1907,4.0,40.2,41.7,39.4,4.5,286.5,233.6,494.4,141.8,0.1,7.3,15.3,1308.8,44.3,85.6,1156.2,22.7,1147.459574468085,0.761719691603661,Normal,1155.8,62.0,1164.3666666666666,1090.7,12.458304315703408
Chhattisgarh,1908,8.4,67.1,6.3,1.5,6.5,182.4,465.9,590.0,146.7,12.9,0.0,1.1,1488.7,75.4,14.3,1385.0,14.0,1147.459574468085,20.70141997307651,Excess,1156.2,0.40000000000009095,1135.2666666666667,1146.8,5.54686411325316
Chhattisgarh,1909,11.3,5.8,3.1,112.8,6.1,266.1,473.9,210.8,142.8,6.7,0.0,44.7,1284.1,17.1,122.0,1093.6,51.4,1147.459574468085,-4.693810193100026,Normal,1385.0,228.79999999999995,1232.3333333333333,1206.86,9.359150132944444
Chhattisgarh,1910,9.0,0.6,3.7,21.5,13.3,246.0,296.6,441.4,265.2,92.6,17.4,0.0,1407.2,9.5,38.6,1249.2,110.0,1147.459574468085,8.866580382936597,Normal,1093.6,-291.4000000000001,1211.6000000000001,1176.8799999999999,10.233894499613024
Chhattisgarh,1911,2.2,0.0,21.7,0.8,9.0,366.7,215.7,474.6,244.6,131.6,37.4,0.0,1504.1,2.2,31.5,1301.5,169.0,1147.459574468085,13.424475158815222,Normal,1249.2,155.60000000000014,1242.6000000000001,1207.96,9.395356593615432
Chhattisgarh,1912,3.1,73.9,1.0,22.6,11.3,62.3,422.5,411.9,194.0,13.0,11.3,0.0,1227.0,77.0,34.9,1090.8,24.3,1147.459574468085,-4.937827504236927,Normal,1301.5,52.299999999999955,1214.7666666666667,1237.1,9.331471821725822
Chhattisgarh,1913,4.3,85.4,31.8,4.1,35.8,246.0,374.4,285.6,122.2,24.9,6.2,14.0,1234.6,89.7,71.7,1028.2,45.1,1147.459574468085,-10.393357388940592,Normal,1090.8,-210.70000000000005,1213.8333333333333,1224.02,10.597832542381653
Chhattisgarh,1914,0.0,7.9,21.0,38.6,51.5,186.1,493.8,373.0,234.1,5.0,0.2,6.8,1418.1,7.9,111.1,1287.0,12.0,1147.459574468085,12.160814083284816,Normal,1028.2,-62.59999999999991,1140.1666666666667,1152.66,10.106065496072935
Chhattisgarh,1915,25.0,42.4,19.7,16.6,21.2,131.3,364.6,435.9,251.0,121.0,27.2,0.0,1455.9,67.4,57.6,1182.7,148.2,1147.459574468085,3.071169243435089,Normal,1287.0,258.79999999999995,1135.3333333333333,1191.34,10.395984012744648
Chhattisgarh,1916,0.0,26.5,2.1,6.9,20.2,325.5,289.4,374.6,199.2,178.4,20.3,0.0,1443.0,26.5,29.1,1188.7,198.6,1147.459574468085,3.5940634815856005,Normal,1182.7,-104.29999999999995,1165.9666666666665,1178.0400000000002,10.15091030268897
Chhattisgarh,1917,3.6,63.7,26.6,10.8,44.0,296.9,374.0,475.2,287.8,144.1,0.3,0.7,1727.7,67.3,81.4,1433.9,145.0,1147.459574468085,24.963008014003197,Excess,1188.7,6.0,1219.4666666666667,1155.48,8.602950034472531
Chhattisgarh,1918,14.1,4.5,1.9,10.7,48.3,431.2,238.0,490.9,122.5,1.7,4.7,8.8,1377.2,18.6,60.9,1282.6,15.2,1147.459574468085,11.777358308641102,Normal,1433.9,245.20000000000005,1268.4333333333334,1224.1,12.207273159179149
Chhattisgarh,1919,98.3,65.2,30.1,13.5,33.0,396.5,392.9,511.2,152.4,150.6,13.9,1.4,1859.0,163.5,76.6,1453.1,165.8,1147.459574468085,26.63626957608481,Excess,1282.6,-151.30000000000018,1301.7333333333333,1274.98,7.9810663507843795
Chhattisgarh,1920,1.7,2.6,21.9,25.6,23.4,97.0,542.5,391.5,92.0,5.2,0.0,0.0,1203.4,4.3,70.9,1123.0,5.2,1147.459574468085,-2.131628426162509,Normal,1453.1,170.5,1389.8666666666668,1308.2,9.928668044689855
Chhattisgarh,1921,39.6,1.6,0.0,6.2,0.0,335.4,311.4,401.8,210.9,12.3,0.0,0.0,1319.4,41.2,6.2,1259.6,12.3,1147.459574468085,9.772930395730803,Normal,1123.0,-330.0999999999999,1286.2333333333333,1296.2599999999998,11.26676050446883
Chhattisgarh,1922,21.1,1.2,0.5,12.7,9.5,180.2,416.7,305.2,297.6,23.5,38.9,1.7,1308.8,22.3,22.7,1199.7,64.0,1147.459574468085,4.552702918194873,Normal,1259.6,136.5999999999999,1278.5666666666666,1310.44,10.385469403766301
Chhattisgarh,1923,3.9,27.1,15.2,9.7,5.3,103.8,374.6,582.3,194.9,61.9,8.0,0.5,1387.2,31.0,30.3,1255.6,70.4,1147.459574468085,9.424334236963798,Normal,1199.7,-59.899999999999864,1194.1000000000001,1263.6,9.703710656178584
Chhattisgarh,1924,32.3,11.1,5.9,9.0,18.0,83.5,310.3,329.5,330.6,79.5,124.5,0.1,1334.2,43.4,32.9,1053.9,204.1,1147.459574468085,-8.153627068862564,Normal,1255.6,55.899999999999864,1238.3,1258.2,9.709413836983417
Chhattisgarh,1925,0.2,0.5,0.3,10.6,88.6,368.8,560.4,476.6,166.8,45.1,19.1,0.0,1737.1,0.7,99.5,1572.6,64.3,1147.459574468085,37.05057981924918,Excess,1053.9,-201.69999999999982,1169.7333333333333,1178.3600000000001,7.540030931810381
Chhattisgarh,1926,33.2,10.7,99.7,63.3,45.3,55.3,374.4,555.5,330.5,63.4,0.2,3.3,1634.9,43.9,208.3,1315.8,66.9,1147.459574468085,14.670706426407271,Normal,1572.6,518.6999999999998,1294.0333333333335,1268.28,14.934617658637118
Chhattisgarh,1927,11.7,57.9,24.1,2.3,15.9,193.3,468.3,488.8,171.9,75.2,27.8,0.0,1537.1,69.6,42.2,1322.3,103.1,1147.459574468085,15.23717518440366,Normal,1315.8,-256.79999999999995,1314.1,1279.52,14.883210509706416
Chhattisgarh,1928,6.8,11.3,8.8,13.6,16.7,210.1,384.4,272.7,192.5,97.8,0.0,4.4,1219.2,18.1,39.2,1059.7,102.2,1147.459574468085,-7.6481626386504065,Normal,1322.3,6.5,1403.5666666666666,1304.04,14.218389923456346
Chhattisgarh,1929,23.1,28.9,1.2,14.4,5.6,216.2,597.9,461.1,179.2,94.3,0.0,41.9,1663.8,51.9,21.2,1454.5,136.2,1147.459574468085,26.758278231653275,Excess,1059.7,-262.5999999999999,1232.6000000000001,1264.8600000000001,17.102997121906697
Chhattisgarh,1930,0.0,4.0,13.5,43.3,7.9,190.9,517.4,285.0,185.3,37.3,93.9,5.1,1383.5,4.0,64.7,1178.6,136.2,1147.459574468085,2.7138581806988937,Normal,1454.5,394.79999999999995,1278.8333333333333,1344.98,14.231675116094234
Chhattisgarh,1931,8.4,64.4,14.5,10.6,14.6,104.6,359.1,510.8,169.3,156.3,54.1,0.2,1467.0,72.7,39.8,1143.9,210.7,1147.459574468085,-0.3102134966048844,Normal,1178.6,-275.9000000000001,1230.9333333333332,1266.1799999999998,11.93715323128044
Chhattisgarh,1932,0.0,22.9,3.7,9.5,18.8,109.6,525.2,300.9,272.6,56.4,37.6,0.2,1357.6,22.9,32.1,1208.3,94.3,1147.459574468085,5.302184659543932,Normal,1143.9,-34.69999999999982,1259.0,1231.8,12.70443989210931
Chhattisgarh,1933,31.6,75.9,14.9,21.9,97.3,310.7,388.9,368.3,286.5,41.4,7.9,5.5,1650.6,107.5,134.1,1354.4,54.7,1147.459574468085,18.03465935850891,Normal,1208.3,64.39999999999986,1176.9333333333334,1209.0,12.249022471339137
Chhattisgarh,1934,1.8,0.0,1.5,11.5,0.0,263.1,412.0,483.4,305.3,37.0,12.3,1.1,1529.2,1.8,13.0,1463.9,50.5,1147.459574468085,27.57747920475576,Excess,1354.4,146.10000000000014,1235.5333333333335,1267.94,10.373810693152883
Chhattisgarh,1935,12.2,17.9,5.1,33.4,4.1,132.2,562.1,247.2,247.6,3.8,0.0,3.6,1269.2,30.1,42.7,1189.1,7.3,1147.459574468085,3.62892309746229,Normal,1463.9,109.5,1342.2,1269.8200000000002,10.622854434125488
Chhattisgarh,1936,31.9,44.7,14.6,4.3,46.6,413.1,463.8,434.5,258.0,90.4,18.2,6.1,1826.2,76.6,65.5,1569.4,114.7,1147.459574468085,36.7717028922356,Excess,1189.1,-274.8000000000002,1335.8,1271.92,10.471330256978721
Chhattisgarh,1937,0.0,66.2,21.5,76.3,19.2,222.6,501.0,391.9,237.0,79.8,1.0,0.2,1616.8,66.2,117.0,1352.6,81.0,1147.459574468085,17.87779108706374,Normal,1569.4,380.3000000000002,1407.466666666667,1357.02,12.044020402283888
Chhattisgarh,1938,18.4,25.1,5.4,8.2,48.8,269.2,386.8,343.5,266.7,126.6,7.0,0.1,1505.8,43.5,62.3,1266.3,133.7,1147.459574468085,10.35682896166555,Normal,1352.6,-216.80000000000018,1370.3666666666666,1385.8799999999999,10.241853596259482
Chhattisgarh,1939,6.5,22.8,53.2,19.9,1.1,188.6,427.5,478.6,198.3,79.3,4.6,0.0,1480.3,29.3,74.2,1293.0,83.9,1147.459574468085,12.683708321435333,Normal,1266.3,-86.29999999999995,1396.1000000000001,1368.26,11.104652956913103
Chhattisgarh,1940,0.2,23.0,31.1,26.4,41.5,218.6,542.9,395.6,72.8,67.2,4.9,24.3,1448.4,23.2,98.9,1229.8,96.4,1147.459574468085,7.1758890129166,Normal,1293.0,26.700000000000045,1303.9666666666665,1334.08,10.798859596809217
Chhattisgarh,1941,20.8,13.8,18.4,3.3,27.1,240.8,218.6,238.7,146.0,70.9,6.5,0.2,1005.1,34.6,48.8,844.1,77.6,1147.459574468085,-26.43749559619214,Deficient,1229.8,-63.200000000000045,1263.0333333333335,1342.2199999999998,10.033320306935861
Chhattisgarh,1942,13.1,48.2,7.5,18.7,17.7,164.1,540.7,470.7,289.6,23.9,1.6,2.3,1598.3,61.3,44.0,1465.2,27.8,1147.459574468085,27.690772956355023,Excess,844.1,-385.69999999999993,1122.3,1197.16,16.905695435165214
Chhattisgarh,1943,99.5,5.1,1.0,19.5,32.1,214.2,459.7,386.5,373.6,52.8,1.0,0.0,1645.1,104.6,52.6,1434.1,53.8,1147.459574468085,24.98043782194153,Excess,1465.2,621.1,1179.7,1219.68,18.74083787316221
Chhattisgarh,1944,24.4,78.3,102.9,25.0,11.1,101.3,611.7,439.8,247.7,142.8,7.5,0.1,1792.7,102.7,139.0,1400.5,150.4,1147.459574468085,22.052230088298668,Excess,1434.1,-31.100000000000136,1247.8,1253.2400000000002,19.834792962645025
Chhattisgarh,1945,30.1,7.6,0.0,58.6,7.0,200.7,428.5,397.2,376.6,71.9,6.4,0.9,1585.6,37.8,65.6,1403.0,79.3,1147.459574468085,22.27010268752805,Excess,1400.5,-33.59999999999991,1433.2666666666664,1274.7400000000002,20.189974550623937
Chhattisgarh,1946,0.0,11.0,2.3,35.3,25.3,307.9,419.9,522.5,181.6,63.9,29.0,0.4,1599.0,11.0,62.8,1431.9,93.3,1147.459574468085,24.78870993461969,Excess,1403.0,2.5,1412.5333333333335,1309.3799999999999,19.96613557230797
Chhattisgarh,1947,31.0,29.9,12.0,6.7,9.7,140.1,510.6,476.4,283.2,80.0,4.5,15.6,1599.6,60.9,28.4,1410.2,100.1,1147.459574468085,22.897575773308667,Excess,1431.9,28.90000000000009,1411.8,1426.94,1.8580765834650772
Chhattisgarh,1948,31.0,8.0,14.2,21.5,11.6,216.0,390.1,423.7,246.9,42.3,86.4,0.0,1491.7,39.0,47.4,1276.7,128.7,1147.459574468085,11.263178974459777,Normal,1410.2,-21.700000000000045,1415.0333333333335,1415.94,1.1296006747170728
Chhattisgarh,1949,1.2,7.6,4.0,9.9,61.5,181.7,381.0,412.3,280.3,159.8,0.0,0.2,1499.6,8.8,75.4,1255.4,160.0,1147.459574468085,9.406904429025465,Normal,1276.7,-133.5,1372.9333333333334,1384.4600000000003,4.441773471005023
Chhattisgarh,1950,0.4,40.1,50.9,1.3,10.0,172.4,457.2,374.7,148.9,16.7,19.6,0.0,1292.2,40.5,62.2,1153.2,36.3,1147.459574468085,0.5002725725284051,Normal,1255.4,-21.299999999999955,1314.1000000000001,1355.44,6.096606691033999
Chhattisgarh,1951,4.5,2.8,102.3,59.8,34.5,145.1,338.4,459.4,166.5,96.8,1.5,0.0,1411.6,7.3,196.6,1109.4,98.2,1147.459574468085,-3.316855365970328,Normal,1153.2,-102.20000000000005,1228.4333333333334,1305.48,8.856665785889865
Chhattisgarh,1952,1.2,20.0,18.8,18.2,23.4,120.8,439.4,385.8,304.0,62.8,0.0,2.0,1396.4,21.2,60.4,1250.0,64.8,1147.459574468085,8.936299614689993,Normal,1109.4,-43.799999999999955,1172.6666666666667,1240.98,9.460852800637378
Chhattisgarh,1953,24.3,5.1,0.1,22.7,5.8,140.8,421.3,483.6,209.1,55.0,2.4,0.0,1370.2,29.4,28.6,1254.8,57.4,1147.459574468085,9.3546150052104,Normal,1250.0,140.5999999999999,1170.8666666666668,1208.94,6.0574432273852
Chhattisgarh,1954,2.7,2.2,4.4,11.7,6.5,114.9,314.0,358.1,361.4,12.5,0.0,5.4,1193.7,4.9,22.5,1148.4,17.8,1147.459574468085,0.0819571820079995,Normal,1254.8,4.7999999999999545,1204.7333333333333,1204.56,5.701525329915947
Chhattisgarh,1955,15.1,1.2,3.2,13.5,23.3,242.1,283.1,406.0,276.6,174.2,2.4,0.0,1440.7,16.3,39.9,1207.8,176.6,1147.459574468085,5.258610139698057,Normal,1148.4,-106.39999999999986,1217.7333333333333,1183.16,5.533646091541027
Chhattisgarh,1956,2.2,13.9,7.1,3.0,68.4,278.0,468.5,404.3,227.3,69.6,10.7,4.0,1557.0,16.1,78.5,1378.1,84.2,1147.459574468085,20.100091599203417,Excess,1207.8,59.399999999999864,1203.6666666666667,1194.0800000000002,5.339383085757589
Chhattisgarh,1957,14.8,10.4,48.7,17.0,16.2,114.8,449.7,416.7,105.8,28.3,0.0,0.0,1222.4,25.1,82.0,1087.0,28.3,1147.459574468085,-5.268993855065581,Normal,1378.1,170.29999999999995,1244.7666666666667,1247.82,6.766032767320423
Chhattisgarh,1958,9.5,38.8,21.6,17.1,19.2,101.2,509.4,376.0,265.8,133.0,29.3,0.0,1520.9,48.3,57.9,1252.5,162.3,1147.459574468085,9.154172213919374,Normal,1087.0,-291.0999999999999,1224.3,1215.2199999999998,9.11307068822739
Chhattisgarh,1959,32.0,3.3,0.2,3.6,15.5,180.4,408.9,473.1,357.9,69.0,0.1,0.3,1544.2,35.2,19.3,1420.3,69.4,1147.459574468085,23.77778107419536,Excess,1252.5,165.5,1239.1999999999998,1214.7599999999998,9.099982416729079
Chhattisgarh,1960,18.0,0.7,44.4,10.2,11.2,168.6,412.1,441.5,145.4,111.9,0.4,0.0,1364.3,18.6,65.8,1167.6,112.3,1147.459574468085,1.755218744089622,Normal,1420.3,167.79999999999995,1253.2666666666667,1269.1399999999999,10.566566546476743
Chhattisgarh,1961,2.5,44.1,5.0,10.9,16.1,377.4,533.2,467.6,401.2,102.8,5.8,7.3,1974.0,46.6,32.0,1779.5,115.9,1147.459574468085,55.08171613147268,Excess,1167.6,-252.70000000000005,1280.1333333333334,1261.1,11.084461202804293
Chhattisgarh,1962,3.8,15.8,10.4,23.8,28.0,130.5,371.6,276.1,210.0,26.3,2.0,26.4,1124.7,19.6,62.3,988.1,54.7,1147.459574468085,-13.88803388057985,Normal,1779.5,611.9000000000001,1455.8,1341.3799999999999,20.449900592047914
Chhattisgarh,1963,0.4,5.4,8.9,44.8,28.2,160.8,349.4,387.7,258.8,91.2,1.2,0.3,1337.2,5.8,82.0,1156.7,92.7,1147.459574468085,0.8052942114495372,Normal,988.1,-791.4,1311.7333333333333,1321.6,22.672222756992426
Chhattisgarh,1964,1.0,21.9,3.9,6.5,4.5,269.2,371.6,515.3,201.8,109.1,4.1,0.0,1509.1,23.0,14.9,1358.0,113.3,1147.459574468085,18.348395901399208,Normal,1156.7,168.60000000000002,1308.1000000000001,1302.44,23.655799369103
Chhattisgarh,1965,5.8,4.5,22.3,14.4,8.4,111.1,310.0,208.3,251.8,4.9,0.0,0.0,941.6,10.2,45.1,881.2,4.9,1147.459574468085,-23.20426622362813,Deficient,1358.0,201.29999999999995,1167.6000000000001,1289.98,23.517261735109457
Chhattisgarh,1966,20.9,0.0,2.2,16.3,19.0,267.8,294.0,253.4,154.6,25.1,12.8,20.9,1087.1,20.9,37.6,969.8,58.8,1147.459574468085,-15.482861306938918,Normal,881.2,-476.79999999999995,1131.966666666667,1232.7,28.791365696545224
Chhattisgarh,1967,1.7,0.0,96.8,15.5,12.2,184.3,397.9,508.3,188.5,9.2,0.4,57.6,1472.5,1.7,124.5,1279.0,67.2,1147.459574468085,11.4636217657508,Normal,969.8,88.59999999999991,1069.6666666666667,1070.7599999999998,17.648981489449273
Chhattisgarh,1968,25.6,26.1,16.3,19.5,4.5,176.2,354.9,269.9,210.7,59.7,0.7,3.9,1168.0,51.7,40.2,1011.7,64.4,1147.459574468085,-11.831316543854502,Normal,1279.0,309.20000000000005,1043.3333333333333,1128.94,17.85128004206745
Chhattisgarh,1969,6.0,1.6,0.6,18.7,46.2,121.8,442.4,291.4,211.4,18.5,6.0,7.9,1172.6,7.6,65.6,1067.0,32.5,1147.459574468085,-7.011974648900621,Normal,1011.7,-267.29999999999995,1086.8333333333333,1099.94,18.809947302217857
Chhattisgarh,1970,12.1,11.9,44.9,18.9,23.2,237.9,453.2,443.1,236.4,19.9,0.0,0.0,1501.5,24.0,87.0,1370.6,19.9,1147.459574468085,19.44647380151528,Excess,1067.0,55.299999999999955,1119.2333333333333,1041.7400000000002,14.301159416401388
Chhattisgarh,1971,20.3,24.8,11.6,48.8,68.6,384.1,354.6,398.8,127.9,89.6,4.7,0.0,1533.8,45.1,129.0,1265.4,94.3,1147.459574468085,10.278394825942982,Normal,1370.6,303.5999999999999,1149.7666666666667,1139.62,15.403217712896893
Chhattisgarh,1972,0.1,19.2,1.2,15.2,6.2,123.9,319.4,392.0,232.4,49.2,36.3,3.9,1198.9,19.3,22.6,1067.7,89.3,1147.459574468085,-6.95097032111639,Normal,1265.4,-105.19999999999982,1234.3333333333333,1198.74,12.703590387235172
Chhattisgarh,1973,3.8,10.0,2.6,3.1,6.9,97.9,429.3,401.9,286.5,223.3,2.0,0.0,1467.3,13.8,12.7,1215.5,225.3,1147.459574468085,5.92965774532455,Normal,1067.7,-197.70000000000005,1234.5666666666668,1156.48,13.294968946032792
Chhattisgarh,1974,0.0,6.6,2.5,1.5,9.2,115.6,253.4,353.3,100.4,97.3,11.3,0.0,951.0,6.6,13.1,822.6,108.6,1147.459574468085,-28.31119994956481,Deficient,1215.5,147.79999999999995,1182.8666666666668,1197.24,10.952345980199391
Chhattisgarh,1975,9.7,7.4,11.3,3.7,8.7,202.5,403.3,421.3,265.7,140.8,0.9,0.0,1475.5,17.2,23.8,1292.7,141.7,1147.459574468085,12.657563609527807,Normal,822.6,-392.9,1035.2666666666667,1148.3600000000001,18.484014409133586
Chhattisgarh,1976,0.4,4.1,1.1,15.9,12.6,100.0,569.0,492.1,174.5,2.8,6.7,0.2,1379.3,4.5,29.6,1335.6,9.7,1147.459574468085,16.396257412303957,Normal,1292.7,470.1,1110.2666666666667,1132.7800000000002,17.12078092825637
Chhattisgarh,1977,4.1,4.9,2.2,19.0,33.7,242.4,509.3,386.3,196.5,19.9,40.9,6.1,1465.5,9.0,54.9,1334.6,67.0,1147.459574468085,16.309108372612204,Normal,1335.6,42.899999999999864,1150.3,1146.8200000000002,18.134928871576136
Chhattisgarh,1978,4.1,13.7,18.9,12.8,3.7,257.0,377.7,470.8,176.0,11.5,11.9,12.2,1370.4,17.9,35.4,1281.5,35.6,1147.459574468085,11.681494364980182,Normal,1334.6,-1.0,1320.9666666666667,1200.2,18.052106587978304
Chhattisgarh,1979,20.7,24.7,0.6,4.4,4.4,176.3,209.8,267.2,155.5,26.1,11.3,3.6,904.6,45.4,9.4,808.8,41.0,1147.459574468085,-29.51385669731099,Deficient,1281.5,-53.09999999999991,1317.2333333333333,1213.4,18.11555442541116
Chhattisgarh,1980,5.3,2.3,7.9,7.2,15.5,273.0,426.6,362.2,369.4,21.4,0.0,4.6,1495.4,7.7,30.6,1431.2,26.0,1147.459574468085,24.72770560683546,Excess,808.8,-472.70000000000005,1141.6333333333332,1210.6399999999999,18.663583406185953
Chhattisgarh,1981,20.7,1.6,20.7,4.0,15.6,127.5,356.2,409.1,237.2,20.7,0.9,2.2,1216.2,22.3,40.3,1129.9,23.7,1147.459574468085,-1.5303000522894123,Normal,1431.2,622.4000000000001,1173.8333333333333,1238.34,19.874487605018786
Chhattisgarh,1982,27.2,18.9,22.5,11.5,25.0,133.5,251.8,501.1,119.1,75.2,10.9,0.6,1197.4,46.2,59.0,1005.6,86.7,1147.459574468085,-12.36292568597419,Normal,1129.9,-301.29999999999995,1123.3,1197.2,20.29431390488168
Chhattisgarh,1983,0.3,24.9,1.5,20.4,28.4,155.7,324.2,417.6,330.9,58.2,0.6,9.4,1371.9,25.1,50.3,1228.3,68.1,1147.459574468085,7.0451654533789725,Normal,1005.6,-124.30000000000007,1188.9,1131.4,21.300341540100245
Chhattisgarh,1984,35.3,12.4,0.1,24.9,15.5,291.6,322.0,400.2,99.8,52.7,0.2,0.0,1254.7,47.7,40.5,1113.6,52.9,1147.459574468085,-2.9508293992649857,Normal,1228.3,222.69999999999993,1121.2666666666667,1120.76,20.858577992226323
Chhattisgarh,1985,33.2,9.4,0.4,8.7,11.9,137.2,398.9,346.0,214.6,77.2,0.0,0.0,1237.5,42.6,21.0,1096.8,77.2,1147.459574468085,-4.414933266086416,Normal,1113.6,-114.70000000000005,1115.8333333333333,1181.72,13.562960848908315
Chhattisgarh,1986,23.3,45.7,10.0,11.5,8.7,361.9,367.9,321.0,98.7,61.9,33.9,24.1,1368.6,69.0,30.2,1149.5,119.9,1147.459574468085,0.1778211256689187,Normal,1096.8,-16.799999999999955,1146.2333333333333,1114.84,7.142248048755199
Chhattisgarh,1987,9.2,9.3,7.9,2.4,22.1,81.0,409.9,264.8,214.0,82.5,37.5,2.2,1142.8,18.5,32.4,969.7,122.2,1147.459574468085,-15.491576210908086,Normal,1149.5,52.700000000000045,1119.9666666666665,1118.7599999999998,7.242091294942607
Chhattisgarh,1988,0.7,25.1,6.2,22.7,8.8,219.7,375.0,351.1,167.8,28.7,0.4,0.1,1206.3,25.8,37.7,1113.6,29.2,1147.459574468085,-2.9508293992649857,Normal,969.7,-179.79999999999995,1072.0,1111.58,8.464795154808465
Chhattisgarh,1989,0.1,0.0,10.5,1.0,8.9,226.8,372.1,353.7,173.9,10.4,5.2,24.6,1187.2,0.1,20.4,1126.5,40.2,1147.459574468085,-1.826606787241377,Normal,1113.6,143.89999999999986,1077.6,1088.6399999999999,6.357997050104657
Chhattisgarh,1990,0.5,18.5,9.2,7.4,122.3,293.6,393.9,375.9,268.2,143.6,9.4,1.4,1643.8,19.0,138.9,1331.5,154.4,1147.459574468085,16.03894634956778,Normal,1126.5,12.900000000000091,1069.9333333333334,1091.22,6.4702945819797995
Chhattisgarh,1991,10.6,1.6,9.2,3.7,4.7,143.8,446.2,411.2,135.1,37.9,9.3,7.6,1220.8,12.2,17.5,1136.2,54.9,1147.459574468085,-0.9812611022313787,Normal,1331.5,205.0,1190.5333333333333,1138.16,11.33943453482477
Chhattisgarh,1992,0.1,0.3,0.5,1.9,5.4,137.1,401.3,419.1,180.0,7.9,3.0,0.0,1156.6,0.4,7.8,1137.5,10.9,1147.459574468085,-0.8679673506321052,Normal,1136.2,-195.29999999999995,1198.0666666666666,1135.5,11.352331251655775
Chhattisgarh,1993,0.0,5.3,7.1,4.7,10.0,167.2,351.0,299.5,298.6,60.1,1.9,0.0,1205.3,5.3,21.7,1116.3,61.9,1147.459574468085,-2.715526992097251,Normal,1137.5,1.2999999999999545,1201.7333333333333,1169.06,7.810509721965167
Chhattisgarh,1994,3.5,8.4,0.0,5.2,9.1,413.4,575.7,447.7,212.0,76.9,2.7,0.0,1754.5,11.8,14.3,1648.8,79.6,1147.459574468085,43.691336643760685,Excess,1116.3,-21.200000000000045,1130.0,1169.6,7.772456858919351
Chhattisgarh,1995,43.5,2.6,24.0,5.2,24.9,119.5,478.3,356.0,137.7,69.6,11.2,8.2,1280.7,46.1,54.1,1091.4,89.1,1147.459574468085,-4.885538080421864,Normal,1648.8,532.5,1300.8666666666668,1274.06,17.823783438632137
Chhattisgarh,1996,11.1,5.6,3.6,4.8,2.2,195.2,352.4,429.4,156.8,25.0,0.8,0.2,1187.0,16.7,10.6,1133.8,26.0,1147.459574468085,-1.1904187974915916,Normal,1091.4,-557.3999999999999,1285.5,1226.04,19.336178175578944
Chhattisgarh,1997,6.3,0.1,2.2,45.7,7.2,153.8,384.6,414.7,167.5,30.2,51.4,53.5,1317.2,6.4,55.1,1120.6,135.1,1147.459574468085,-2.3407861214227217,Normal,1133.8,42.399999999999864,1291.3333333333333,1225.56,19.362493380211195
Chhattisgarh,1998,64.9,11.2,27.3,11.9,16.4,156.2,356.0,259.6,288.3,93.1,47.8,0.0,1332.5,76.0,55.6,1060.1,140.9,1147.459574468085,-7.613303022773718,Normal,1120.6,-13.200000000000045,1115.2666666666667,1222.1799999999998,19.55368585292483
Chhattisgarh,1999,0.0,3.1,0.1,0.0,31.5,222.5,310.0,408.7,253.7,91.2,1.3,0.6,1322.6,3.1,31.6,1194.9,93.0,1147.459574468085,4.134387527674467,Normal,1060.1,-60.5,1104.8333333333333,1210.94,20.348832367783206
Chhattisgarh,2000,2.6,0.0,0.6,1.5,9.3,180.7,322.4,215.6,169.1,4.3,0.2,0.1,906.3,2.6,11.4,887.8,4.6,1147.459574468085,-22.629082561662585,Deficient,1194.9,134.80000000000018,1125.2,1120.1599999999999,4.509533295394675
Chhattisgarh,2001,0.8,0.3,14.6,17.6,16.6,339.4,630.6,380.3,108.4,86.9,4.6,0.0,1600.1,1.1,48.7,1458.8,91.6,1147.459574468085,27.133019102327804,Excess,887.8,-307.10000000000014,1047.6000000000001,1079.44,10.87098322228995
Chhattisgarh,2002,41.5,4.9,12.2,3.3,32.1,196.3,138.4,352.4,122.3,57.8,13.3,15.9,990.2,46.4,47.5,809.3,86.9,1147.459574468085,-29.470282177465112,Deficient,1458.8,571.0,1180.5,1144.44,18.272138380480076
Chhattisgarh,2003,3.7,17.7,12.1,2.6,0.7,128.7,446.6,519.7,384.1,157.6,5.8,14.9,1694.3,21.4,15.5,1479.1,178.2,1147.459574468085,28.90214460807037,Excess,809.3,-649.5,1051.9666666666665,1082.18,23.886702043057078
Chhattisgarh,2004,37.8,16.7,3.1,21.2,6.8,213.1,323.1,351.7,126.5,43.9,0.7,0.1,1144.5,54.5,31.1,1014.3,44.6,1147.459574468085,-11.604729040655954,Normal,1479.1,669.8,1249.0666666666666,1165.98,26.753547681580493
Chhattisgarh,2005,57.6,15.6,6.1,6.5,16.4,197.0,393.8,267.7,240.5,83.5,1.6,1.0,1287.2,73.2,29.0,1099.0,86.1,1147.459574468085,-4.223205378764558,Normal,1014.3,-464.79999999999995,1100.8999999999999,1129.8600000000001,28.158296160870577
Chhattisgarh,2006,2.7,0.0,26.2,17.2,23.5,92.2,495.1,447.2,184.6,13.3,15.1,0.7,1317.7,2.7,66.8,1219.0,29.1,1147.459574468085,6.234679384245682,Normal,1099.0,84.70000000000005,1197.4666666666665,1172.1,24.812209470317494
Chhattisgarh,2007,0.0,15.7,6.2,11.4,10.4,259.4,309.9,338.8,259.1,67.8,2.0,0.5,1281.2,15.7,28.0,1167.2,70.3,1147.459574468085,1.7203591282129331,Normal,1219.0,120.0,1110.7666666666667,1124.1399999999999,22.09715380909535
Chhattisgarh,2008,6.7,9.7,22.2,11.2,9.5,236.4,280.5,305.1,215.4,10.7,1.2,0.0,1108.5,16.4,42.9,1037.4,11.8,1147.459574468085,-9.59158622377647,Normal,1167.2,-51.799999999999955,1161.7333333333333,1195.7199999999998,14.720563646779544
Chhattisgarh,2009,1.2,0.0,2.3,1.9,11.2,45.3,455.0,247.1,104.7,43.6,42.5,1.9,956.6,1.2,15.4,852.0,88.0,1147.459574468085,-25.7490181826273,Deficient,1037.4,-129.79999999999995,1141.2,1107.38,7.777196731892816
Chhattisgarh,2010,7.9,4.9,1.0,5.9,12.6,102.6,426.8,340.3,302.5,54.3,20.2,27.6,1306.6,12.8,19.4,1172.2,102.1,1147.459574468085,2.1561043266716933,Normal,852.0,-185.4000000000001,1018.8666666666668,1074.92,13.234795130814398
Chhattisgarh,2011,0.3,11.5,2.6,35.0,16.8,183.5,272.6,379.8,382.2,15.5,0.0,2.8,1302.7,11.8,54.4,1218.2,18.3,1147.459574468085,6.164960152492284,Normal,1172.2,320.20000000000005,1020.5333333333334,1089.56,13.672432225191544
Chhattisgarh,2012,36.6,4.8,1.1,14.9,9.4,147.3,430.6,442.2,245.3,19.8,20.4,5.0,1377.4,41.5,25.4,1265.4,45.1,1147.459574468085,10.278394825942982,Normal,1218.2,46.0,1080.8,1089.4,13.658518494690734
Chhattisgarh,2013,2.8,19.7,4.9,45.8,5.7,263.6,418.8,336.6,140.9,180.9,0.3,0.0,1420.0,22.5,56.4,1159.9,181.2,1147.459574468085,1.0841711384631474,Normal,1265.4,47.200000000000045,1218.6000000000001,1109.0400000000002,15.058027204569571
Chhattisgarh,2014,2.3,29.0,21.4,17.3,25.0,104.9,416.7,327.7,252.7,77.9,2.6,1.1,1278.7,31.3,63.7,1102.1,81.6,1147.459574468085,-3.953043355720134,Normal,1159.9,-105.5,1214.5000000000002,1133.54,14.361628469825774
Chhattisgarh,2015,15.8,1.2,21.2,37.0,13.0,257.6,248.6,286.6,216.9,17.7,0.6,1.5,1117.6,17.0,71.2,1009.7,19.7,1147.459574468085,-12.005614623238008,Normal,1102.1,-57.80000000000018,1175.8,1183.56,5.212184128171584
Chhattisgarh,2016,6.1,3.6,24.5,4.4,19.6,164.2,361.0,357.1,295.6,79.8,0.0,0.0,1315.8,9.8,48.5,1177.8,79.8,1147.459574468085,2.6441389489454963,Normal,1009.7,-92.39999999999986,1090.5666666666666,1151.06,8.6919103213128
Chhattisgarh,2017,0.9,0.7,3.5,0.8,15.6,184.8,378.3,300.4,177.7,61.6,0.2,0.0,1124.4,1.6,19.8,1041.2,61.8,1147.459574468085,-9.260419872947818,Normal,1177.8,168.0999999999999,1096.5333333333333,1142.98,8.290871614955753
Coastal Andhra Pradesh,1901,18.8,80.9,7.2,28.7,68.7,77.7,113.0,133.7,125.3,173.4,164.8,1.5,993.8,99.7,104.6,449.7,339.8,665.1851063829787,-32.39475813803229,Deficient,,,,,
Coastal Andhra Pradesh,1902,2.0,0.0,2.8,23.9,37.6,72.6,144.5,236.1,204.5,262.0,50.4,27.1,1063.6,2.0,64.4,657.7,339.5,665.1851063829787,-1.125266683086123,Normal,449.7,,,,
Coastal Andhra Pradesh,1903,0.8,13.3,0.2,6.2,73.4,154.0,248.6,258.0,216.5,159.1,173.9,12.1,1316.2,14.2,79.8,877.1,345.1,665.1851063829787,31.85803343814073,Excess,657.7,208.00000000000006,,,
Coastal Andhra Pradesh,1904,1.3,0.0,5.4,3.0,136.3,107.8,120.2,117.7,116.8,240.9,0.0,10.7,860.2,1.3,144.7,462.6,251.6,665.1851063829787,-30.455448331451485,Deficient,877.1,219.39999999999998,661.5,,
Coastal Andhra Pradesh,1905,1.1,16.7,68.0,37.0,68.8,84.4,64.6,210.8,170.2,66.0,7.4,0.0,795.2,17.8,173.8,530.1,73.4,665.1851063829787,-20.30789701794732,Deficient,462.6,-414.5,665.8000000000001,,
Coastal Andhra Pradesh,1906,3.9,23.5,9.9,2.3,11.0,252.6,155.8,241.1,126.9,92.1,21.5,80.8,1021.5,27.4,23.2,776.4,194.5,665.1851063829787,16.71939021932785,Normal,530.1,67.5,623.2666666666668,595.44,29.85002492394841
Coastal Andhra Pradesh,1907,0.6,3.0,38.9,80.9,18.9,224.5,119.7,118.2,94.7,37.0,52.4,29.1,817.9,3.6,138.7,557.2,118.4,665.1851063829787,-16.23384308319232,Normal,776.4,246.29999999999995,589.6999999999999,660.7800000000001,25.82982894095622
Coastal Andhra Pradesh,1908,54.1,1.3,1.7,7.2,40.9,57.2,120.9,162.0,320.9,73.9,2.1,0.0,842.3,55.5,49.8,661.1,75.9,665.1851063829787,-0.6141307650725835,Normal,557.2,-219.19999999999993,621.2333333333335,640.6800000000001,27.616716889868105
Coastal Andhra Pradesh,1909,1.3,1.3,0.2,112.2,34.0,109.7,154.2,193.1,169.8,13.4,3.1,75.2,867.6,2.6,146.5,626.8,91.7,665.1851063829787,-5.770590173268041,Normal,661.1,103.89999999999998,664.9,597.48,20.569281539110683
Coastal Andhra Pradesh,1910,0.9,2.4,0.2,31.9,22.6,179.6,222.2,204.5,216.8,286.4,87.2,0.0,1254.6,3.3,54.7,823.0,373.6,665.1851063829787,23.72495897798406,Excess,626.8,-34.30000000000007,615.0333333333334,630.32,15.399993364583775
Coastal Andhra Pradesh,1911,0.0,0.0,10.3,14.4,31.2,150.5,158.1,76.2,160.4,119.7,77.6,21.0,819.5,0.0,56.0,545.1,218.4,665.1851063829787,-18.0528856149464,Normal,823.0,196.20000000000005,703.6333333333333,688.9,15.837167313555703
Coastal Andhra Pradesh,1912,0.0,9.6,4.8,15.2,33.6,55.9,217.9,230.1,188.7,86.1,61.7,0.0,903.6,9.6,53.6,692.5,147.9,665.1851063829787,4.106359771876015,Normal,545.1,-277.9,664.9666666666667,642.6400000000001,17.386282943935303
Coastal Andhra Pradesh,1913,0.0,12.9,0.5,3.3,68.2,129.0,166.9,124.3,119.5,206.7,7.2,2.4,841.0,12.9,72.1,539.7,216.3,665.1851063829787,-18.86468972002673,Normal,692.5,147.39999999999998,686.8666666666667,669.7,15.20217459453885
Coastal Andhra Pradesh,1914,0.0,10.9,5.8,73.0,77.7,171.7,157.4,178.5,292.4,22.8,17.8,5.1,1013.2,10.9,156.6,800.0,45.7,665.1851063829787,20.267274826715976,Excess,539.7,-152.79999999999995,592.4333333333334,645.4200000000001,18.223932285084476
Coastal Andhra Pradesh,1915,21.1,17.9,53.3,44.8,63.5,177.3,134.8,226.5,170.5,228.8,208.8,0.0,1347.4,39.0,161.7,709.1,437.7,665.1851063829787,6.601905724530376,Normal,800.0,260.29999999999995,677.4000000000001,680.0600000000001,19.84946473263462
Coastal Andhra Pradesh,1916,0.2,5.1,0.5,16.3,43.9,157.9,282.1,197.1,166.2,355.9,126.0,0.1,1351.2,5.3,60.7,803.3,481.9,665.1851063829787,20.76337733537617,Excess,709.1,-90.89999999999998,682.9333333333334,657.28,17.129371056678572
Coastal Andhra Pradesh,1917,1.1,25.1,14.9,16.4,105.5,201.4,142.4,215.8,219.6,216.0,126.5,5.0,1289.6,26.3,136.7,779.2,347.4,665.1851063829787,17.140325681221366,Normal,803.3,94.19999999999993,770.7999999999998,708.92,15.144742630953203
Coastal Andhra Pradesh,1918,25.1,2.5,9.5,13.0,79.6,109.4,107.4,130.9,149.6,30.8,111.7,8.5,778.0,27.6,102.0,497.4,151.0,665.1851063829787,-25.223821876489342,Deficient,779.2,-24.09999999999991,763.8666666666667,726.26,15.28230830230598
Coastal Andhra Pradesh,1919,41.3,22.9,10.4,23.6,70.0,111.2,194.8,118.6,161.8,194.5,183.6,8.7,1141.4,64.2,104.0,586.4,386.8,665.1851063829787,-11.844087552017196,Normal,497.4,-281.80000000000007,693.3000000000001,717.8,17.961438861068732
Coastal Andhra Pradesh,1920,9.6,23.8,4.7,25.1,78.4,83.0,71.6,124.9,113.6,176.5,12.2,0.0,723.5,33.3,108.2,393.2,188.7,665.1851063829787,-40.8886344226691,Deficient,586.4,89.0,621.0,675.08,19.29582603226784
Coastal Andhra Pradesh,1921,52.3,0.1,0.1,35.3,11.2,97.6,204.6,168.0,228.7,192.6,24.7,0.0,1015.0,52.4,46.5,698.9,217.2,665.1851063829787,5.06849797048974,Normal,393.2,-193.2,492.3333333333333,611.9,29.029686984084368
Coastal Andhra Pradesh,1922,10.9,0.0,0.0,5.3,35.8,103.3,145.6,132.6,117.5,128.0,174.0,0.2,853.3,10.9,41.1,499.0,302.3,665.1851063829787,-24.983287326835917,Deficient,698.9,305.7,559.5,591.0200000000001,26.071010405090217
Coastal Andhra Pradesh,1923,0.2,58.3,13.5,14.9,39.1,44.3,128.8,53.4,260.6,267.5,245.6,0.1,1126.4,58.5,67.5,487.1,513.2,665.1851063829787,-26.77226303988331,Deficient,499.0,-199.89999999999998,530.3666666666667,534.9799999999999,21.378406139840592
Coastal Andhra Pradesh,1924,3.7,6.2,0.6,8.8,66.1,66.2,111.6,197.6,349.8,131.0,240.3,0.0,1182.0,9.9,75.6,725.1,371.4,665.1851063829787,9.007251221064694,Normal,487.1,-11.899999999999977,561.6666666666666,532.9200000000001,21.63649967216949
Coastal Andhra Pradesh,1925,2.9,0.1,5.6,40.2,196.4,151.4,197.8,223.9,103.4,262.6,46.1,8.1,1238.5,3.0,242.2,676.5,316.8,665.1851063829787,1.7010142753416957,Normal,725.1,238.0,570.4,560.6600000000001,25.75555306084732
Coastal Andhra Pradesh,1926,13.7,7.7,78.7,57.1,36.4,72.4,191.4,173.3,162.8,76.7,0.5,0.0,870.7,21.4,172.2,599.9,77.2,665.1851063829787,-9.81457728931636,Normal,676.5,-48.60000000000002,629.5666666666666,617.3199999999999,18.59912566598362
Coastal Andhra Pradesh,1927,14.1,8.4,18.5,6.3,40.0,196.4,172.4,197.2,157.0,66.1,176.5,0.0,1053.0,22.6,64.8,723.1,242.6,665.1851063829787,8.706583033997903,Normal,599.9,-76.60000000000002,667.1666666666666,597.52,17.63606108813402
Coastal Andhra Pradesh,1928,0.0,2.8,1.4,55.1,31.0,88.7,189.0,136.4,208.2,385.9,2.2,0.7,1101.3,2.8,87.4,622.2,388.8,665.1851063829787,-6.462127003521645,Normal,723.1,123.20000000000005,666.5,642.34,15.653258892758979
Coastal Andhra Pradesh,1929,2.7,37.4,1.5,19.7,41.0,190.0,78.3,138.4,146.3,173.1,5.3,25.4,859.1,40.2,62.2,553.0,203.8,665.1851063829787,-16.865246276032583,Normal,622.2,-100.89999999999998,648.4,669.36,8.547863151324314
Coastal Andhra Pradesh,1930,0.5,32.4,6.6,23.2,117.3,189.6,112.4,133.0,136.7,284.1,181.9,5.1,1222.7,32.9,147.1,571.6,471.1,665.1851063829787,-14.069032136311431,Normal,553.0,-69.20000000000005,632.7666666666665,634.9399999999999,10.44814515018043
Coastal Andhra Pradesh,1931,0.5,0.4,5.2,8.8,46.9,142.2,177.7,120.5,231.7,388.8,164.0,0.3,1287.1,0.8,60.9,672.2,553.1,665.1851063829787,1.054577673148104,Normal,571.6,18.600000000000023,582.2666666666667,613.96,10.830899557994215
Coastal Andhra Pradesh,1932,0.0,53.2,0.1,20.8,47.2,79.6,203.3,122.3,147.8,117.2,180.0,0.1,971.5,53.2,68.0,553.0,297.2,665.1851063829787,-16.865246276032583,Normal,672.2,100.60000000000002,598.9333333333333,628.42,11.206012027746597
Coastal Andhra Pradesh,1933,4.1,0.0,6.8,23.3,88.0,106.0,187.1,135.6,193.0,251.3,67.3,24.8,1087.3,4.2,118.0,621.7,343.4,665.1851063829787,-6.537294050288342,Normal,553.0,-119.20000000000005,598.9333333333333,594.4,8.731088739278523
Coastal Andhra Pradesh,1934,0.0,0.2,0.6,19.9,21.7,100.5,202.2,207.5,131.5,116.2,80.6,3.2,884.2,0.2,42.3,641.7,200.1,665.1851063829787,-3.5306121796204426,Normal,621.7,68.70000000000005,615.6333333333333,594.3000000000001,8.721364927145112
Coastal Andhra Pradesh,1935,1.2,0.1,4.2,24.7,10.5,94.6,158.9,122.6,191.8,141.0,1.6,0.0,751.1,1.3,39.4,567.8,142.6,665.1851063829787,-14.640301691738344,Normal,641.7,20.0,605.4666666666666,612.04,8.051470547879585
Coastal Andhra Pradesh,1936,8.7,127.1,5.8,22.4,145.2,162.7,211.9,188.3,123.9,233.4,91.2,8.1,1328.7,135.7,173.4,686.8,332.7,665.1851063829787,3.2494554387356573,Normal,567.8,-73.90000000000009,610.4,611.28,8.192743919037811
Coastal Andhra Pradesh,1937,0.0,71.8,15.2,86.3,30.3,59.3,172.5,153.7,108.7,185.2,8.9,0.2,892.2,71.8,131.9,494.2,194.3,665.1851063829787,-25.704890975796207,Deficient,686.8,119.0,632.1,614.2,8.910840868452187
Coastal Andhra Pradesh,1938,0.1,31.9,7.6,3.5,82.6,158.9,161.3,176.1,294.2,115.2,174.4,0.4,1206.2,32.0,93.7,790.5,290.0,665.1851063829787,18.83910093814872,Normal,494.2,-192.59999999999997,582.9333333333333,602.44,12.294796510405714
Coastal Andhra Pradesh,1939,3.0,0.0,29.7,19.7,11.3,80.2,138.7,121.9,150.1,416.7,95.8,3.2,1070.3,3.0,60.7,490.9,515.8,665.1851063829787,-26.20099348445641,Deficient,790.5,296.3,657.1666666666666,636.2,17.790491018975686
Coastal Andhra Pradesh,1940,0.2,5.3,65.6,15.0,202.1,120.3,157.4,186.6,122.1,106.3,75.8,12.4,1069.0,5.4,282.6,586.4,194.5,665.1851063829787,-11.844087552017196,Normal,490.9,-299.6,591.8666666666667,606.04,21.478535690577093
Coastal Andhra Pradesh,1941,2.6,13.8,4.1,8.2,58.5,192.7,83.0,97.4,184.1,266.4,107.8,7.8,1026.5,16.4,70.8,557.3,382.0,665.1851063829787,-16.21880967383899,Normal,586.4,95.5,622.6,609.76,21.166288680798782
Coastal Andhra Pradesh,1942,2.9,5.6,2.1,37.2,30.5,84.7,130.9,196.1,142.1,159.7,85.6,2.4,879.8,8.5,69.9,553.7,247.6,665.1851063829787,-16.7600124105592,Normal,557.3,-29.100000000000023,544.8666666666667,583.86,20.992842333105912
Coastal Andhra Pradesh,1943,20.2,5.3,1.6,72.5,46.0,142.1,129.5,116.6,195.4,208.2,40.2,0.2,977.9,25.5,120.2,583.7,248.5,665.1851063829787,-12.24998960455735,Normal,553.7,-3.599999999999909,565.8,595.76,19.185055281806363
Coastal Andhra Pradesh,1944,4.9,19.4,96.6,24.8,42.5,132.2,179.8,157.6,159.4,304.7,33.9,0.0,1155.9,24.3,163.9,629.1,338.6,665.1851063829787,-5.424821758141222,Normal,583.7,30.0,564.9,554.4,6.9413047380406105
Coastal Andhra Pradesh,1945,1.0,0.0,0.0,48.0,39.9,46.6,193.3,185.8,201.2,242.0,19.1,14.7,991.5,1.0,87.9,626.8,275.8,665.1851063829787,-5.770590173268041,Normal,629.1,45.39999999999998,588.8333333333334,582.0400000000001,5.1911152916159065
Coastal Andhra Pradesh,1946,0.0,3.8,5.4,66.0,60.7,127.6,179.4,157.7,113.3,94.4,160.0,2.0,970.2,3.8,132.1,577.9,256.4,665.1851063829787,-13.121927347051052,Normal,626.8,-2.300000000000068,613.1999999999999,590.12,6.173941867795938
Coastal Andhra Pradesh,1947,10.3,3.0,0.8,15.4,18.3,86.5,217.4,216.1,209.8,154.7,58.3,135.5,1126.2,13.4,34.5,729.8,348.5,665.1851063829787,9.71382146067164,Normal,577.9,-48.89999999999998,611.2666666666667,594.24,5.515544253244374
Coastal Andhra Pradesh,1948,1.4,26.8,7.4,24.8,44.6,92.7,193.5,113.8,232.7,103.7,181.6,1.5,1024.6,28.2,76.9,632.7,286.8,665.1851063829787,-4.883619021420997,Normal,729.8,151.89999999999998,644.8333333333333,629.46,9.672510968241083
Coastal Andhra Pradesh,1949,7.7,0.6,2.5,32.2,71.2,97.3,231.2,179.2,254.8,319.4,21.3,0.0,1217.3,8.3,105.8,762.4,340.7,665.1851063829787,14.61471290986032,Normal,632.7,-97.09999999999991,646.8,639.26,8.661826203496382
Coastal Andhra Pradesh,1950,0.0,17.2,31.0,7.0,52.8,97.8,221.8,132.3,192.5,130.1,103.2,0.3,986.0,17.2,90.7,644.4,233.6,665.1851063829787,-3.124710127080286,Normal,762.4,129.69999999999993,708.3000000000001,665.92,11.576230812633808
Coastal Andhra Pradesh,1951,1.2,0.0,27.9,46.1,75.4,133.7,285.2,186.5,174.1,89.7,74.2,2.2,1096.1,1.2,149.4,779.4,166.1,665.1851063829787,17.170392499928035,Normal,644.4,-118.0,679.8333333333334,669.4399999999999,11.23851549500578
Coastal Andhra Pradesh,1952,0.0,17.4,12.2,28.8,94.2,87.4,130.1,128.8,130.2,251.8,0.0,35.7,916.7,17.4,135.2,476.5,287.5,665.1851063829787,-28.3658044313373,Deficient,779.4,135.0,728.7333333333332,709.74,9.512474373584443
Coastal Andhra Pradesh,1953,13.2,0.6,0.0,21.5,43.4,136.7,149.6,190.6,183.7,234.8,15.6,0.3,990.0,13.8,64.9,660.6,250.7,665.1851063829787,-0.689297811839281,Normal,476.5,-302.9,633.4333333333333,659.0799999999999,18.489308253799024
Coastal Andhra Pradesh,1954,0.3,0.0,9.0,8.0,37.5,129.7,218.5,205.7,266.5,263.0,0.0,15.3,1153.5,0.3,54.5,820.4,278.4,665.1851063829787,23.334090334797228,Excess,660.6,184.10000000000002,638.8333333333334,664.6600000000001,18.20254447869257
Coastal Andhra Pradesh,1955,5.1,0.3,18.6,14.2,250.1,118.8,128.9,263.6,177.0,325.9,76.2,0.3,1378.9,5.4,282.9,688.2,402.4,665.1851063829787,3.459923169682424,Normal,820.4,159.79999999999995,652.5,676.26,19.91867538145147
Coastal Andhra Pradesh,1956,4.2,3.2,0.5,28.6,89.1,210.1,305.2,163.7,209.3,331.1,60.9,2.7,1408.5,7.5,118.1,888.3,394.7,665.1851063829787,33.54177528571474,Excess,688.2,-132.19999999999993,723.0666666666666,685.02,19.493042508327445
Coastal Andhra Pradesh,1957,0.7,1.8,21.2,14.3,28.3,152.6,149.5,298.1,198.8,125.5,26.9,0.0,1017.6,2.5,63.7,799.0,152.4,665.1851063829787,20.116940733182577,Excess,888.3,200.0999999999999,798.9666666666667,706.8,22.522623417933584
Coastal Andhra Pradesh,1958,7.4,1.8,10.7,17.5,40.9,108.5,281.4,245.6,215.9,527.2,148.4,0.1,1605.3,9.2,69.1,851.3,675.7,665.1851063829787,27.97941382497913,Excess,799.0,-89.29999999999995,791.8333333333334,771.3,12.304442134682425
Coastal Andhra Pradesh,1959,5.8,10.7,0.0,14.7,11.5,178.8,272.3,230.9,161.1,227.3,2.6,5.0,1120.7,16.4,26.3,843.1,234.9,665.1851063829787,26.7466742580053,Excess,851.3,52.299999999999955,846.1999999999999,809.4399999999999,9.347543776256224
Coastal Andhra Pradesh,1960,1.4,0.2,25.1,1.3,18.3,167.8,196.4,92.5,287.3,108.8,24.3,20.3,943.6,1.6,44.7,743.9,153.4,665.1851063829787,11.833532179492511,Normal,843.1,-8.199999999999932,831.1333333333332,813.98,9.478266752666077
Coastal Andhra Pradesh,1961,9.6,28.4,2.3,9.0,44.4,138.6,199.8,172.9,181.2,282.3,48.7,2.1,1119.2,37.9,55.7,692.5,333.2,665.1851063829787,4.106359771876015,Normal,743.9,-99.20000000000005,812.7666666666665,825.1199999999999,6.714909910073532
Coastal Andhra Pradesh,1962,3.7,8.7,0.9,34.6,69.6,121.1,231.3,179.1,288.1,357.6,35.8,15.0,1345.5,12.3,105.1,819.6,408.5,665.1851063829787,23.21382305997052,Excess,692.5,-51.39999999999998,759.8333333333334,785.96,8.584252733726595
Coastal Andhra Pradesh,1963,0.0,0.0,7.0,50.2,23.5,126.6,137.4,176.1,131.3,371.7,0.1,0.0,1023.9,0.0,80.7,571.4,371.8,665.1851063829787,-14.09909895501812,Normal,819.6,127.10000000000002,752.0,790.08,8.74266311607426
Coastal Andhra Pradesh,1964,0.7,11.2,1.1,6.0,33.5,116.9,170.1,226.4,353.6,76.2,64.6,0.7,1061.0,11.9,40.6,867.0,141.5,665.1851063829787,30.339659093453434,Excess,571.4,-248.20000000000005,694.5,734.1,14.84266661245803
Coastal Andhra Pradesh,1965,1.4,1.2,7.1,35.4,36.7,52.0,166.3,157.5,208.1,61.3,25.0,2.3,754.2,2.6,79.2,583.9,88.6,665.1851063829787,-12.21992278585068,Normal,867.0,295.6,752.6666666666666,738.88,15.601756578655
Coastal Andhra Pradesh,1966,40.1,1.2,5.0,8.6,22.8,107.1,243.3,163.9,128.7,66.5,146.6,20.9,954.7,41.3,36.3,643.1,234.0,665.1851063829787,-3.3201444486736933,Normal,583.9,-283.1,674.1,706.8799999999999,18.98369467104049
Coastal Andhra Pradesh,1967,13.1,0.1,71.8,18.6,19.7,124.3,245.6,124.6,141.5,27.9,4.6,51.4,843.1,13.1,110.1,635.9,84.0,665.1851063829787,-4.402549922114144,Normal,643.1,59.200000000000045,698.0,697.0,19.69841877524997
Coastal Andhra Pradesh,1968,11.3,11.8,13.6,42.9,28.0,70.8,170.2,45.5,164.8,197.2,78.1,4.8,838.9,23.1,84.4,451.3,280.0,665.1851063829787,-32.15422358837885,Deficient,635.9,-7.2000000000000455,620.9666666666667,660.26,18.1361625192525
Coastal Andhra Pradesh,1969,0.2,0.4,2.7,5.6,262.6,125.1,192.4,99.8,122.7,208.0,201.7,58.5,1279.7,0.7,270.8,540.0,468.2,665.1851063829787,-18.81958949196672,Normal,451.3,-184.59999999999997,576.7666666666667,636.24,23.607374667616448
Coastal Andhra Pradesh,1970,0.9,9.7,22.3,18.7,95.0,174.0,182.5,243.5,133.3,183.3,0.8,0.0,1064.2,10.6,136.0,733.4,184.1,665.1851063829787,10.255024197391863,Normal,540.0,88.69999999999999,542.4,570.8399999999999,13.812005897578983
Coastal Andhra Pradesh,1971,1.0,26.4,12.7,104.1,88.3,86.4,99.8,205.3,222.0,186.2,1.0,0.0,1033.2,27.4,205.1,613.5,187.2,665.1851063829787,-7.770033617262187,Normal,733.4,193.39999999999998,574.9,600.74,17.976850900549284
Coastal Andhra Pradesh,1972,0.0,32.5,0.0,32.1,20.7,125.1,121.3,80.8,191.6,324.2,86.8,13.3,1028.5,32.5,52.8,518.8,424.4,665.1851063829787,-22.0066722748747,Deficient,613.5,-119.89999999999998,628.9666666666667,594.8199999999999,17.80071021922772
Coastal Andhra Pradesh,1973,0.0,0.4,12.0,1.1,45.2,73.3,158.6,178.4,132.5,233.7,23.5,0.3,859.1,0.4,58.3,542.9,257.5,665.1851063829787,-18.383620620719874,Normal,518.8,-94.70000000000005,621.9,571.3999999999999,18.806956090779018
Coastal Andhra Pradesh,1974,0.1,1.5,11.2,12.9,34.9,120.4,126.3,132.8,194.3,274.2,36.3,0.0,944.9,1.6,59.1,573.8,310.5,665.1851063829787,-13.738297130537974,Normal,542.9,24.100000000000023,558.4,589.72,14.904806820858656
Coastal Andhra Pradesh,1975,0.2,10.5,0.3,2.6,33.5,200.7,154.2,210.9,230.8,300.8,47.6,0.3,1192.4,10.7,36.4,796.5,348.7,665.1851063829787,19.741105499349093,Excess,573.8,30.899999999999977,545.1666666666666,596.4799999999999,14.140415583761007
Coastal Andhra Pradesh,1976,0.0,1.1,2.7,22.7,36.9,78.4,199.0,228.8,92.2,81.3,345.9,1.1,1090.3,1.1,62.3,598.5,428.4,665.1851063829787,-10.025045020263113,Normal,796.5,222.70000000000005,637.7333333333332,609.1,18.156323564655843
Coastal Andhra Pradesh,1977,1.5,0.0,1.2,62.5,102.4,112.5,149.7,176.8,112.3,121.0,289.9,3.0,1132.8,1.5,166.1,551.2,413.9,665.1851063829787,-17.135847644392687,Normal,598.5,-198.0,656.2666666666667,606.1,18.2551407196951
Coastal Andhra Pradesh,1978,9.1,18.0,12.2,29.4,19.0,166.7,193.1,258.5,194.2,77.8,54.2,6.0,1038.3,27.1,60.6,812.5,138.1,665.1851063829787,22.14645099588341,Excess,551.2,-47.299999999999955,648.7333333333333,612.58,17.150625412710877
Coastal Andhra Pradesh,1979,0.6,30.2,0.1,15.2,125.1,108.7,97.3,95.5,233.2,52.2,160.6,15.5,934.1,30.7,140.4,534.6,228.3,665.1851063829787,-19.631393597047047,Normal,812.5,261.29999999999995,654.0666666666667,666.5,19.085953645185565
Coastal Andhra Pradesh,1980,0.5,2.4,5.6,16.1,31.5,217.5,169.3,176.7,128.0,205.0,48.4,13.8,1014.8,2.9,53.2,691.5,267.2,665.1851063829787,3.95602567834262,Normal,534.6,-277.9,632.7666666666668,658.66,20.541707570897607
Coastal Andhra Pradesh,1981,16.0,0.1,31.4,15.2,62.3,99.7,181.3,149.5,264.0,89.7,18.0,2.1,929.3,16.0,108.9,694.5,109.8,665.1851063829787,4.407027958942805,Normal,691.5,156.89999999999998,679.5333333333333,637.6600000000001,18.068404165923198
Coastal Andhra Pradesh,1982,1.6,0.5,7.5,37.5,47.6,94.4,151.2,148.3,135.7,210.6,53.5,0.1,888.5,2.1,92.7,529.5,264.2,665.1851063829787,-20.398097474067363,Deficient,694.5,3.0,640.1999999999999,656.86,17.51614717746377
Coastal Andhra Pradesh,1983,0.1,17.3,4.6,8.8,56.2,147.0,188.1,264.1,259.2,232.7,7.6,10.2,1196.0,17.4,69.6,858.5,250.6,665.1851063829787,29.06181929841958,Excess,529.5,-165.0,638.5,652.52,18.44036391607362
Coastal Andhra Pradesh,1984,5.7,9.8,1.8,26.5,21.2,89.1,219.0,123.1,154.8,111.8,20.9,1.6,785.2,15.5,49.5,585.9,134.3,665.1851063829787,-11.919254598783892,Normal,858.5,329.0,694.1666666666666,661.72,20.599860403227297
Coastal Andhra Pradesh,1985,42.7,0.4,1.7,7.0,17.9,105.1,198.6,179.3,88.6,248.2,32.6,45.5,967.6,43.1,26.6,571.6,326.3,665.1851063829787,-14.069032136311431,Normal,585.9,-272.6,657.9666666666667,671.98,18.733455545106704
Coastal Andhra Pradesh,1986,32.6,25.9,2.2,26.6,44.1,101.0,106.0,336.2,95.3,124.4,111.9,3.7,1009.7,58.4,72.9,638.4,239.9,665.1851063829787,-4.026714688280656,Normal,571.6,-14.299999999999955,672.0,648.0,20.445073227567526
Coastal Andhra Pradesh,1987,20.9,0.2,24.0,16.9,52.9,75.6,99.7,163.4,103.4,265.0,243.6,14.2,1079.9,21.1,93.9,442.2,522.8,665.1851063829787,-33.52226383953275,Deficient,638.4,66.79999999999995,598.6333333333333,636.78,20.401406154666518
Coastal Andhra Pradesh,1988,0.0,16.7,2.3,38.4,69.6,68.2,313.4,269.8,277.5,78.6,5.8,24.6,1164.8,16.7,110.3,928.9,109.0,665.1851063829787,39.64533948317058,Excess,442.2,-196.2,550.7333333333333,619.3199999999999,24.532516109663185
Coastal Andhra Pradesh,1989,0.1,0.1,37.4,7.3,31.9,128.3,329.6,235.5,189.6,55.5,13.2,1.6,1030.0,0.2,76.6,883.0,70.3,665.1851063829787,32.74500458998776,Excess,928.9,486.7,669.8333333333333,633.4,28.459493793880547
Coastal Andhra Pradesh,1990,10.3,81.1,84.5,24.2,507.7,107.4,102.5,223.2,158.5,248.7,58.9,4.3,1611.1,91.4,616.4,591.5,311.9,665.1851063829787,-11.077383674996875,Normal,883.0,-45.89999999999998,751.3666666666667,692.8199999999999,29.962525964187957
Coastal Andhra Pradesh,1991,19.6,3.3,6.6,17.9,24.5,215.5,145.3,134.4,265.7,148.7,132.4,8.3,1122.1,22.8,49.0,760.9,289.3,665.1851063829787,14.389211769560228,Normal,591.5,-291.5,801.1333333333332,696.8,29.39925502178094
Coastal Andhra Pradesh,1992,13.1,4.3,0.0,9.1,45.5,75.6,208.4,207.2,145.8,147.5,144.4,0.0,1001.0,17.4,54.6,637.1,291.8,665.1851063829787,-4.222149009874062,Normal,760.9,169.39999999999998,745.1333333333333,721.3,28.20516936260926
Coastal Andhra Pradesh,1993,2.2,9.8,16.6,26.6,71.7,73.2,166.2,99.3,172.9,196.2,17.5,17.5,869.7,12.0,114.9,511.7,231.2,665.1851063829787,-23.0740443389618,Deficient,637.1,-123.79999999999995,663.1666666666666,760.28,19.415041643426832
Coastal Andhra Pradesh,1994,7.2,17.4,3.1,30.6,49.2,62.5,218.3,156.5,137.0,257.6,213.4,2.1,1155.1,24.6,83.0,574.4,473.1,665.1851063829787,-13.648096674417934,Normal,511.7,-125.40000000000003,636.5666666666667,676.8399999999999,21.62609103815386
Coastal Andhra Pradesh,1995,27.5,2.5,12.0,19.8,257.8,80.0,225.3,212.7,128.6,329.6,50.1,6.1,1352.0,30.1,289.6,646.6,385.8,665.1851063829787,-2.7939751213068105,Normal,574.4,62.69999999999999,574.4,615.12,15.130064112979275
Coastal Andhra Pradesh,1996,3.4,5.8,4.4,23.7,23.8,236.8,206.9,225.2,160.5,240.0,68.9,11.4,1210.9,9.3,51.9,829.4,320.3,665.1851063829787,24.68709717659778,Excess,646.6,72.20000000000005,577.5666666666666,626.14,14.826380690918176
Coastal Andhra Pradesh,1997,15.1,5.6,19.7,62.6,25.2,63.1,156.0,128.1,315.5,83.6,51.7,45.7,972.1,20.7,107.6,662.7,181.0,665.1851063829787,-0.3735962154191481,Normal,829.4,182.79999999999995,683.4666666666666,639.8399999999999,18.605695817726108
Coastal Andhra Pradesh,1998,12.6,35.7,24.7,38.9,33.6,136.2,214.1,252.2,255.5,178.6,128.6,0.0,1310.8,48.3,97.2,858.0,307.2,665.1851063829787,28.986652251652885,Excess,662.7,-166.69999999999993,712.9,644.96,18.520405417149366
Coastal Andhra Pradesh,1999,0.1,2.7,0.2,11.0,74.3,126.4,154.2,136.6,137.5,153.9,28.3,0.0,825.1,2.8,85.4,554.7,182.2,665.1851063829787,-16.609678317025807,Normal,858.0,195.29999999999995,783.3666666666668,714.22,17.249951764432474
Coastal Andhra Pradesh,2000,0.1,42.4,0.7,19.1,68.4,200.5,154.1,311.5,102.9,69.6,10.6,12.4,992.3,42.5,88.3,768.9,92.6,665.1851063829787,15.591884517827388,Normal,554.7,-303.29999999999995,691.8000000000001,710.28,18.15788238395045
Coastal Andhra Pradesh,2001,4.6,3.8,20.0,54.1,50.8,117.2,123.0,170.7,187.2,196.0,78.0,4.1,1009.3,8.4,124.8,598.1,278.0,665.1851063829787,-10.085178657676469,Normal,768.9,214.19999999999993,727.1999999999999,734.74,17.07051382230766
Coastal Andhra Pradesh,2002,28.0,0.0,7.3,34.8,35.0,115.2,74.7,173.5,71.7,148.7,14.3,0.0,703.2,28.0,77.1,435.0,163.0,665.1851063829787,-34.60466931297319,Deficient,598.1,-170.79999999999995,640.5666666666667,688.48,18.073635209909273
Coastal Andhra Pradesh,2003,6.2,19.4,40.7,19.4,12.2,104.0,241.7,158.3,130.2,252.3,11.5,101.1,1096.8,25.6,72.3,634.1,364.9,665.1851063829787,-4.673151290474248,Normal,435.0,-163.10000000000002,600.6666666666666,642.9399999999999,26.389830819935174
Coastal Andhra Pradesh,2004,24.0,11.4,11.6,40.1,57.6,152.8,192.1,125.0,101.7,147.9,9.4,0.2,873.6,35.3,109.3,571.5,157.5,665.1851063829787,-14.084065545664776,Normal,634.1,199.10000000000002,555.7333333333332,598.16,20.295909099244646
Coastal Andhra Pradesh,2005,13.6,8.0,17.4,32.2,48.4,88.1,151.5,105.9,398.1,298.0,56.2,4.2,1221.6,21.6,98.0,743.6,358.4,665.1851063829787,11.788431951432502,Normal,571.5,-62.60000000000002,546.8666666666667,601.52,19.970114990284028
Coastal Andhra Pradesh,2006,0.0,0.0,30.7,58.0,67.6,132.0,126.8,279.7,224.1,185.4,55.3,0.0,1159.6,0.0,156.3,762.6,240.7,665.1851063829787,14.644779728567006,Normal,743.6,172.10000000000002,649.7333333333333,596.46,18.69982194958199
Coastal Andhra Pradesh,2007,0.0,5.1,0.1,8.5,13.0,300.1,141.0,164.4,287.1,167.7,11.9,0.5,1099.2,5.1,21.6,892.5,180.0,665.1851063829787,34.17317847855501,Excess,762.6,19.0,692.5666666666666,629.36,21.310098517348145
Coastal Andhra Pradesh,2008,3.2,61.6,93.8,18.5,34.9,119.8,208.5,276.2,166.8,51.6,71.4,1.2,1107.5,64.8,147.1,771.4,124.2,665.1851063829787,15.967719751660876,Normal,892.5,129.89999999999998,799.5666666666666,720.86,17.208852644797748
Coastal Andhra Pradesh,2009,0.0,0.0,5.7,6.4,53.0,72.6,140.9,163.5,151.9,92.6,102.6,1.3,790.5,0.0,65.1,528.8,196.5,665.1851063829787,-20.503331339540747,Deficient,771.4,-121.10000000000002,808.8333333333334,748.32,15.354979418939449
Coastal Andhra Pradesh,2010,21.8,2.3,4.4,14.8,162.0,156.1,318.9,248.6,230.5,204.0,210.9,138.2,1712.4,24.1,181.2,954.0,553.1,665.1851063829787,43.4187252308588,Excess,528.8,-242.60000000000002,730.9,739.78,17.801508113171295
Coastal Andhra Pradesh,2011,0.0,17.9,0.9,62.3,67.9,86.8,196.0,215.8,129.7,74.6,4.9,5.0,861.9,17.9,131.2,628.4,84.4,665.1851063829787,-5.530055623614605,Normal,954.0,425.20000000000005,751.4,781.86,20.85920562349355
Coastal Andhra Pradesh,2012,37.6,0.0,2.7,24.0,39.3,95.4,221.9,221.2,246.5,140.0,289.7,0.0,1318.4,37.6,66.1,785.0,429.7,665.1851063829787,18.01226342371505,Normal,628.4,-325.6,703.7333333333332,755.02,23.504199874120825
Coastal Andhra Pradesh,2013,2.0,29.6,0.2,48.0,28.2,127.5,162.4,123.1,132.0,411.5,53.1,2.8,1120.5,31.7,76.4,545.0,467.4,665.1851063829787,-18.06791902429974,Normal,785.0,156.60000000000002,789.1333333333333,733.52,22.15680822246857
Coastal Andhra Pradesh,2014,0.4,1.2,9.1,6.0,112.9,45.7,151.8,177.8,144.5,195.6,23.7,6.4,874.9,1.5,128.0,519.7,225.7,665.1851063829787,-21.871371590694626,Deficient,545.0,-240.0,652.8000000000001,688.24,26.14463629319157
Coastal Andhra Pradesh,2015,2.0,0.6,5.5,32.3,34.1,283.8,116.0,192.0,201.8,59.7,81.2,2.0,1010.9,2.5,71.9,793.6,142.8,665.1851063829787,19.305136628102247,Excess,519.7,-25.299999999999955,616.5666666666666,686.42,26.512634695770327
Coastal Andhra Pradesh,2016,1.6,0.9,3.6,3.0,120.8,189.1,131.5,124.4,224.4,59.7,13.1,36.9,908.9,2.5,127.4,669.4,109.7,665.1851063829787,0.633642211254588,Normal,793.6,273.9,619.4333333333333,654.3399999999999,19.8116394006433
Coastal Andhra Pradesh,2017,1.0,0.0,12.4,8.8,30.8,149.6,153.2,224.2,141.8,123.0,46.7,1.2,892.7,1.0,52.0,668.8,170.9,665.1851063829787,0.5434417551345475,Normal,669.4,-124.20000000000005,660.9000000000001,662.54,19.452254426344556
Coastal Karnataka,1901,1.8,0.6,10.7,52.4,81.6,960.9,991.2,606.4,108.0,120.5,104.9,17.8,3056.9,2.4,144.7,2666.6,243.3,3060.923404255319,-12.882498258764908,Normal,,,,,
Coastal Karnataka,1902,3.2,0.3,4.9,10.2,54.6,698.4,1401.6,454.2,708.4,180.4,50.8,132.2,3699.2,3.5,69.7,3262.6,363.5,3060.923404255319,6.588750161611645,Normal,2666.6,,,,
Coastal Karnataka,1903,0.7,0.0,0.0,4.1,202.8,536.5,1405.5,593.8,304.4,185.0,79.3,5.3,3317.4,0.7,206.9,2840.1,269.6,3060.923404255319,-7.214274096121734,Normal,3262.6,596.0,,,
Coastal Karnataka,1904,2.4,0.0,4.8,23.7,93.2,1108.2,1070.0,465.6,245.3,127.2,0.7,0.0,3141.1,2.4,121.7,2889.1,127.9,3060.923404255319,-5.6134499810236616,Normal,2840.1,-422.5,2923.1,,
Coastal Karnataka,1905,0.0,0.2,0.0,6.4,83.1,767.3,777.3,586.9,172.9,222.2,36.1,0.0,2652.3,0.2,89.4,2304.3,258.4,3060.923404255319,-24.718795746520648,Deficient,2889.1,49.0,2997.2666666666664,,
Coastal Karnataka,1906,23.0,0.0,0.0,0.5,29.8,593.6,1173.4,535.0,273.3,128.5,22.1,56.8,2836.0,23.0,30.3,2575.2,207.5,3060.923404255319,-15.868525281621316,Normal,2304.3,-584.7999999999997,2677.8333333333335,2792.54,12.492161118503272
Coastal Karnataka,1907,7.0,0.0,2.7,91.3,19.0,845.9,1166.3,1026.1,223.6,87.7,55.8,9.8,3535.2,7.0,113.0,3261.9,153.2,3060.923404255319,6.565881245681678,Normal,2575.2,270.89999999999964,2589.5333333333333,2774.2599999999998,12.952460530210333
Coastal Karnataka,1908,0.0,3.1,0.9,46.1,38.0,708.6,1904.9,766.6,128.0,56.8,2.5,0.0,3655.5,3.1,85.0,3508.1,59.3,3060.923404255319,14.609205677051987,Normal,3261.9,686.7000000000003,2713.7999999999997,2774.12,12.944543218718312
Coastal Karnataka,1909,4.0,1.0,3.7,6.3,200.1,943.1,1285.6,315.6,293.8,68.8,47.8,3.2,3172.9,5.0,210.1,2838.1,119.8,3060.923404255319,-7.279613855921656,Normal,3508.1,246.19999999999982,3115.066666666667,2907.7200000000003,16.856354302445958
Coastal Karnataka,1910,0.0,0.0,5.0,6.2,40.2,1042.2,589.5,651.2,441.7,177.8,67.0,0.0,3020.8,0.0,51.4,2724.7,244.8,3060.923404255319,-10.984378236577196,Normal,2838.1,-670.0,3202.7000000000003,2897.52,16.950687895954164
Coastal Karnataka,1911,0.0,0.0,0.0,3.2,71.0,749.5,830.1,538.3,110.3,160.8,41.6,17.5,2522.3,0.0,74.2,2228.2,219.9,3060.923404255319,-27.20497360690766,Deficient,2724.7,-113.40000000000009,3023.633333333333,2981.5999999999995,13.070774708782606
Coastal Karnataka,1912,1.1,0.0,0.0,30.5,64.0,787.6,1261.5,789.2,160.8,220.9,80.1,0.4,3395.9,1.1,94.4,2999.1,301.4,3060.923404255319,-2.0197631920279893,Normal,2228.2,-496.5,2597.0,2912.2,17.04759144644496
Coastal Karnataka,1913,0.0,0.4,0.5,10.6,74.2,786.5,1048.0,410.7,161.0,339.1,1.2,4.0,2836.3,0.4,85.3,2406.3,344.3,3060.923404255319,-21.386467996724654,Deficient,2999.1,770.9000000000001,2650.6666666666665,2859.6400000000003,16.189553010920278
Coastal Karnataka,1914,0.0,0.0,0.0,7.2,36.9,743.2,1583.7,933.8,302.8,125.9,102.7,36.6,3872.7,0.0,44.1,3563.4,265.2,3060.923404255319,16.415850035519817,Normal,2406.3,-592.7999999999997,2544.5333333333333,2639.2799999999997,11.975043166252947
Coastal Karnataka,1915,0.1,2.3,2.0,48.8,75.2,785.0,773.2,388.9,304.0,168.3,96.9,4.2,2648.7,2.3,126.0,2250.9,269.4,3060.923404255319,-26.46336733317855,Deficient,3563.4,1157.1,2989.6,2784.3399999999997,18.90941567825203
Coastal Karnataka,1916,0.0,0.0,0.3,25.2,88.7,1051.4,633.5,617.0,587.8,208.7,255.2,0.0,3467.9,0.0,114.3,2889.7,463.9,3060.923404255319,-5.593848053083688,Normal,2250.9,-1312.5,2740.2000000000003,2689.5800000000004,21.559281583788692
Coastal Karnataka,1917,0.0,29.8,7.1,10.2,52.6,1075.7,766.1,597.6,500.5,319.6,64.8,0.0,3424.1,29.8,70.0,2939.9,384.4,3060.923404255319,-3.953820082105655,Normal,2889.7,638.7999999999997,2901.3333333333335,2821.88,18.452827289418202
Coastal Karnataka,1918,3.4,0.3,3.9,11.4,699.5,564.4,360.6,485.4,134.3,64.7,168.8,14.2,2510.9,3.7,714.9,1544.7,247.7,3060.923404255319,-49.53483651853077,Deficient,2939.9,50.20000000000027,2693.5,2810.04,18.374622101495962
Coastal Karnataka,1919,0.0,0.0,0.0,2.4,74.4,669.9,960.9,632.7,208.3,236.2,124.0,9.3,2918.1,0.0,76.8,2471.8,369.6,3060.923404255319,-19.246590863277238,Normal,1544.7,-1395.2,2458.1,2637.7200000000003,29.095787315353494
Coastal Karnataka,1920,2.1,0.0,0.1,72.7,29.2,813.3,1107.5,464.7,133.5,129.8,36.3,0.0,2789.2,2.1,102.0,2519.0,166.1,3060.923404255319,-17.704572531999098,Normal,2471.8,927.1000000000001,2318.8,2419.4,23.45727976949476
Coastal Karnataka,1921,13.0,0.0,3.5,62.4,18.6,699.4,871.9,841.6,327.1,128.6,41.3,0.0,3007.4,13.0,84.5,2740.0,170.0,3060.923404255319,-10.484529074107792,Normal,2519.0,47.19999999999982,2178.5,2473.0199999999995,22.654239824821985
Coastal Karnataka,1922,6.5,3.1,0.0,44.8,123.4,763.1,1333.2,564.9,314.4,89.8,89.4,0.0,3332.6,9.7,168.2,2975.6,179.1,3060.923404255319,-2.7875053696770644,Normal,2740.0,221.0,2576.933333333334,2443.0800000000004,21.93458241017546
Coastal Karnataka,1923,0.8,0.2,32.2,9.8,52.8,604.8,1627.2,1013.2,283.3,44.4,6.6,5.8,3681.1,1.0,94.7,3528.5,56.9,3060.923404255319,15.275671227011186,Normal,2975.6,235.5999999999999,2744.866666666667,2450.2200000000003,22.21535795321192
Coastal Karnataka,1924,0.0,0.0,14.8,46.0,47.2,889.6,1515.4,602.7,282.7,94.4,30.8,5.2,3528.9,0.0,108.0,3290.5,130.4,3060.923404255319,7.50023981082055,Normal,3528.5,552.9000000000001,3081.366666666667,2846.98,15.115851966029906
Coastal Karnataka,1925,0.0,0.0,17.1,20.8,176.6,1176.4,1117.2,733.7,81.5,213.2,27.7,17.2,3581.3,0.0,214.6,3108.7,258.1,3060.923404255319,1.560855645007696,Normal,3290.5,-238.0,3264.866666666667,3010.72,13.519261453533469
Coastal Karnataka,1926,12.3,2.0,0.1,7.3,15.3,686.3,976.4,850.3,258.7,143.6,4.0,0.1,2956.4,14.3,22.6,2771.7,147.7,3060.923404255319,-9.448893881279046,Normal,3108.7,-181.80000000000018,3309.2333333333336,3128.66,9.601367552928135
Coastal Karnataka,1927,0.0,0.0,0.6,21.5,80.1,683.4,1313.2,535.8,319.9,110.5,151.3,0.0,3216.4,0.0,102.2,2852.3,261.9,3060.923404255319,-6.815701561342205,Normal,2771.7,-337.0,3056.9666666666667,3134.9999999999995,9.260147752793728
Coastal Karnataka,1928,0.1,29.3,21.7,36.3,17.1,844.6,1108.8,836.6,107.4,316.4,12.0,9.3,3339.6,29.4,75.0,2897.4,337.7,3060.923404255319,-5.342289977853983,Normal,2852.3,80.60000000000036,2910.9,3110.34,10.0207965422218
Coastal Karnataka,1929,1.9,0.2,2.5,105.6,114.7,1361.6,901.3,566.9,265.2,281.9,61.4,0.2,3663.6,2.2,222.8,3095.0,343.5,3060.923404255319,1.113278290378241,Normal,2897.4,45.09999999999991,2840.466666666667,2984.12,7.09699718631604
Coastal Karnataka,1930,1.2,0.2,0.0,19.3,171.5,910.9,706.8,420.8,401.2,254.1,14.2,12.6,2913.0,1.4,190.8,2439.7,281.0,3060.923404255319,-20.295294008065984,Deficient,3095.0,197.5999999999999,2948.2333333333336,2945.02,5.098706975945592
Coastal Karnataka,1931,0.0,0.0,2.4,33.4,85.1,673.4,1244.0,1201.9,255.6,183.5,106.7,56.5,3842.4,0.0,120.9,3374.8,346.7,3060.923404255319,10.25431068638724,Normal,2439.7,-655.3000000000002,2810.7000000000003,2811.22,8.515599813273989
Coastal Karnataka,1932,0.0,0.0,0.0,25.4,255.4,661.5,1072.4,457.2,469.9,348.7,125.6,7.3,3423.4,0.0,280.8,2661.0,481.6,3060.923404255319,-13.065449586204686,Normal,3374.8,935.1000000000004,2969.8333333333335,2931.84,11.72339177561307
Coastal Karnataka,1933,0.0,0.1,5.4,60.6,360.3,1031.9,1326.6,481.3,502.5,292.8,42.3,35.6,4139.5,0.1,426.3,3342.4,370.7,3060.923404255319,9.195806577628511,Normal,2661.0,-713.8000000000002,2825.1666666666665,2893.58,12.606529107005185
Coastal Karnataka,1934,7.4,0.6,1.0,16.0,24.4,1095.6,827.5,678.2,184.2,143.2,32.7,1.0,3011.8,8.0,41.5,2785.3,176.9,3060.923404255319,-9.004583514639569,Normal,3342.4,681.4000000000001,3126.066666666667,2982.58,13.966317791846084
Coastal Karnataka,1935,2.0,0.0,0.7,11.3,25.2,674.0,1168.1,425.5,312.5,245.0,11.9,9.9,2886.0,2.0,37.1,2580.2,266.8,3060.923404255319,-15.705175882121514,Normal,2785.3,-557.0999999999999,2929.566666666667,2920.6400000000003,14.335256748978143
Coastal Karnataka,1936,0.0,0.9,23.3,14.7,138.7,1075.6,981.6,562.3,195.6,219.4,108.6,4.1,3324.7,0.9,176.6,2815.1,332.1,3060.923404255319,-8.031021093620751,Normal,2580.2,-205.10000000000036,2902.6333333333337,2948.74,12.933895155104832
Coastal Karnataka,1937,0.0,0.0,5.7,110.1,30.3,740.8,1531.7,365.7,274.1,240.8,11.8,3.2,3314.2,0.0,146.1,2912.3,255.8,3060.923404255319,-4.855508767344566,Normal,2815.1,234.9000000000001,2726.866666666667,2836.8,10.509047345763072
Coastal Karnataka,1938,0.0,0.0,15.5,43.3,138.2,1025.3,950.2,429.9,374.0,134.3,39.9,0.3,3150.9,0.0,197.0,2779.4,174.5,3060.923404255319,-9.19733580604934,Normal,2912.3,97.20000000000027,2769.2000000000003,2887.06,9.761148275725839
Coastal Karnataka,1939,0.0,0.0,5.4,35.9,8.4,725.7,903.9,631.4,127.3,232.6,73.4,0.2,2744.2,0.0,49.7,2388.2,306.2,3060.923404255319,-21.97779282291396,Deficient,2779.4,-132.9000000000001,2835.6000000000004,2774.46,4.359955234820338
Coastal Karnataka,1940,0.1,0.0,0.2,26.9,131.0,713.8,1155.7,1247.4,100.4,222.5,120.5,5.5,3723.9,0.1,158.0,3217.3,348.5,3060.923404255319,5.108804602143436,Normal,2388.2,-391.2000000000003,2693.3,2695.04,7.784842916968687
Coastal Karnataka,1941,4.1,1.2,5.5,18.1,60.5,869.7,589.8,561.6,224.9,122.8,21.6,35.3,2515.1,5.3,84.1,2246.0,179.7,3060.923404255319,-26.62344974468836,Deficient,3217.3,829.1000000000004,2794.966666666667,2822.46,10.546923196263686
Coastal Karnataka,1942,0.0,1.7,0.3,77.2,72.5,1104.8,1338.3,540.3,189.5,129.9,25.9,22.4,3502.6,1.7,149.9,3172.8,178.1,3060.923404255319,3.6549949465951865,Normal,2246.0,-971.3000000000002,2617.166666666667,2708.6400000000003,14.557670663683975
Coastal Karnataka,1943,22.4,1.7,1.3,7.1,455.2,941.8,994.4,314.5,461.5,280.2,97.0,0.0,3577.2,24.1,463.6,2712.2,377.2,3060.923404255319,-11.392751735326703,Normal,3172.8,926.8000000000002,2878.7000000000007,2760.7400000000002,16.01917116087666
Coastal Karnataka,1944,0.0,0.7,18.2,3.3,106.5,777.8,1204.0,451.2,61.6,267.6,81.9,11.8,2984.5,0.7,128.0,2494.5,361.3,3060.923404255319,-18.504984589548133,Normal,2712.2,-460.60000000000036,2710.3333333333335,2747.3,16.1089001989687
Coastal Karnataka,1945,2.6,0.0,0.0,19.7,24.5,824.7,1296.1,493.2,294.7,63.2,60.7,0.0,3079.3,2.6,44.1,2908.7,123.8,3060.923404255319,-4.973120334984436,Normal,2494.5,-217.69999999999982,2793.1666666666665,2768.5600000000004,15.28313888309082
Coastal Karnataka,1946,0.0,1.5,3.9,41.7,80.8,1227.0,1001.2,1086.6,231.5,148.9,180.6,37.7,4041.4,1.5,126.4,3546.3,367.2,3060.923404255319,15.85719508923049,Normal,2908.7,414.1999999999998,2705.1333333333337,2706.8399999999997,13.26054515220986
Coastal Karnataka,1947,1.7,9.2,13.9,45.2,18.7,630.6,1247.9,899.5,389.5,48.7,7.1,26.3,3338.0,10.9,77.7,3167.3,82.0,3060.923404255319,3.4753106071454027,Normal,3546.3,637.6000000000004,2983.1666666666665,2966.9,13.789513917970373
Coastal Karnataka,1948,16.5,0.0,8.4,55.6,66.1,848.8,1102.9,973.2,301.3,90.6,163.0,0.2,3626.6,16.5,130.1,3226.2,253.7,3060.923404255319,5.399566533253074,Normal,3167.3,-379.0,3207.433333333334,2965.8,13.771525620225072
Coastal Karnataka,1949,3.3,0.0,1.2,12.0,293.1,691.6,1157.1,585.4,438.0,148.8,32.0,0.0,3362.4,3.3,306.3,2872.1,180.8,3060.923404255319,-6.168837939322993,Normal,3226.2,58.899999999999636,3313.2666666666664,3068.6,12.808589806634119
Coastal Karnataka,1950,0.0,1.0,0.2,3.9,89.3,801.6,1506.7,456.1,716.5,136.6,54.1,0.1,3766.1,1.0,93.4,3481.0,190.8,3060.923404255319,13.723851931763056,Normal,2872.1,-354.0999999999999,3088.5333333333333,3144.12,8.687601233546843
Coastal Karnataka,1951,0.0,0.0,0.9,55.4,70.7,940.2,1083.4,441.1,268.9,187.1,76.2,0.4,3124.3,0.0,127.0,2733.6,263.6,3060.923404255319,-10.693616305467543,Normal,3481.0,608.9000000000001,3193.1,3258.5800000000004,8.27729949358665
Coastal Karnataka,1952,0.0,0.5,0.0,35.4,84.8,912.1,816.6,631.4,54.7,335.5,0.0,25.6,2896.6,0.5,120.2,2414.8,361.1,3060.923404255319,-21.108774017574994,Deficient,2733.6,-747.4000000000001,3028.9,3096.04,9.577793905971616
Coastal Karnataka,1953,0.3,0.0,0.0,48.2,8.6,666.2,1630.1,633.6,160.0,313.4,2.9,0.0,3463.3,0.3,56.8,3089.9,316.3,3060.923404255319,0.9466619028884448,Normal,2414.8,-318.7999999999997,2876.466666666667,2945.54,14.176607856404043
Coastal Karnataka,1954,0.5,0.0,21.6,61.1,89.8,1034.4,1357.4,688.7,421.8,133.6,0.6,12.1,3821.5,0.5,172.5,3502.2,146.2,3060.923404255319,14.416453385642216,Normal,3089.9,675.0999999999999,2746.1000000000004,2918.2799999999997,13.662069796450513
Coastal Karnataka,1955,0.3,0.0,4.7,29.9,360.3,962.7,639.3,702.2,458.2,361.1,31.0,2.8,3552.5,0.3,394.9,2762.4,394.9,3060.923404255319,-9.752723764348673,Normal,3502.2,412.2999999999997,3002.2999999999997,3044.3,15.540248947309953
Coastal Karnataka,1956,0.0,0.8,1.0,78.4,412.7,1001.0,1155.8,520.0,267.6,288.5,129.9,0.7,3856.6,0.8,492.1,2944.5,419.1,3060.923404255319,-3.803538634565838,Normal,2762.4,-739.7999999999997,3118.1666666666665,2900.58,14.222567425280936
Coastal Karnataka,1957,0.0,0.0,1.5,8.5,168.0,755.8,1101.1,703.9,98.0,189.0,148.9,0.1,3174.8,0.0,178.1,2658.7,338.0,3060.923404255319,-13.1405903099746,Normal,2944.5,182.0999999999999,3069.7000000000003,2942.76,13.655168603155529
Coastal Karnataka,1958,0.5,0.1,1.7,46.6,184.8,1031.4,1253.7,705.8,296.9,114.1,49.1,2.8,3687.4,0.6,233.1,3287.9,165.9,3060.923404255319,7.415298123080655,Normal,2658.7,-285.8000000000002,2788.5333333333333,2991.54,11.03552196799884
Coastal Karnataka,1959,0.0,0.0,0.0,30.4,204.4,994.4,1727.0,704.1,521.6,75.3,52.0,21.7,4330.8,0.0,234.8,3947.1,148.9,3060.923404255319,28.951282953134715,Excess,3287.9,629.2000000000003,2963.7000000000003,3031.1400000000003,11.736858473342151
Coastal Karnataka,1960,0.0,0.0,8.5,40.7,393.7,790.6,1053.2,510.5,450.5,169.0,87.6,0.0,3504.2,0.0,442.9,2804.7,256.6,3060.923404255319,-8.370787844580345,Normal,3947.1,659.1999999999998,3297.9,3120.12,16.68266218547175
Coastal Karnataka,1961,0.0,0.0,0.9,47.7,635.0,1013.0,1884.9,936.3,702.8,309.6,21.0,2.7,5553.9,0.0,683.6,4536.9,333.4,3060.923404255319,48.21997811813151,Excess,2804.7,-1142.4,3346.566666666667,3128.58,16.414751315745775
Coastal Karnataka,1962,0.2,3.4,0.1,31.6,359.4,405.4,1307.9,1080.9,413.5,313.4,18.5,83.3,4017.7,3.6,391.1,3207.7,415.3,3060.923404255319,4.795173755103802,Normal,4536.9,1732.1999999999998,3762.9,3447.06,22.922032722579708
Coastal Karnataka,1963,1.1,0.7,28.6,38.5,86.0,682.3,887.6,1013.8,181.0,233.7,8.2,10.0,3171.3,1.8,153.0,2764.7,251.8,3060.923404255319,-9.67758304057877,Normal,3207.7,-1329.1999999999998,3516.433333333333,3556.8599999999997,19.237320765731674
Coastal Karnataka,1964,0.0,0.0,2.6,5.8,23.4,631.7,864.0,978.1,363.9,200.2,53.1,17.6,3140.5,0.0,31.8,2837.8,271.0,3060.923404255319,-7.289414819891634,Normal,2764.7,-443.0,3503.1,3452.22,22.31197709930655
Coastal Karnataka,1965,2.5,0.0,0.0,9.7,39.7,797.8,1002.5,577.2,196.8,25.1,20.1,159.8,2831.1,2.5,49.4,2574.2,205.0,3060.923404255319,-15.901195161521276,Normal,2837.8,73.10000000000036,2936.7333333333336,3230.3599999999997,23.26716353114276
Coastal Karnataka,1966,3.7,0.0,0.8,11.8,196.0,577.9,1122.4,278.3,299.6,191.9,231.5,62.8,2976.6,3.7,208.6,2278.2,486.2,3060.923404255319,-25.57147961190963,Deficient,2574.2,-263.60000000000036,2725.566666666667,3184.2599999999998,24.81958093015299
Coastal Karnataka,1967,2.0,0.0,0.1,18.5,86.7,658.7,1368.5,673.4,237.1,124.8,7.4,4.5,3181.8,2.0,105.3,2937.8,136.8,3060.923404255319,-4.0224268298955685,Normal,2278.2,-296.0,2563.4,2732.5199999999995,12.536385679544203
Coastal Karnataka,1968,2.0,0.0,6.3,43.7,19.2,826.6,1550.5,456.3,304.9,221.4,30.1,0.1,3461.0,2.0,69.1,3138.3,251.5,3060.923404255319,2.527884090046544,Normal,2937.8,659.6000000000004,2596.7333333333336,2678.54,9.720447877609677
Coastal Karnataka,1969,0.0,0.0,1.2,44.8,49.9,704.8,1253.9,488.2,542.7,163.4,82.6,11.4,3342.9,0.0,95.8,2989.6,257.5,3060.923404255319,-2.330127051077615,Normal,3138.3,200.5,2784.766666666667,2753.2599999999998,12.1443646538877
Coastal Karnataka,1970,0.0,0.0,2.0,30.9,260.4,843.7,1259.2,1130.5,328.7,157.8,28.7,0.0,4042.0,0.0,293.3,3562.2,186.5,3060.923404255319,16.376646179639856,Normal,2989.6,-148.70000000000027,3021.9,2783.62,12.590265073532589
Coastal Karnataka,1971,0.0,0.1,0.4,23.5,268.3,1113.2,1017.0,532.6,215.6,55.2,7.0,2.5,3235.2,0.1,292.2,2878.4,64.6,3060.923404255319,-5.963017695953235,Normal,3562.2,572.5999999999999,3230.0333333333333,2981.2200000000003,15.538961052136067
Coastal Karnataka,1972,0.0,0.5,0.2,17.0,153.4,716.9,1068.8,522.9,131.2,201.6,38.7,5.8,2856.9,0.5,170.5,2439.8,246.1,3060.923404255319,-20.292027020075977,Deficient,2878.4,-683.7999999999997,3143.4,3101.26,8.87016775217969
Coastal Karnataka,1973,0.0,0.0,0.0,15.3,83.0,765.5,982.1,915.9,178.5,140.7,39.6,5.4,3126.0,0.0,98.3,2842.0,185.7,3060.923404255319,-7.152201324311807,Normal,2439.8,-438.5999999999999,2960.1333333333337,3001.66,13.57250697977132
Coastal Karnataka,1974,0.0,0.0,5.5,25.8,168.1,474.7,1465.9,741.7,361.8,182.4,7.6,0.0,3433.5,0.0,199.4,3044.1,190.0,3060.923404255319,-0.5496185965297594,Normal,2842.0,402.1999999999998,2720.066666666667,2942.4,13.733429850441231
Coastal Karnataka,1975,0.3,0.0,7.0,8.0,103.0,1327.8,1095.5,958.6,537.1,199.5,63.1,0.1,4300.0,0.3,118.0,3919.1,262.6,3060.923404255319,28.036526315935816,Excess,3044.1,202.0999999999999,2775.3000000000006,2953.3,13.7612938292962
Coastal Karnataka,1976,0.0,0.0,8.1,20.3,35.8,492.7,1187.1,644.4,346.4,50.3,138.3,10.6,2933.9,0.0,64.2,2670.6,199.1,3060.923404255319,-12.751818739165069,Normal,3919.1,875.0,3268.4,3024.68,18.087448891586803
Coastal Karnataka,1977,0.0,1.9,3.3,24.7,116.1,855.7,1290.3,441.1,266.5,198.5,180.8,0.0,3379.0,1.9,144.2,2853.6,379.3,3060.923404255319,-6.773230717472265,Normal,2670.6,-1248.5,3211.266666666667,2983.12,19.055668585776047
Coastal Karnataka,1978,0.3,0.5,0.0,11.8,251.6,1212.6,1222.5,745.4,206.7,121.5,76.3,13.8,3862.9,0.8,263.4,3387.2,211.5,3060.923404255319,10.65941719714674,Normal,2853.6,183.0,3147.7666666666664,3065.8799999999997,16.143716780487228
Coastal Karnataka,1979,0.8,0.2,0.2,11.7,12.2,735.3,962.7,619.4,238.6,127.3,111.8,3.3,2823.4,1.0,24.0,2556.0,242.4,3060.923404255319,-16.495786975700554,Normal,3387.2,533.5999999999999,2970.466666666667,3174.9199999999996,15.538885293027924
Coastal Karnataka,1980,0.0,0.0,0.8,78.6,57.1,1193.3,1057.7,1004.7,199.5,95.0,71.3,4.1,3762.0,0.0,136.5,3455.2,170.3,3060.923404255319,12.880969030344064,Normal,2556.0,-831.1999999999998,2932.2666666666664,3077.3,18.46753033262321
Coastal Karnataka,1981,0.7,0.0,1.9,17.0,58.1,1013.7,1049.3,1187.4,340.7,119.9,56.7,3.2,3848.6,0.7,76.9,3591.0,179.9,3060.923404255319,17.31753872075873,Normal,3455.2,899.1999999999998,3132.8000000000006,2984.5199999999995,13.845472630837058
Coastal Karnataka,1982,0.0,0.3,0.3,3.2,87.5,808.6,1258.7,1579.1,151.8,138.3,62.6,0.3,4090.9,0.3,91.1,3798.2,201.2,3060.923404255319,24.08673783603057,Excess,3591.0,135.80000000000018,3200.7333333333336,3168.6,13.961823801342248
Coastal Karnataka,1983,0.0,0.0,0.0,0.0,24.4,712.6,1160.4,1231.8,596.5,140.9,50.3,25.2,3942.2,0.0,24.4,3701.5,216.4,3060.923404255319,20.92756044970438,Excess,3798.2,207.19999999999982,3614.8000000000006,3357.5199999999995,14.140042959729362
Coastal Karnataka,1984,4.3,6.0,34.2,46.7,24.0,1110.2,1084.1,613.6,196.8,227.9,11.2,0.1,3359.0,10.3,104.9,3004.6,239.2,3060.923404255319,-1.8400788525782052,Normal,3701.5,-96.69999999999982,3696.9,3420.38,14.61279644640245
Coastal Karnataka,1985,5.3,0.0,1.6,12.9,76.9,977.9,668.5,844.3,130.6,258.6,27.5,11.7,3015.7,5.3,91.4,2621.3,297.8,3060.923404255319,-14.362443818233118,Normal,3004.6,-696.9000000000001,3501.433333333334,3510.1,8.835385761069755
Coastal Karnataka,1986,0.3,0.1,4.8,6.2,20.9,976.5,723.3,808.9,176.3,102.2,112.5,2.5,2934.5,0.4,32.0,2685.0,217.1,3060.923404255319,-12.28137246860563,Normal,2621.3,-383.2999999999997,3109.1333333333337,3343.3199999999997,15.19699588035938
Coastal Karnataka,1987,0.0,0.0,0.2,1.7,63.5,728.3,704.5,715.6,180.6,232.2,74.9,14.7,2716.2,0.0,65.4,2329.0,321.8,3060.923404255319,-23.91184971299162,Deficient,2685.0,63.69999999999982,2770.3000000000006,3162.12,17.6110375076196
Coastal Karnataka,1988,0.0,0.2,0.0,32.0,28.4,689.3,1295.8,832.6,451.9,122.7,2.4,11.3,3466.6,0.2,60.5,3269.5,136.4,3060.923404255319,6.814172332921375,Normal,2329.0,-356.0,2545.1000000000004,2868.2799999999997,18.268358345351064
Coastal Karnataka,1989,0.0,0.0,8.4,22.4,53.6,982.5,914.4,829.3,234.7,138.1,31.9,0.3,3215.6,0.0,84.4,2960.9,170.3,3060.923404255319,-3.26775260420648,Normal,3269.5,940.5,2761.1666666666674,2781.88,13.05582583558848
Coastal Karnataka,1990,1.7,0.0,0.1,5.2,343.2,997.0,1110.8,1087.0,265.4,215.0,93.6,1.5,4120.4,1.7,348.4,3460.2,310.1,3060.923404255319,13.044318429843868,Normal,2960.9,-308.5999999999999,2853.1333333333337,2773.1400000000003,12.872426027212017
Coastal Karnataka,1991,0.1,0.0,0.3,47.7,95.9,939.9,1501.7,896.5,79.5,111.8,45.6,0.7,3719.7,0.1,143.9,3417.5,158.1,3060.923404255319,11.649314558115552,Normal,3460.2,499.2999999999997,3230.2000000000007,2940.92,15.376305361819204
Coastal Karnataka,1992,0.0,0.0,0.0,17.2,77.0,873.2,1087.5,1097.5,354.3,133.6,241.8,0.0,3882.2,0.0,94.2,3412.6,375.4,3060.923404255319,11.489232146605744,Normal,3417.5,-42.69999999999982,3279.533333333334,3087.42,15.125231017124117
Coastal Karnataka,1993,0.0,0.1,6.7,21.7,68.3,591.2,1397.3,742.0,214.3,347.4,40.8,51.5,3481.3,0.1,96.7,2944.8,439.8,3060.923404255319,-3.793737670595844,Normal,3412.6,-4.900000000000091,3430.1000000000004,3304.1400000000003,6.202167204078779
Coastal Karnataka,1994,3.5,0.0,6.3,72.9,44.1,1221.1,1748.2,907.0,268.1,336.0,28.6,0.5,4636.3,3.5,123.2,4144.4,365.2,3060.923404255319,35.39705025739694,Excess,2944.8,-467.7999999999997,3258.3000000000006,3239.2,8.092034979942978
Coastal Karnataka,1995,3.7,0.0,0.7,21.1,137.8,535.8,1375.7,685.1,348.5,192.0,57.4,0.0,3357.8,3.7,159.6,2945.0,249.5,3060.923404255319,-3.787203694615858,Normal,4144.4,1199.5999999999995,3500.6000000000004,3475.9,12.345977644121445
Coastal Karnataka,1996,0.3,0.0,0.4,20.3,26.2,787.0,1122.6,617.9,289.3,259.5,27.5,37.8,3188.9,0.3,46.9,2816.8,324.9,3060.923404255319,-7.975482297790809,Normal,2945.0,-1199.3999999999996,3344.7333333333336,3372.8599999999997,14.5635780329683
Coastal Karnataka,1997,0.7,0.0,14.9,21.5,23.1,818.6,1494.1,1146.0,117.1,148.5,109.8,59.2,3953.6,0.7,59.5,3575.8,317.5,3060.923404255319,16.82095654627933,Normal,2816.8,-128.19999999999982,3302.066666666667,3252.72,16.84022374087505
Coastal Karnataka,1998,0.0,0.0,1.4,6.6,72.0,966.4,1092.0,633.9,572.8,271.0,80.6,11.3,3707.9,0.0,80.0,3265.1,362.9,3060.923404255319,6.670424861361546,Normal,3575.8,759.0,3112.533333333334,3285.3599999999997,17.175806591048897
Coastal Karnataka,1999,0.0,0.4,0.4,7.1,335.5,854.1,1525.9,518.4,186.5,338.2,12.8,0.5,3779.9,0.4,343.0,3084.9,351.5,3060.923404255319,0.7833125033886414,Normal,3265.1,-310.7000000000003,3219.233333333334,3349.4199999999996,15.921844804074256
Coastal Karnataka,2000,14.9,0.5,0.9,25.8,216.4,966.8,915.6,741.7,279.2,174.7,12.5,2.4,3351.3,15.5,243.0,2903.3,189.6,3060.923404255319,-5.149537686444211,Normal,3084.9,-180.19999999999982,3308.600000000001,3137.52,9.4422233076178
Coastal Karnataka,2001,0.6,0.4,0.4,71.4,156.9,930.0,926.9,654.4,151.8,169.7,48.6,0.6,3111.6,1.0,228.7,2663.1,218.9,3060.923404255319,-12.996842838414771,Normal,2903.3,-181.5999999999999,3084.4333333333343,3129.1800000000003,9.699795578920616
Coastal Karnataka,2002,0.6,11.2,0.5,30.9,164.0,764.5,545.7,731.3,163.5,360.0,20.7,0.3,2793.1,11.8,195.3,2205.0,381.0,3060.923404255319,-27.962914820586747,Deficient,2663.1,-240.20000000000027,2883.766666666667,3098.44,11.220045221924332
Coastal Karnataka,2003,0.1,3.6,8.4,37.3,10.2,973.8,970.6,637.5,236.0,183.7,10.7,0.0,3071.9,3.8,55.9,2817.9,194.4,3060.923404255319,-7.939545429900854,Normal,2205.0,-458.0999999999999,2590.466666666667,2824.2799999999997,14.577041521627299
Coastal Karnataka,2004,0.0,0.0,6.3,24.7,329.2,805.8,718.1,874.5,154.4,104.7,52.1,0.0,3070.0,0.1,360.3,2552.8,156.8,3060.923404255319,-16.600330591380423,Normal,2817.9,612.9000000000001,2562.0000000000005,2734.84,12.17814737449595
Coastal Karnataka,2005,0.5,0.2,0.0,72.5,45.0,821.6,1177.3,692.0,456.2,178.7,24.6,2.3,3470.9,0.6,117.5,3147.2,205.6,3060.923404255319,2.818646021156181,Normal,2552.8,-265.0999999999999,2525.233333333334,2628.42,10.378647980710408
Coastal Karnataka,2006,1.0,0.0,4.7,5.9,355.7,800.1,1100.8,855.6,404.1,212.0,97.4,0.0,3837.3,1.0,366.3,3160.6,309.4,3060.923404255319,3.256422411815657,Normal,3147.2,594.3999999999996,2839.3000000000006,2677.2,12.930419334585663
Coastal Karnataka,2007,0.0,0.0,0.6,40.2,61.1,952.0,1004.4,980.4,630.5,152.8,37.5,0.8,3860.2,0.0,101.9,3567.2,191.1,3060.923404255319,16.539995579139656,Normal,3160.6,13.400000000000091,2953.533333333334,2776.7,14.6656819626347
Coastal Karnataka,2008,0.0,14.8,161.4,33.4,64.3,850.7,687.8,886.3,383.3,91.6,19.3,13.5,3206.4,14.8,259.0,2808.1,124.4,3060.923404255319,-8.259710252920476,Normal,3567.2,406.5999999999999,3291.6666666666674,3049.1400000000003,12.598268347266789
Coastal Karnataka,2009,0.4,0.0,35.2,24.5,100.7,450.3,1778.9,486.1,530.7,287.4,132.4,35.4,3862.0,0.4,160.4,3246.0,455.2,3060.923404255319,6.046430155272301,Normal,2808.1,-759.0999999999999,3178.6333333333337,3047.1799999999994,12.655496242998801
Coastal Karnataka,2010,14.4,0.4,3.5,62.2,80.2,682.7,1200.2,637.5,468.4,294.7,231.5,11.0,3686.8,14.8,145.9,2988.9,537.2,3060.923404255319,-2.352995967007582,Normal,3246.0,437.9000000000001,3207.1000000000004,3185.8199999999997,8.508011869387131
Coastal Karnataka,2011,4.8,3.8,8.7,66.1,49.3,1018.4,1080.5,861.3,545.2,178.8,81.5,10.2,3908.6,8.6,124.1,3505.4,270.5,3060.923404255319,14.520997001322096,Normal,2988.9,-257.0999999999999,3014.333333333334,3154.16,9.05300250003524
Coastal Karnataka,2012,,11.4,5.1,77.0,22.9,650.9,754.6,1027.6,382.0,115.1,68.0,3.6,,,104.9,2815.1,186.7,3060.923404255319,-8.031021093620751,Normal,3505.4,516.5,3246.766666666668,3223.12,10.12147716404113
Coastal Karnataka,2013,2.4,19.6,19.0,28.5,100.4,1153.0,1515.3,680.2,379.1,265.1,56.9,10.0,4229.4,21.9,147.9,3727.6,332.0,3060.923404255319,21.78024431509335,Excess,2815.1,-690.3000000000002,3103.1333333333337,3072.7,9.77228552855139
Coastal Karnataka,2014,0.0,0.3,1.9,40.5,181.9,507.0,1155.4,1121.0,379.3,226.4,40.0,30.8,3684.4,0.3,224.3,3162.6,297.2,3060.923404255319,3.321762171615579,Normal,3727.6,912.5,3349.3666666666672,3256.6,11.390970129574681
Coastal Karnataka,2015,1.4,1.0,32.3,72.2,150.3,735.3,930.9,575.2,260.3,208.5,124.2,14.3,3106.0,2.4,254.8,2501.8,347.1,3060.923404255319,-18.266494466278417,Normal,3162.6,-565.0,3235.1000000000004,3239.92,11.525623005014012
Coastal Karnataka,2016,0.5,0.0,0.2,3.8,94.3,963.1,763.1,471.3,225.9,77.4,14.4,5.7,2619.7,0.5,98.3,2423.5,97.5,3060.923404255319,-20.824546062445343,Deficient,2501.8,-660.7999999999997,3130.6666666666674,3142.5,15.848163351443908
Coastal Karnataka,2017,1.1,0.0,2.5,9.5,129.0,831.4,820.1,625.2,316.5,185.7,19.4,7.2,2947.6,1.1,141.0,2593.2,212.3,3060.923404255319,-15.280467443422024,Normal,2423.5,-78.30000000000018,2695.966666666667,2926.12,18.270759297119866
East Madhya Pradesh,1901,48.5,38.1,15.7,10.7,6.2,61.0,367.5,589.2,189.9,5.9,0.0,0.0,1332.7,86.5,32.7,1207.7,5.9,1022.2510638297872,18.141231907887885,Normal,,,,,
East Madhya Pradesh,1902,14.9,8.9,0.0,3.6,2.7,28.0,411.9,227.0,236.6,17.0,27.6,6.1,984.2,23.8,6.2,903.5,50.7,1022.2510638297872,-11.616624137801852,Normal,1207.7,,,,
East Madhya Pradesh,1903,5.6,2.9,0.3,0.9,37.5,67.5,261.4,366.7,257.4,177.9,0.0,0.0,1178.1,8.5,38.7,953.0,177.9,1022.2510638297872,-6.774369455810921,Normal,903.5,-304.20000000000005,,,
East Madhya Pradesh,1904,2.0,15.3,48.2,0.0,8.6,109.9,443.2,316.6,135.6,44.8,3.2,16.9,1144.2,17.3,56.7,1005.2,65.0,1022.2510638297872,-1.6679917911659323,Normal,953.0,49.5,1021.4,,
East Madhya Pradesh,1905,15.9,8.0,14.3,12.3,10.2,34.4,292.4,243.3,250.9,2.9,0.0,1.6,886.0,23.9,36.7,821.0,4.4,1022.2510638297872,-19.687048607786743,Normal,1005.2,52.200000000000045,953.9,,
East Madhya Pradesh,1906,12.1,28.3,30.8,0.0,3.5,226.1,444.2,190.1,417.0,7.1,1.7,8.8,1369.7,40.4,34.4,1277.3,17.6,1022.2510638297872,24.949735460747853,Excess,821.0,-184.20000000000005,926.4,978.0799999999999,14.844882247660735
East Madhya Pradesh,1907,7.0,103.1,4.5,30.5,5.1,90.9,221.9,512.3,20.1,0.0,13.0,1.2,1009.6,110.1,40.1,845.2,14.2,1022.2510638297872,-17.319724096591173,Normal,1277.3,456.29999999999995,1034.5,992.0,17.472158814900222
East Madhya Pradesh,1908,18.2,17.0,9.4,1.4,3.4,117.7,528.9,588.6,127.5,13.0,0.4,5.0,1430.6,35.2,14.1,1362.8,18.4,1022.2510638297872,33.31362991145947,Excess,845.2,-432.0999999999999,981.1666666666666,980.3400000000001,18.61443870566779
East Madhya Pradesh,1909,19.8,16.3,5.3,72.4,6.2,208.5,387.0,240.5,123.6,0.2,0.0,42.2,1122.0,36.1,83.9,959.6,42.4,1022.2510638297872,-6.128735498212127,Normal,1362.8,517.5999999999999,1161.7666666666667,1062.3,23.304148783950847
East Madhya Pradesh,1910,10.0,0.1,0.2,2.6,9.6,221.3,225.6,377.5,258.0,49.0,68.3,0.0,1222.2,10.1,12.4,1082.4,117.3,1022.2510638297872,5.88396904620175,Normal,959.6,-403.19999999999993,1055.8666666666666,1053.1799999999998,23.833092395651004
East Madhya Pradesh,1911,22.7,0.8,15.9,0.8,3.9,204.7,175.9,362.6,296.4,62.9,50.5,0.0,1197.1,23.5,20.6,1039.6,113.3,1022.2510638297872,1.6971306545004807,Normal,1082.4,122.80000000000007,1134.9333333333332,1105.4599999999998,19.469682053450146
East Madhya Pradesh,1912,8.4,46.0,0.2,4.8,3.1,35.6,460.4,373.5,165.8,1.0,49.2,2.5,1150.6,54.3,8.1,1035.4,52.7,1022.2510638297872,1.286272681483086,Normal,1039.6,-42.80000000000018,1027.2,1057.92,18.231546058995423
East Madhya Pradesh,1913,1.3,58.4,22.7,0.0,24.2,201.6,262.5,281.3,63.1,2.7,0.7,17.7,936.4,59.8,46.9,808.5,21.2,1022.2510638297872,-20.90984019414809,Deficient,1035.4,-4.199999999999818,1052.4666666666667,1095.9599999999998,14.19613471677364
East Madhya Pradesh,1914,0.1,9.3,56.1,19.8,21.3,107.6,544.5,339.8,138.4,8.4,1.9,2.8,1250.1,9.4,97.2,1130.4,13.1,1022.2510638297872,10.579488737829324,Normal,808.5,-226.9000000000001,961.1666666666666,985.1,10.980897846255871
East Madhya Pradesh,1915,16.2,36.7,52.6,8.3,10.4,178.2,378.4,416.2,159.7,116.2,6.7,2.8,1382.3,52.9,71.3,1132.6,125.6,1022.2510638297872,10.7947000570289,Normal,1130.4,321.9000000000001,991.4333333333334,1019.26,12.158640249491123
East Madhya Pradesh,1916,0.0,26.6,0.1,2.2,6.3,286.0,250.5,452.7,253.2,177.4,25.2,0.0,1480.2,26.6,8.5,1242.4,202.6,1022.2510638297872,21.535701351626987,Excess,1132.6,2.199999999999818,1023.8333333333334,1029.3,12.832714498638678
East Madhya Pradesh,1917,5.8,39.3,25.4,6.4,63.2,223.8,396.4,466.3,345.9,63.0,0.0,3.8,1639.3,45.0,95.0,1432.4,66.8,1022.2510638297872,40.12213346431946,Excess,1242.4,109.80000000000018,1168.4666666666667,1069.86,15.278013117919798
East Madhya Pradesh,1918,1.2,6.5,2.3,1.2,29.1,233.1,191.9,331.9,102.9,0.2,18.7,11.5,930.5,7.7,32.6,859.8,30.4,1022.2510638297872,-15.891503523721124,Normal,1432.4,190.0,1269.1333333333334,1149.26,19.726810850244394
East Madhya Pradesh,1919,120.7,29.7,10.8,9.2,23.2,158.9,479.8,713.0,105.6,82.3,10.8,3.3,1747.1,150.3,43.1,1457.3,96.4,1022.2510638297872,42.55793430435125,Excess,859.8,-572.6000000000001,1178.2,1159.52,17.921933398306916
East Madhya Pradesh,1920,12.2,1.7,17.0,6.3,12.7,93.8,426.4,237.8,91.6,0.1,0.0,0.0,899.5,13.9,36.0,849.6,0.1,1022.2510638297872,-16.88930145819198,Normal,1457.3,597.5,1249.8333333333333,1224.9,19.963674472419648
East Madhya Pradesh,1921,24.4,3.4,0.0,0.5,0.0,216.6,255.1,379.5,251.6,0.9,0.0,0.0,1132.1,27.8,0.6,1102.8,0.9,1022.2510638297872,7.879564915143454,Normal,849.6,-607.6999999999999,1055.5666666666666,1168.3,25.51743363090269
East Madhya Pradesh,1922,39.1,6.1,0.5,2.5,0.9,132.7,459.2,321.0,231.1,6.6,35.0,3.2,1238.0,45.2,4.0,1144.1,44.8,1022.2510638297872,11.91966831648134,Normal,1102.8,253.19999999999993,1136.5666666666666,1140.38,25.954051850810156
East Madhya Pradesh,1923,5.1,9.8,20.0,2.1,2.3,27.2,466.7,676.3,193.4,31.5,0.2,9.2,1443.9,14.9,24.5,1363.6,40.9,1022.2510638297872,33.39188857298659,Excess,1144.1,41.299999999999955,1032.1666666666667,1082.72,23.021508264298323
East Madhya Pradesh,1924,29.4,9.0,7.2,1.1,1.4,43.5,547.3,377.7,244.6,29.9,13.8,10.5,1315.3,38.4,9.7,1213.2,54.1,1022.2510638297872,18.67926020588688,Normal,1363.6,219.5,1203.5,1183.48,20.12706279820935
East Madhya Pradesh,1925,0.1,0.0,0.0,0.2,29.8,191.9,575.0,287.6,204.0,11.7,53.8,0.3,1354.5,0.1,30.1,1258.6,65.8,1022.2510638297872,23.12043924755128,Excess,1213.2,-150.39999999999986,1240.3,1134.66,16.543590131045082
East Madhya Pradesh,1926,21.1,3.1,49.2,41.0,31.0,26.3,327.2,551.4,538.7,135.9,1.2,0.9,1726.8,24.2,121.2,1443.6,138.0,1022.2510638297872,41.21775472569921,Excess,1258.6,45.399999999999864,1278.4666666666665,1216.46,8.382482323532859
East Madhya Pradesh,1927,8.4,18.7,44.4,1.8,2.5,100.1,430.4,382.8,93.6,67.1,77.7,8.4,1235.9,27.1,48.8,1006.9,153.2,1022.2510638297872,-1.501692135420796,Normal,1443.6,185.0,1305.1333333333332,1284.62,9.2954548815767
East Madhya Pradesh,1928,15.7,52.8,9.1,1.0,2.5,152.7,475.0,185.0,63.1,96.6,0.0,53.5,1106.9,68.5,12.6,875.7,150.1,1022.2510638297872,-14.336112625869484,Normal,1006.9,-436.69999999999993,1236.3666666666666,1257.18,13.229884022379515
East Madhya Pradesh,1929,30.0,17.4,0.2,11.2,1.7,94.3,524.9,399.2,103.0,17.7,0.0,47.9,1247.4,47.4,13.1,1121.4,65.6,1022.2510638297872,9.699078795649152,Normal,875.7,-131.19999999999993,1108.7333333333333,1159.6,19.14989541530858
East Madhya Pradesh,1930,2.1,3.5,3.0,31.3,6.9,134.0,597.9,268.4,109.2,33.9,5.2,8.5,1203.9,5.5,41.3,1109.5,47.6,1022.2510638297872,8.53498120543314,Normal,1121.4,245.70000000000005,1001.3333333333334,1141.2400000000002,19.304505792635975
East Madhya Pradesh,1931,13.7,29.5,9.0,3.3,3.2,69.6,294.5,458.1,290.9,151.6,16.2,2.6,1342.2,43.2,15.4,1113.1,170.5,1022.2510638297872,8.887145182305199,Normal,1109.5,-11.900000000000091,1035.5333333333335,1111.42,18.92338837027274
East Madhya Pradesh,1932,0.0,22.5,13.9,2.4,6.3,105.1,534.5,198.0,242.8,22.5,3.1,0.0,1150.9,22.5,22.5,1080.3,25.6,1022.2510638297872,5.67854005969303,Normal,1113.1,3.599999999999909,1114.6666666666667,1045.3200000000002,10.118346302218406
East Madhya Pradesh,1933,8.4,44.0,18.8,29.5,74.2,143.8,360.6,321.1,294.4,61.4,8.9,3.3,1368.4,52.4,122.5,1120.0,73.5,1022.2510638297872,9.562126137976673,Normal,1080.3,-32.799999999999955,1100.9666666666667,1060.0,9.828812419503453
East Madhya Pradesh,1934,15.9,0.1,10.5,2.2,0.2,228.5,320.7,447.1,395.1,19.9,20.9,12.1,1473.3,16.0,12.9,1391.4,53.0,1022.2510638297872,36.11137706105424,Excess,1120.0,39.700000000000045,1104.4666666666667,1108.8600000000001,1.5059513535364204
East Madhya Pradesh,1935,21.5,17.2,0.2,19.1,0.5,88.3,624.4,292.6,200.6,2.4,0.2,12.9,1279.9,38.7,19.8,1205.9,15.5,1022.2510638297872,17.965149919451857,Normal,1391.4,271.4000000000001,1197.2333333333333,1162.86,11.063551618445942
East Madhya Pradesh,1936,10.2,31.6,22.0,10.4,15.7,233.3,421.9,415.2,217.0,49.0,71.8,6.1,1504.2,41.8,48.1,1287.3,126.9,1022.2510638297872,25.92796872983693,Excess,1205.9,-185.5,1239.1000000000001,1182.1399999999999,10.646004482709301
East Madhya Pradesh,1937,0.1,59.7,11.2,43.5,2.4,186.9,465.5,344.7,179.4,100.0,3.6,1.1,1398.0,59.8,57.0,1176.5,104.7,1022.2510638297872,15.08914410832996,Normal,1287.3,81.39999999999986,1294.8666666666668,1216.98,10.359410317211196
East Madhya Pradesh,1938,52.3,11.5,6.4,2.6,22.3,300.7,403.4,322.0,158.2,94.3,0.0,0.0,1373.8,63.8,31.4,1184.4,94.3,1022.2510638297872,15.86194839091034,Normal,1176.5,-110.79999999999995,1223.2333333333336,1236.22,8.549579583169177
East Madhya Pradesh,1939,36.4,19.3,20.0,6.4,0.0,186.6,496.0,393.9,180.8,7.9,0.0,0.0,1347.2,55.7,26.4,1257.2,7.9,1022.2510638297872,22.98348658987882,Excess,1184.4,7.900000000000091,1216.0666666666666,1249.1,7.275079320852624
East Madhya Pradesh,1940,3.4,15.9,16.0,6.6,10.6,117.0,447.2,431.0,81.9,35.0,2.8,25.4,1192.8,19.3,33.3,1077.0,63.2,1022.2510638297872,5.35572308089364,Normal,1257.2,72.79999999999995,1206.0333333333335,1222.26,3.9335405498203015
East Madhya Pradesh,1941,30.0,35.7,15.2,3.1,8.1,124.8,190.2,300.5,111.2,9.2,0.0,0.1,828.1,65.7,26.4,726.8,9.3,1022.2510638297872,-28.90200600260585,Deficient,1077.0,-180.20000000000005,1172.8666666666668,1196.48,6.835549520811722
East Madhya Pradesh,1942,40.8,79.8,10.2,5.0,0.9,166.4,605.6,381.8,196.5,1.2,0.0,20.1,1508.4,120.6,16.1,1350.3,21.3,1022.2510638297872,32.09083832509812,Excess,726.8,-350.20000000000005,1020.3333333333334,1084.38,19.359029483028937
East Madhya Pradesh,1943,115.6,1.8,0.0,10.7,28.5,119.2,421.8,386.5,238.3,58.8,1.3,0.0,1382.4,117.4,39.3,1165.7,60.1,1022.2510638297872,14.03265217771376,Normal,1350.3,623.5,1051.3666666666668,1119.1399999999999,21.54073310823329
East Madhya Pradesh,1944,29.6,68.4,87.3,10.7,1.8,103.1,533.7,379.5,150.5,50.5,6.3,5.7,1427.0,97.9,99.7,1166.8,62.5,1022.2510638297872,14.14025783731355,Normal,1165.7,-184.5999999999999,1080.9333333333334,1115.4,21.512268072577513
East Madhya Pradesh,1945,42.5,0.7,0.0,30.0,6.0,224.9,410.0,287.1,256.2,26.6,0.0,2.2,1286.3,43.2,36.0,1178.2,28.9,1022.2510638297872,15.255443764075109,Normal,1166.8,1.099999999999909,1227.6000000000001,1097.3200000000002,20.940344327308598
East Madhya Pradesh,1946,0.0,23.2,0.9,13.5,8.1,346.0,376.3,480.8,95.6,32.6,108.9,8.6,1494.3,23.2,22.4,1298.7,150.0,1022.2510638297872,27.04315465659849,Excess,1178.2,11.400000000000091,1170.2333333333333,1117.56,20.758766043754232
East Madhya Pradesh,1947,50.5,26.5,19.6,1.7,2.4,91.4,487.9,438.7,269.5,29.3,0.3,1.8,1419.5,77.0,23.6,1287.5,31.4,1022.2510638297872,25.94753339521872,Excess,1298.7,120.5,1214.5666666666666,1231.94,7.028003706527522
East Madhya Pradesh,1948,66.1,11.0,3.6,3.2,1.2,189.2,355.8,371.2,302.8,22.6,103.8,0.0,1430.4,77.1,7.9,1219.0,126.4,1022.2510638297872,19.24663550195854,Excess,1287.5,-11.200000000000045,1254.8000000000002,1219.3799999999999,5.5430347913253994
East Madhya Pradesh,1949,2.0,15.4,2.8,1.5,24.3,114.4,351.0,302.7,296.2,124.7,0.0,0.4,1235.5,17.4,28.7,1064.3,125.1,1022.2510638297872,4.1133668291505066,Normal,1219.0,-68.5,1268.4000000000003,1230.04,4.9492513238725175
East Madhya Pradesh,1950,15.1,27.7,35.9,1.7,2.5,75.3,461.1,408.4,114.3,13.1,0.2,22.6,1177.9,42.8,40.2,1059.1,35.9,1022.2510638297872,3.6046855292241817,Normal,1064.3,-154.70000000000005,1190.2666666666667,1209.54,7.8644024948513955
East Madhya Pradesh,1951,19.3,21.0,44.5,16.5,9.9,138.5,285.8,382.4,221.6,35.9,0.0,0.0,1175.6,40.3,70.9,1028.4,35.9,1022.2510638297872,0.6015093931207318,Normal,1059.1,-5.2000000000000455,1114.1333333333334,1185.72,9.889980819524022
East Madhya Pradesh,1952,1.1,27.1,8.8,2.9,2.6,196.4,386.8,400.3,117.1,8.3,0.0,4.0,1155.3,28.1,14.3,1100.6,12.3,1022.2510638297872,7.664353595943853,Normal,1028.4,-30.699999999999818,1050.6000000000001,1131.66,10.111929117586909
East Madhya Pradesh,1953,16.4,4.8,0.0,7.1,2.0,42.7,408.3,348.0,160.8,16.3,0.0,0.6,1007.1,21.3,9.1,959.8,16.9,1022.2510638297872,-6.109170832830353,Normal,1100.6,72.19999999999982,1062.7,1094.28,6.788264039558407
East Madhya Pradesh,1954,16.6,12.2,6.4,3.1,0.1,80.5,329.7,289.5,332.0,5.8,0.0,0.6,1076.7,28.9,9.6,1031.8,6.4,1022.2510638297872,0.9341087046110048,Normal,959.8,-140.79999999999995,1029.6000000000001,1042.44,5.06802116839511
East Madhya Pradesh,1955,70.9,3.0,1.6,3.0,3.4,236.4,260.2,427.1,295.7,119.6,0.0,0.0,1421.0,73.9,8.1,1219.4,119.6,1022.2510638297872,19.285764832722112,Excess,1031.8,72.0,1030.7333333333333,1035.94,4.966546535027926
East Madhya Pradesh,1956,14.1,5.5,6.6,1.7,25.9,187.9,525.3,415.2,184.9,73.3,53.7,21.8,1515.8,19.6,34.1,1313.3,148.8,1022.2510638297872,28.47137522946853,Excess,1219.4,187.60000000000014,1070.3333333333333,1068.0,9.194470502121774
East Madhya Pradesh,1957,20.8,0.9,63.8,17.9,6.2,61.3,349.7,359.5,113.6,6.6,0.0,0.5,1000.8,21.8,87.9,884.1,7.1,1022.2510638297872,-13.51439667983466,Normal,1313.3,93.89999999999986,1188.1666666666667,1124.98,12.644719073368726
East Madhya Pradesh,1958,8.1,17.0,14.2,6.0,1.3,65.7,435.8,273.6,236.6,109.6,3.5,0.1,1171.6,25.1,21.5,1011.8,113.1,1022.2510638297872,-1.0223578335671502,Normal,884.1,-429.19999999999993,1138.9333333333334,1081.6799999999998,16.60190891421619
East Madhya Pradesh,1959,49.1,3.8,1.4,8.1,30.2,81.3,437.8,397.3,231.2,61.7,0.3,0.0,1302.4,52.9,39.8,1147.7,62.0,1022.2510638297872,12.27183229335342,Normal,1011.8,127.69999999999993,1069.7333333333333,1092.0800000000002,15.75953514575659
East Madhya Pradesh,1960,46.8,0.1,24.6,6.2,1.3,113.1,376.3,495.3,82.7,104.8,0.0,0.8,1252.0,46.9,32.1,1067.4,105.6,1022.2510638297872,4.416619142568134,Normal,1147.7,135.9000000000001,1014.5333333333334,1115.26,15.220402053254233
East Madhya Pradesh,1961,29.0,11.2,3.8,5.8,8.4,132.9,499.4,462.9,358.4,65.7,7.5,13.7,1598.8,40.3,18.0,1453.7,86.8,1022.2510638297872,42.20577032747919,Excess,1067.4,-80.29999999999995,1075.6333333333334,1084.86,14.725448661267574
East Madhya Pradesh,1962,12.8,23.1,21.5,9.5,9.5,55.5,327.2,325.7,229.5,1.4,1.7,51.0,1068.4,36.0,40.4,937.9,54.1,1022.2510638297872,-8.25150169213543,Normal,1453.7,386.29999999999995,1222.9333333333334,1112.94,19.165928192766103
East Madhya Pradesh,1963,7.2,13.5,5.7,16.2,10.7,147.9,274.2,364.4,243.6,27.9,7.7,1.2,1120.1,20.7,32.5,1030.1,36.8,1022.2510638297872,0.7678090488658571,Normal,937.9,-515.8000000000001,1153.0000000000002,1123.7,17.781035233379605
East Madhya Pradesh,1964,0.2,8.1,2.2,1.3,2.5,131.5,360.1,433.0,226.0,21.3,0.9,0.2,1187.3,8.3,6.0,1150.6,22.4,1022.2510638297872,12.55551994138924,Normal,1030.1,92.19999999999993,1140.5666666666668,1127.36,17.509612973112958
East Madhya Pradesh,1965,4.6,0.9,15.3,12.5,0.6,68.5,205.9,185.0,184.2,11.2,0.1,9.1,697.8,5.4,28.4,643.5,20.5,1022.2510638297872,-37.05068913411787,Deficient,1150.6,120.5,1039.5333333333335,1127.94,17.507608783172376
East Madhya Pradesh,1966,13.2,3.8,1.9,0.7,7.6,210.7,253.4,262.0,51.0,2.2,34.0,8.8,849.1,17.0,10.1,777.0,45.0,1022.2510638297872,-23.99127499177868,Deficient,643.5,-507.0999999999999,941.4,1043.1599999999999,28.39963229010742
East Madhya Pradesh,1967,0.2,0.0,53.3,1.1,2.1,118.5,396.5,481.2,262.0,5.8,1.1,86.0,1407.8,0.2,56.5,1258.3,92.9,1022.2510638297872,23.09109224947861,Excess,777.0,133.5,857.0333333333334,907.8199999999999,22.15288784346344
East Madhya Pradesh,1968,35.7,12.1,8.8,3.5,1.2,101.9,355.8,281.3,151.5,20.4,0.0,1.5,973.6,47.8,13.4,890.4,22.0,1022.2510638297872,-12.898109720308549,Normal,1258.3,481.29999999999995,892.9333333333334,971.9,26.39207841290493
East Madhya Pradesh,1969,8.3,2.7,1.1,0.7,9.7,41.7,553.4,392.8,198.3,0.0,33.2,0.0,1242.1,11.1,11.6,1186.3,33.2,1022.2510638297872,16.047812712037253,Normal,890.4,-367.9,975.2333333333335,943.96,27.13976547610265
East Madhya Pradesh,1970,60.6,29.4,36.3,1.4,12.5,198.2,268.5,481.2,250.6,3.6,0.0,0.0,1342.2,90.0,50.1,1198.5,3.6,1022.2510638297872,17.24125730032593,Normal,1186.3,295.9,1111.6666666666667,951.1,27.733424553400205
East Madhya Pradesh,1971,34.6,8.3,11.4,13.6,30.0,356.6,507.9,286.3,159.2,110.9,0.0,0.0,1518.7,42.9,55.0,1309.9,110.9,1022.2510638297872,28.138775917978258,Excess,1198.5,12.200000000000045,1091.7333333333333,1062.1,20.154477356846225
East Madhya Pradesh,1972,0.4,10.4,0.1,2.3,0.2,54.1,207.7,555.7,140.8,25.4,34.9,6.2,1038.3,10.9,2.7,958.3,66.5,1022.2510638297872,-6.2559058231937135,Normal,1309.9,111.40000000000009,1231.5666666666668,1168.6799999999998,13.969539754054269
East Madhya Pradesh,1973,1.0,29.3,0.1,1.0,1.1,54.8,440.4,430.2,205.2,81.7,0.0,7.6,1252.3,30.3,2.3,1130.5,89.2,1022.2510638297872,10.589271070520205,Normal,958.3,-351.60000000000014,1155.5666666666666,1108.6799999999998,15.93472786321695
East Madhya Pradesh,1974,0.2,6.8,1.3,0.1,4.2,98.8,303.2,420.0,55.0,76.3,5.1,0.2,971.1,7.0,5.6,876.9,81.6,1022.2510638297872,-14.218724633578802,Normal,1130.5,172.20000000000005,1132.8999999999999,1156.7,11.117062093181444
East Madhya Pradesh,1975,11.8,11.3,13.1,0.1,1.4,190.4,371.8,568.5,171.8,94.0,0.1,0.0,1434.5,23.1,14.6,1302.5,94.2,1022.2510638297872,27.41488329885233,Excess,876.9,-253.60000000000002,988.5666666666666,1094.8200000000002,16.108418947826824
East Madhya Pradesh,1976,13.5,2.4,5.6,14.6,10.7,84.7,370.6,366.6,173.5,0.3,12.3,0.9,1055.6,15.9,30.9,995.3,13.5,1022.2510638297872,-2.636442727564128,Normal,1302.5,425.6,1103.3,1115.6200000000001,17.623676062993336
East Madhya Pradesh,1977,10.3,4.6,4.6,7.4,7.7,275.8,340.2,420.5,167.9,61.7,66.6,4.9,1372.2,14.9,19.7,1204.4,133.2,1022.2510638297872,17.818414929088494,Normal,995.3,-307.20000000000005,1058.2333333333333,1052.7,15.864583161456647
East Madhya Pradesh,1978,22.3,73.6,30.5,5.0,0.2,209.1,338.2,428.7,215.7,8.1,14.3,46.8,1392.6,95.8,35.8,1191.8,69.3,1022.2510638297872,16.585841010036244,Normal,1204.4,209.10000000000014,1167.3999999999999,1101.92,15.290422635751094
East Madhya Pradesh,1979,47.5,45.4,2.5,0.4,11.2,98.9,243.8,226.7,64.5,6.0,61.3,1.5,809.8,93.0,14.2,633.9,68.8,1022.2510638297872,-37.98979307244338,Deficient,1191.8,-12.600000000000136,1130.5,1114.1799999999998,15.549612878202288
East Madhya Pradesh,1980,9.5,4.0,4.0,0.6,1.3,250.1,372.0,516.7,174.9,2.4,0.3,33.3,1369.2,13.5,5.9,1313.7,36.0,1022.2510638297872,28.510504560232107,Excess,633.9,-557.9,1010.0333333333332,1065.58,24.94512872422736
East Madhya Pradesh,1981,13.6,1.1,24.3,2.1,14.8,152.0,338.9,270.2,193.8,4.0,5.5,15.8,1036.0,14.7,41.1,954.9,25.4,1022.2510638297872,-6.588505134683999,Normal,1313.7,679.8000000000001,1046.4666666666665,1067.8200000000002,25.129808450013762
East Madhya Pradesh,1982,86.0,13.4,9.7,1.7,21.4,97.1,271.7,585.4,160.6,26.5,22.2,1.5,1297.3,99.4,32.8,1114.9,50.2,1022.2510638297872,9.063227170741252,Normal,954.9,-358.80000000000007,967.5,1059.74,25.634439801181202
East Madhya Pradesh,1983,10.5,12.4,0.2,7.9,10.3,98.1,350.9,319.8,396.4,64.9,0.0,4.1,1275.5,22.9,18.4,1165.2,69.0,1022.2510638297872,13.983740514259308,Normal,1114.9,160.0000000000001,1127.8333333333333,1041.8400000000001,25.199565689068805
East Madhya Pradesh,1984,53.7,37.6,0.0,3.4,2.0,91.4,202.0,590.3,114.0,14.8,0.0,1.5,1110.6,91.3,5.3,997.6,16.4,1022.2510638297872,-2.4114490756736333,Normal,1165.2,50.299999999999955,1078.3333333333333,1036.52,24.986126693607183
East Madhya Pradesh,1985,42.7,6.2,0.3,5.5,3.2,94.9,398.1,340.2,127.0,97.2,0.0,0.0,1115.4,48.9,9.1,960.2,97.2,1022.2510638297872,-6.070041502066781,Normal,997.6,-167.60000000000002,1092.5666666666668,1109.26,12.848519037532041
East Madhya Pradesh,1986,11.7,99.0,19.8,1.4,11.6,186.8,317.2,243.0,82.5,14.0,1.1,41.1,1029.2,110.6,32.9,829.4,56.2,1022.2510638297872,-18.86533266175192,Normal,960.2,-37.39999999999998,1041.0,1038.5600000000002,9.220783567992925
East Madhya Pradesh,1987,37.7,44.9,8.0,0.1,8.2,45.2,248.6,307.2,314.3,81.4,16.9,3.6,1116.1,82.6,16.2,915.4,101.9,1022.2510638297872,-10.452526547585856,Normal,829.4,-130.80000000000007,929.0666666666666,1013.46,13.079268210232495
East Madhya Pradesh,1988,7.1,17.6,4.6,5.6,4.1,199.1,363.7,338.1,107.5,19.9,0.0,2.2,1069.4,24.7,14.3,1008.3,22.1,1022.2510638297872,-1.3647394777483273,Normal,915.4,86.0,901.6666666666666,973.5600000000001,12.75155732332663
East Madhya Pradesh,1989,0.4,0.0,18.5,0.0,3.4,190.3,197.7,358.9,125.3,1.4,1.5,23.6,920.9,0.4,21.9,872.2,26.5,1022.2510638297872,-14.678494270050663,Normal,1008.3,92.89999999999998,917.6999999999999,942.1800000000001,7.727688524444046
East Madhya Pradesh,1990,0.8,31.1,2.2,2.1,32.0,315.2,334.7,285.7,331.3,37.3,0.0,7.5,1380.0,31.9,36.4,1266.9,44.9,1022.2510638297872,23.932372860895228,Excess,872.2,-136.0999999999999,931.9666666666667,917.1,7.688094791158452
East Madhya Pradesh,1991,3.5,7.8,16.1,3.4,2.6,98.6,319.3,488.1,67.3,5.1,2.9,2.1,1016.9,11.3,22.0,973.4,10.2,1022.2510638297872,-4.778773586869205,Normal,1266.9,394.70000000000005,1049.1333333333334,978.4400000000002,17.817935987963
East Madhya Pradesh,1992,0.0,0.0,0.5,0.4,7.1,38.4,295.4,465.7,235.6,7.9,0.1,0.0,1051.1,0.1,8.0,1035.1,8.0,1022.2510638297872,1.256925683410396,Normal,973.4,-293.5000000000001,1037.5000000000002,1007.24,15.31957331971612
East Madhya Pradesh,1993,0.0,12.2,15.8,1.0,5.5,105.6,252.9,288.1,415.9,21.7,0.1,0.0,1118.9,12.2,22.3,1062.5,21.9,1022.2510638297872,3.937284840714477,Normal,1035.1,61.69999999999993,1091.8,1031.18,14.11296000289726
East Madhya Pradesh,1994,9.5,10.7,0.0,9.9,1.0,264.7,550.2,512.1,150.5,24.8,0.4,0.0,1533.7,20.2,10.9,1477.5,25.1,1022.2510638297872,44.53396550791119,Excess,1062.5,27.40000000000009,1023.6666666666666,1042.02,13.955418179207252
East Madhya Pradesh,1995,24.1,8.9,47.0,3.2,2.1,81.0,361.9,355.3,128.7,5.2,2.1,12.8,1032.3,33.1,52.3,926.9,20.1,1022.2510638297872,-9.327558288133416,Normal,1477.5,415.0,1191.7,1163.0800000000002,17.834720396522922
East Madhya Pradesh,1996,39.1,15.9,3.5,1.9,0.9,67.2,312.4,369.5,129.0,47.3,0.0,0.0,986.6,55.0,6.2,878.1,47.3,1022.2510638297872,-14.101336641288109,Normal,926.9,-550.6,1155.6333333333334,1095.08,20.110322320011775
East Madhya Pradesh,1997,4.0,0.0,0.6,7.4,3.3,95.1,449.1,358.9,198.0,61.6,76.4,102.6,1357.1,4.0,11.3,1101.1,240.6,1022.2510638297872,7.713265259398307,Normal,878.1,-48.799999999999955,1094.1666666666667,1076.02,22.014656390975233
East Madhya Pradesh,1998,29.7,5.7,24.1,5.2,2.9,84.4,297.2,323.3,187.1,20.4,33.4,0.0,1013.4,35.4,32.2,892.1,53.8,1022.2510638297872,-12.7318100645634,Normal,1101.1,222.9999999999999,968.6999999999999,1089.22,21.654812447114104
East Madhya Pradesh,1999,1.5,21.2,0.0,0.0,4.8,122.5,336.3,355.9,522.7,79.0,0.0,0.0,1443.9,22.7,4.8,1337.4,79.0,1022.2510638297872,30.828917407973226,Excess,892.1,-208.9999999999999,957.0999999999999,1055.1399999999999,23.923246858417897
East Madhya Pradesh,2000,0.1,0.0,0.1,0.1,7.4,167.5,377.7,208.2,111.4,1.8,0.0,0.0,874.2,0.1,7.5,864.9,1.8,1022.2510638297872,-15.392604556485695,Normal,1337.4,445.30000000000007,1110.2,1027.1200000000001,18.99311823773999
East Madhya Pradesh,2001,2.3,0.8,2.4,23.0,12.4,255.5,468.4,243.9,50.4,110.0,1.0,0.0,1170.1,3.1,37.7,1018.2,111.0,1022.2510638297872,-0.3962885413501317,Normal,864.9,-472.5000000000001,1031.4666666666667,1014.72,20.18040810286336
East Madhya Pradesh,2002,1.8,29.6,1.2,0.2,5.2,93.5,84.7,491.8,192.1,43.1,5.6,1.2,950.2,31.5,6.6,862.2,49.9,1022.2510638297872,-15.65672753913974,Normal,1018.2,153.30000000000007,1073.5,1042.74,18.268614876763728
East Madhya Pradesh,2003,0.7,59.6,2.2,1.0,0.4,119.9,366.8,370.2,493.3,20.5,0.5,2.9,1438.1,60.3,3.7,1350.2,23.8,1022.2510638297872,32.08105599240724,Excess,862.2,-156.0,915.1,994.96,20.28429493138492
East Madhya Pradesh,2004,19.8,0.4,0.0,1.7,3.9,208.1,203.1,369.1,119.9,25.2,4.1,0.0,955.3,20.2,5.7,900.2,29.3,1022.2510638297872,-11.939441116601246,Normal,1350.2,488.0,1076.8666666666666,1086.58,22.38146482027961
East Madhya Pradesh,2005,35.2,10.6,27.4,3.4,41.7,163.9,597.2,256.6,198.4,27.6,0.0,4.4,1366.4,45.8,72.5,1216.1,32.0,1022.2510638297872,18.9629478539227,Normal,900.2,-450.0,1037.5333333333335,999.14,20.643494118914184
East Madhya Pradesh,2006,0.0,0.0,50.3,14.2,18.0,56.3,373.8,328.3,74.1,13.0,12.3,3.0,943.4,0.0,82.5,832.6,28.4,1022.2510638297872,-18.55229801564341,Normal,1216.1,315.89999999999986,1155.5,1069.38,19.534381936351615
East Madhya Pradesh,2007,7.0,26.3,8.6,2.9,6.2,74.8,207.8,162.6,130.1,3.1,22.8,1.5,653.8,33.3,17.7,575.3,27.5,1022.2510638297872,-43.72224002930538,Deficient,832.6,-383.4999999999999,982.9666666666667,1032.2599999999998,22.776264482481086
East Madhya Pradesh,2008,1.4,4.1,8.9,2.5,5.3,307.6,268.2,270.2,116.1,15.5,3.0,0.4,1003.2,5.5,16.7,962.2,18.9,1022.2510638297872,-5.874394848248965,Normal,575.3,-257.30000000000007,874.6666666666665,974.8799999999999,31.804454335792997
East Madhya Pradesh,2009,14.8,1.0,1.8,2.7,3.7,35.3,317.6,191.3,208.7,68.9,79.2,19.0,943.9,15.7,8.2,752.8,167.1,1022.2510638297872,-26.358599502974258,Deficient,962.2,386.9000000000001,790.0333333333333,897.28,25.761349564668407
East Madhya Pradesh,2010,2.9,10.4,0.1,0.7,1.7,58.4,363.3,271.9,213.4,23.6,10.9,3.3,960.4,13.2,2.4,907.0,37.8,1022.2510638297872,-11.274242493620678,Normal,752.8,-209.4000000000001,763.4333333333334,867.8,27.646810046921534
East Madhya Pradesh,2011,0.6,1.9,0.3,7.1,4.7,332.5,323.6,326.9,276.5,1.1,0.0,0.0,1275.2,2.5,12.1,1259.4,1.1,1022.2510638297872,23.19869790907842,Excess,907.0,154.20000000000005,874.0,805.9799999999999,18.75094405879689
East Madhya Pradesh,2012,39.4,0.7,0.6,1.1,1.2,67.8,398.9,351.7,172.6,12.7,3.8,2.7,1053.1,40.0,2.9,990.9,19.2,1022.2510638297872,-3.06686536596332,Normal,1259.4,352.4000000000001,973.0666666666667,891.3399999999999,28.592611974325372
East Madhya Pradesh,2013,2.0,43.4,14.1,9.5,0.3,311.9,456.2,480.8,78.0,124.2,0.5,1.0,1521.9,45.4,23.9,1326.9,125.7,1022.2510638297872,29.801772475429694,Excess,990.9,-268.5000000000001,1052.4333333333334,974.46,18.873284658362678
East Madhya Pradesh,2014,32.1,49.7,17.8,5.1,2.5,91.8,283.4,231.8,139.6,56.4,1.9,12.9,924.9,81.8,25.3,746.6,71.2,1022.2510638297872,-26.965104129809475,Deficient,1326.9,336.0000000000001,1192.4,1047.4,23.030829237215546
East Madhya Pradesh,2015,37.3,11.0,73.4,25.8,6.3,139.2,262.2,272.1,71.6,38.2,1.2,0.9,939.2,48.3,105.5,745.1,40.3,1022.2510638297872,-27.11183912017284,Deficient,746.6,-580.3000000000001,1021.4666666666667,1046.16,23.23987829714205
East Madhya Pradesh,2016,20.2,2.1,17.6,0.1,17.9,99.0,552.2,462.3,139.6,29.0,0.0,0.0,1340.0,22.3,35.6,1253.1,29.0,1022.2510638297872,22.582410949552283,Excess,745.1,-1.5,939.5333333333334,1013.78,27.12489653037989
East Madhya Pradesh,2017,4.6,6.7,2.0,0.0,11.4,119.0,353.8,179.1,144.0,18.8,0.7,0.0,840.1,11.3,13.4,795.8,19.5,1022.2510638297872,-22.152196445891224,Deficient,1253.1,507.9999999999999,914.9333333333334,1012.5200000000001,27.020786362304484
East Rajasthan,1901,21.6,8.9,2.9,0.7,5.0,15.0,164.8,175.6,7.5,9.8,0.0,0.8,412.5,30.5,8.5,362.9,10.6,595.3021276595745,-39.03935780865787,Deficient,,,,,
East Rajasthan,1902,4.1,0.7,0.0,1.8,9.9,34.6,247.6,116.7,145.6,14.4,0.0,2.8,578.3,4.8,11.7,544.5,17.2,595.3021276595745,-8.533839423571795,Normal,362.9,,,,
East Rajasthan,1903,1.9,0.7,1.3,0.1,12.9,15.6,238.2,229.1,168.5,17.8,0.0,0.0,686.1,2.7,14.2,651.4,17.8,595.3021276595745,9.423428832847254,Normal,544.5,181.60000000000002,,,
East Rajasthan,1904,4.3,5.5,21.7,0.2,27.5,49.9,289.7,223.5,50.2,1.5,5.8,14.7,694.5,9.8,49.4,613.3,22.0,595.3021276595745,3.023317321438776,Normal,651.4,106.89999999999998,519.6,,
East Rajasthan,1905,4.1,8.8,3.2,1.6,2.0,14.4,130.5,30.9,83.8,0.0,0.0,0.6,279.8,12.8,6.8,259.6,0.6,595.3021276595745,-56.391891119117055,Deficient,613.3,-38.10000000000002,603.0666666666667,,
East Rajasthan,1906,0.2,23.1,6.2,0.0,1.6,61.9,262.5,95.5,191.4,1.9,0.0,3.0,647.4,23.4,7.8,611.3,4.9,595.3021276595745,2.6873534625721893,Normal,259.6,-353.69999999999993,508.0999999999999,486.34,34.619945252329615
East Rajasthan,1907,6.3,35.7,7.0,14.3,12.7,18.5,134.1,319.8,3.3,0.0,0.0,0.0,551.8,42.0,34.0,475.7,0.0,595.3021276595745,-20.09099616858238,Deficient,611.3,351.69999999999993,494.7333333333333,536.02,29.708174407398406
East Rajasthan,1908,13.9,0.8,1.6,0.4,6.2,42.6,395.2,349.0,58.7,0.2,1.4,0.1,870.2,14.7,8.3,845.6,1.7,595.3021276595745,42.04551952879282,Excess,475.7,-135.59999999999997,448.8666666666666,522.26,30.882164345097472
East Rajasthan,1909,4.9,1.4,0.0,43.2,5.2,115.3,299.4,207.4,82.5,1.7,0.0,20.8,781.6,6.2,48.3,704.6,22.4,595.3021276595745,18.360067478698465,Normal,845.6,369.90000000000003,644.2,561.1,38.26372766974613
East Rajasthan,1910,7.9,1.1,0.0,1.9,1.2,124.6,114.0,250.2,134.2,48.2,2.0,0.0,685.3,9.0,3.2,622.9,50.2,595.3021276595745,4.635943843998396,Normal,704.6,-141.0,675.3000000000001,579.3599999999999,38.65148545720841
East Rajasthan,1911,13.6,0.5,18.3,0.7,0.1,69.3,42.6,73.8,173.6,6.4,21.2,0.2,420.4,14.1,19.2,359.3,27.8,595.3021276595745,-39.64409275461772,Deficient,622.9,-81.70000000000005,724.3666666666668,652.02,20.83691814525609
East Rajasthan,1912,9.7,5.2,1.7,2.7,5.5,30.8,304.7,237.6,48.5,2.0,5.1,1.8,655.4,14.9,10.0,621.6,9.0,595.3021276595745,4.4175673357351215,Normal,359.3,-263.59999999999997,562.2666666666667,601.6200000000001,31.664264577457697
East Rajasthan,1913,0.0,9.5,0.8,0.1,46.0,111.6,160.7,107.0,44.0,1.5,0.4,16.6,498.3,9.5,46.9,423.3,18.5,595.3021276595745,-28.893249270886944,Deficient,621.6,262.3,534.6,630.8,28.074020763254936
East Rajasthan,1914,0.0,0.9,0.9,2.0,5.8,88.3,325.3,125.6,107.8,11.3,8.6,0.0,676.6,0.9,8.7,647.0,20.0,595.3021276595745,8.684308343340767,Normal,423.3,-198.3,468.06666666666666,546.34,26.946530730818335
East Rajasthan,1915,19.0,30.2,33.2,2.3,5.0,33.7,70.0,108.8,29.5,69.1,0.0,0.8,401.8,49.2,40.6,242.0,69.9,595.3021276595745,-59.34837307714302,Deficient,647.0,223.7,563.9666666666667,534.82,24.931571424957756
East Rajasthan,1916,0.0,3.2,0.0,0.3,10.0,87.6,159.4,435.8,122.3,24.7,1.9,0.0,845.3,3.2,10.3,805.1,26.6,595.3021276595745,35.24225138674444,Excess,242.0,-405.0,437.43333333333334,458.64,37.77841282801615
East Rajasthan,1917,3.6,8.8,4.1,11.0,90.9,149.2,265.4,383.5,333.9,99.8,0.0,0.3,1350.4,12.4,105.9,1132.0,100.1,595.3021276595745,90.15554411848802,Large Excess,805.1,563.1,564.6999999999999,547.8,39.83825638615714
East Rajasthan,1918,4.0,0.0,2.4,0.7,2.6,28.3,49.6,163.3,19.0,0.1,3.5,0.1,273.6,4.0,5.6,260.2,3.7,595.3021276595745,-56.29110196145708,Deficient,1132.0,326.9,726.3666666666667,649.8799999999999,52.983249706264644
East Rajasthan,1919,29.2,0.0,0.7,5.3,14.1,31.4,265.0,356.4,53.0,0.3,23.2,8.3,787.0,29.3,20.2,705.8,31.8,595.3021276595745,18.561645794018407,Normal,260.2,-871.8,732.4333333333333,617.26,61.12584930188425
East Rajasthan,1920,8.6,3.7,2.8,0.5,45.8,150.5,295.4,78.3,10.8,0.1,0.0,0.0,596.7,12.3,49.2,535.0,0.1,595.3021276595745,-10.129667753188082,Normal,705.8,445.59999999999997,699.3333333333334,629.02,60.31203741684013
East Rajasthan,1921,18.3,0.0,0.0,0.2,0.0,22.3,178.9,153.2,173.1,1.0,0.0,0.7,547.8,18.3,0.2,527.6,1.6,595.3021276595745,-11.37273403099445,Normal,535.0,-170.79999999999995,500.3333333333333,687.62,46.988833169108894
East Rajasthan,1922,6.0,0.4,0.0,0.3,9.0,83.9,242.2,144.3,169.3,0.8,1.6,12.1,669.9,6.3,9.4,639.7,14.5,595.3021276595745,7.458040258477734,Normal,527.6,-7.399999999999977,589.4666666666667,632.12,50.89385891115552
East Rajasthan,1923,2.0,8.5,3.7,0.6,12.8,9.4,325.3,262.7,52.8,1.2,0.4,10.6,690.1,10.5,17.2,650.2,12.2,595.3021276595745,9.221850517527312,Normal,639.7,112.10000000000002,567.4333333333334,533.6600000000001,31.868651259414342
East Rajasthan,1924,13.6,5.8,0.0,0.1,5.2,33.4,271.8,262.8,262.2,40.4,3.7,25.4,924.4,19.5,5.3,830.2,69.4,595.3021276595745,39.45859781552011,Excess,650.2,10.5,605.8333333333334,611.6600000000001,12.68407711230214
East Rajasthan,1925,0.1,0.0,0.0,0.1,14.7,163.2,209.3,56.2,16.9,3.7,19.5,0.0,483.7,0.1,14.8,445.7,23.2,595.3021276595745,-25.13045405158117,Deficient,830.2,180.0,706.7000000000002,636.5400000000001,19.221259192697357
East Rajasthan,1926,6.1,1.1,28.7,2.5,18.6,13.9,216.1,342.6,202.3,0.2,0.0,0.2,832.4,7.3,49.8,774.9,0.4,595.3021276595745,30.16919711785897,Excess,445.7,-384.50000000000006,642.0333333333333,618.6800000000001,23.477884507844053
East Rajasthan,1927,0.0,9.4,0.5,1.9,5.7,19.0,272.9,283.7,69.9,7.7,26.0,29.3,725.8,9.4,8.0,645.4,63.0,595.3021276595745,8.415537256247495,Normal,774.9,329.2,683.6,668.1400000000001,22.233737301446244
East Rajasthan,1928,2.9,16.4,0.6,0.1,2.2,23.4,236.7,187.1,37.9,84.2,10.4,6.4,608.3,19.3,2.9,485.2,100.9,595.3021276595745,-18.49516783896609,Normal,645.4,-129.5,622.0,669.28,22.158340081429856
East Rajasthan,1929,3.6,1.5,0.0,4.0,6.9,50.9,270.8,194.0,34.4,0.6,0.0,9.1,576.0,5.1,10.9,550.3,9.7,595.3021276595745,-7.559544232858702,Normal,485.2,-160.2,635.1666666666666,636.28,26.769697186881903
East Rajasthan,1930,16.7,1.0,0.2,0.4,22.2,72.7,296.9,158.7,40.4,51.9,0.1,0.0,661.3,17.7,22.8,568.8,52.1,595.3021276595745,-4.451878538342776,Normal,550.3,65.09999999999997,560.3,580.3,22.823804305282387
East Rajasthan,1931,0.4,2.2,2.2,0.1,9.8,11.5,224.5,401.4,60.4,60.5,0.3,1.1,774.2,2.5,12.1,697.8,61.9,595.3021276595745,17.217790358552058,Normal,568.8,18.5,534.7666666666667,604.92,18.32507605116416
East Rajasthan,1932,0.3,0.6,14.0,5.4,3.9,21.7,219.0,187.1,88.9,2.3,0.0,0.6,543.8,0.9,23.3,516.7,2.8,595.3021276595745,-13.20373706181734,Normal,697.8,129.0,605.6333333333333,589.5,14.115786115054105
East Rajasthan,1933,0.3,5.8,1.5,22.3,30.1,209.1,170.7,284.9,185.6,13.4,12.3,1.9,937.8,6.1,54.0,850.2,27.6,595.3021276595745,42.81823640418597,Excess,516.7,-181.0999999999999,594.4333333333333,563.76,14.453952028316799
East Rajasthan,1934,4.5,0.0,13.3,0.3,0.2,118.3,136.1,420.4,105.0,0.0,2.0,8.7,808.9,4.5,13.8,779.8,10.7,595.3021276595745,30.992308572082116,Excess,850.2,333.5,688.2333333333332,636.76,21.61735279333217
East Rajasthan,1935,14.8,5.8,0.7,10.5,1.3,34.2,299.4,119.7,170.1,16.5,1.1,10.7,684.8,20.6,12.5,623.4,28.3,595.3021276595745,4.719934808715042,Normal,779.8,-70.40000000000009,715.5666666666666,682.66,20.487320631514105
East Rajasthan,1936,1.7,4.9,13.8,0.3,3.8,133.6,115.5,140.0,107.1,0.0,18.4,3.1,542.1,6.5,17.9,496.2,21.5,595.3021276595745,-16.647366615199864,Normal,623.4,-156.39999999999998,751.1333333333333,693.58,18.825401975233063
East Rajasthan,1937,0.0,12.2,0.5,1.0,7.8,98.7,365.4,60.5,113.6,3.3,0.6,6.8,670.5,12.2,9.4,638.2,10.7,595.3021276595745,7.206067364327794,Normal,496.2,-127.19999999999999,633.1333333333333,653.26,24.08320744963179
East Rajasthan,1938,6.2,0.0,0.1,0.1,5.5,140.3,213.5,117.5,10.9,9.0,0.0,0.0,503.1,6.2,5.7,482.3,9.0,595.3021276595745,-18.98231543432264,Normal,638.2,142.00000000000006,585.9333333333333,677.5600000000001,20.56086489224091
East Rajasthan,1939,1.6,12.7,9.3,0.0,0.1,62.0,108.3,112.7,92.9,1.1,0.0,0.0,400.7,14.3,9.4,375.9,1.1,595.3021276595745,-36.85559272602505,Deficient,482.3,-155.90000000000003,538.9,603.98,20.08832693879692
East Rajasthan,1940,26.0,16.9,15.9,2.1,5.7,61.3,189.5,290.7,33.7,2.5,8.3,0.4,652.8,42.9,23.6,575.1,11.2,595.3021276595745,-3.393592382913017,Normal,375.9,-106.40000000000003,498.8,523.2,20.79826450411694
East Rajasthan,1941,11.7,9.0,2.0,0.0,10.1,39.9,110.2,247.6,70.8,1.1,0.0,3.3,505.9,20.7,12.2,468.6,4.4,595.3021276595745,-21.283667867558755,Deficient,575.1,199.20000000000005,477.76666666666665,513.54,19.363113296674644
East Rajasthan,1942,15.9,9.9,0.0,2.1,8.0,61.3,399.5,320.8,120.7,0.0,0.0,1.1,939.3,25.8,10.2,902.3,1.1,595.3021276595745,51.57009492766053,Excess,468.6,-106.5,473.2,508.02,19.95738535738562
East Rajasthan,1943,7.4,0.1,0.0,4.8,6.6,52.6,400.2,111.1,133.6,0.1,0.0,0.1,716.6,7.4,11.5,697.5,0.2,595.3021276595745,17.16739577972208,Normal,902.3,433.69999999999993,648.6666666666666,560.8399999999999,36.28801606574897
East Rajasthan,1944,20.1,6.9,24.4,7.9,1.7,75.5,309.9,411.9,31.7,14.5,0.9,1.5,906.9,27.0,34.0,829.1,16.9,595.3021276595745,39.27381769314348,Excess,697.5,-204.79999999999995,689.4666666666667,603.8799999999999,34.03014601217406
East Rajasthan,1945,15.5,0.0,0.1,6.8,11.2,125.9,346.0,215.1,138.0,3.2,0.0,0.0,861.6,15.5,18.0,824.9,3.2,595.3021276595745,38.56829358952364,Excess,829.1,131.60000000000002,809.6333333333333,694.5200000000001,25.61486652573776
East Rajasthan,1946,0.0,10.3,0.0,1.4,7.8,124.6,184.3,429.8,84.5,8.7,12.7,23.5,887.7,10.3,9.3,823.2,44.9,595.3021276595745,38.28272430948705,Excess,824.9,-4.2000000000000455,783.8333333333334,744.4799999999999,22.958049328845124
East Rajasthan,1947,6.6,2.5,0.6,0.5,0.8,14.2,118.3,284.1,272.0,10.3,0.1,4.9,714.8,9.1,1.9,688.5,15.2,595.3021276595745,15.65555841482244,Normal,823.2,-1.6999999999999318,825.7333333333332,815.4,9.05181948635029
East Rajasthan,1948,39.2,11.9,1.9,0.3,0.9,29.7,221.2,243.0,94.9,12.2,8.3,0.0,663.6,51.1,3.1,588.9,20.6,595.3021276595745,-1.075441756733577,Normal,688.5,-134.70000000000005,778.8666666666667,772.6400000000001,9.42254107884126
East Rajasthan,1949,1.1,0.9,0.1,0.2,5.2,32.5,279.8,81.0,101.0,5.9,1.5,0.0,509.2,2.0,5.5,494.3,7.4,595.3021276595745,-16.96653228112312,Normal,588.9,-99.60000000000002,700.1999999999999,750.9200000000001,14.428567372362606
East Rajasthan,1950,0.9,0.2,3.4,0.0,6.4,13.3,318.8,174.7,221.5,0.0,0.0,0.7,740.1,1.1,9.9,728.4,0.7,595.3021276595745,22.35803739921084,Excess,494.3,-94.59999999999997,590.5666666666667,683.9599999999999,21.22271921668239
East Rajasthan,1951,1.9,0.0,6.2,2.8,8.0,51.8,97.8,156.3,18.8,0.7,18.6,0.0,362.9,2.0,17.0,324.6,19.3,595.3021276595745,-45.47306570595299,Deficient,728.4,234.09999999999997,603.8666666666667,664.6600000000001,19.109316003662496
East Rajasthan,1952,0.7,3.3,0.9,2.1,0.3,109.2,360.4,224.1,7.5,0.2,0.0,3.9,712.7,4.0,3.4,701.2,4.2,595.3021276595745,17.78892891862527,Normal,324.6,-403.79999999999995,515.7666666666668,564.9399999999999,28.721691646378993
East Rajasthan,1953,32.3,0.0,0.0,1.4,2.3,59.8,164.3,272.2,50.3,2.2,0.0,1.0,585.9,32.3,3.8,546.6,3.3,595.3021276595745,-8.181077371761877,Normal,701.2,376.6,584.7333333333335,567.48,29.033311840733276
East Rajasthan,1954,3.9,19.6,4.8,0.0,0.1,42.5,253.4,77.6,240.1,23.6,0.4,0.0,665.9,23.5,4.9,613.5,24.0,595.3021276595745,3.056913707325442,Normal,546.6,-154.60000000000002,524.1333333333333,559.02,29.420978162287998
East Rajasthan,1955,9.5,3.6,0.7,0.0,3.4,100.3,61.1,358.6,233.0,74.3,0.0,0.1,844.6,13.1,4.1,752.9,74.5,595.3021276595745,26.473594670326523,Excess,613.5,66.89999999999998,620.4333333333334,582.86,27.682832110311633
East Rajasthan,1956,6.0,0.6,9.8,0.2,1.7,35.1,440.6,215.4,51.5,161.9,0.8,5.3,928.8,6.5,11.7,742.6,168.0,595.3021276595745,24.74338079716361,Excess,752.9,139.39999999999998,637.6666666666666,587.76,28.437618429247074
East Rajasthan,1957,26.5,0.1,13.4,0.6,3.7,63.4,243.6,222.4,71.2,12.6,1.6,3.2,662.2,26.6,17.7,600.6,17.4,595.3021276595745,0.8899468176359622,Normal,742.6,-10.299999999999955,703.0,671.36,13.223823688513209
East Rajasthan,1958,3.9,0.7,0.8,0.5,1.4,46.2,288.8,153.9,224.8,14.5,6.1,1.1,742.7,4.6,2.7,713.7,21.7,595.3021276595745,19.88870303654144,Excess,600.6,-142.0,698.6999999999999,651.24,14.07750024469418
East Rajasthan,1959,6.0,0.1,0.2,3.8,34.8,36.8,252.3,248.9,152.6,43.0,7.5,0.3,786.2,6.1,38.9,690.5,50.8,595.3021276595745,15.991522273689029,Normal,713.7,113.10000000000002,685.6333333333333,684.6600000000001,10.579596698023964
East Rajasthan,1960,1.8,0.0,7.0,1.2,5.3,63.1,152.1,332.0,20.2,7.4,0.0,1.5,591.6,1.8,13.5,567.3,8.9,595.3021276595745,-4.7038514324927165,Normal,690.5,-23.200000000000045,668.2666666666668,700.0600000000001,8.680531841079562
East Rajasthan,1961,11.9,7.0,0.0,0.6,5.0,39.2,227.8,225.7,337.2,23.0,6.0,0.9,884.2,18.9,5.6,829.8,29.9,595.3021276595745,39.39140504374677,Excess,567.3,-123.20000000000005,657.1666666666666,662.9399999999999,11.367197685531414
East Rajasthan,1962,1.1,1.5,3.6,2.1,2.9,5.1,262.4,176.0,139.9,0.0,1.7,7.8,604.1,2.6,8.6,583.4,9.5,595.3021276595745,-1.9993423686166905,Normal,829.8,262.5,695.8666666666667,680.38,15.183998823494022
East Rajasthan,1963,0.4,1.4,1.0,2.7,2.0,33.2,130.3,283.9,97.3,6.9,17.6,0.9,577.7,1.9,5.7,544.7,25.4,595.3021276595745,-8.500243037685129,Normal,583.4,-246.39999999999998,660.1666666666666,676.9399999999999,15.785011379717986
East Rajasthan,1964,0.0,0.0,0.0,0.1,30.6,42.0,211.1,289.6,71.7,0.1,0.0,1.0,646.3,0.0,30.7,614.5,1.2,595.3021276595745,3.224895636758735,Normal,544.7,-38.69999999999993,652.6333333333333,643.14,18.41323801474994
East Rajasthan,1965,4.6,4.2,1.9,3.1,3.3,7.0,201.7,106.9,83.4,7.8,0.0,0.0,423.8,8.8,8.3,399.0,7.8,595.3021276595745,-32.97521015611597,Deficient,614.5,69.79999999999995,580.8666666666667,627.9399999999999,18.42051813717268
East Rajasthan,1966,0.1,2.6,0.0,0.0,12.7,74.8,141.7,156.2,81.3,0.6,3.1,0.2,473.4,2.8,12.8,454.0,3.9,595.3021276595745,-23.73620403728484,Deficient,399.0,-215.5,519.4,594.28,26.14830288431966
East Rajasthan,1967,0.0,0.0,57.4,1.4,2.6,87.3,157.3,250.9,163.1,1.1,1.3,37.7,759.9,0.0,61.3,658.5,40.1,595.3021276595745,10.61610053182364,Normal,454.0,55.0,489.1666666666667,519.12,17.377925820602833
East Rajasthan,1968,8.6,1.5,6.6,0.1,4.2,5.2,296.2,181.3,10.7,4.9,0.0,0.2,519.6,10.1,11.0,493.4,5.1,595.3021276595745,-17.117716017613088,Normal,658.5,204.5,503.8333333333333,534.14,20.233257905123075
East Rajasthan,1969,3.5,1.1,1.7,1.9,4.9,16.7,226.4,258.5,117.2,0.1,2.1,0.0,634.1,4.6,8.5,618.8,2.2,595.3021276595745,3.947217933321888,Normal,493.4,-165.10000000000002,535.3000000000001,523.88,20.853911467244913
East Rajasthan,1970,6.7,25.3,1.7,0.1,5.8,91.7,146.3,318.9,117.3,4.6,0.0,0.0,718.4,32.0,7.6,674.2,4.6,595.3021276595745,13.253416823926353,Normal,618.8,125.39999999999998,590.2333333333332,524.74,20.992174635433617
East Rajasthan,1971,2.8,0.7,0.1,1.2,33.0,171.3,288.9,155.0,117.2,13.6,0.6,0.0,784.4,3.5,34.3,732.4,14.2,595.3021276595745,23.02996511694401,Excess,674.2,55.40000000000009,595.4666666666667,579.78,17.229941644346823
East Rajasthan,1972,0.4,4.4,0.0,1.1,0.8,72.4,86.7,259.9,21.9,3.3,3.3,0.1,454.3,4.8,2.0,440.9,6.6,595.3021276595745,-25.936767312860987,Deficient,732.4,58.19999999999993,675.1333333333333,635.46,14.050528112322604
East Rajasthan,1973,3.3,3.2,0.6,0.1,12.8,36.1,260.2,380.9,242.4,6.7,0.0,1.9,948.2,6.5,13.5,919.5,8.6,595.3021276595745,54.45938411391319,Excess,440.9,-291.5,615.8333333333334,591.9399999999999,20.645544920651936
East Rajasthan,1974,0.0,0.0,0.4,0.2,18.1,30.6,297.8,165.4,19.2,77.0,0.0,3.2,611.8,0.0,18.7,512.9,80.2,595.3021276595745,-13.842068393663869,Normal,919.5,478.6,697.6,677.16,25.68595682334138
East Rajasthan,1975,1.2,0.5,1.4,0.2,2.3,87.1,271.0,317.6,173.9,42.6,0.1,0.0,897.9,1.7,3.9,849.6,42.7,595.3021276595745,42.717447246526,Excess,512.9,-406.6,624.4333333333333,655.98,28.757567209198992
East Rajasthan,1976,8.7,6.4,0.1,1.4,12.2,90.8,201.2,318.0,126.2,0.2,50.2,0.0,815.3,15.1,13.7,736.1,50.4,595.3021276595745,23.651498255847205,Excess,849.6,336.70000000000005,760.6666666666666,691.06,30.12422522105544
East Rajasthan,1977,10.8,2.3,0.1,6.4,18.9,112.7,394.9,223.1,115.1,1.1,1.9,0.2,887.5,13.1,25.3,845.8,3.2,595.3021276595745,42.07911591467947,Excess,736.1,-113.5,699.5333333333334,691.8,30.119492339257786
East Rajasthan,1978,0.3,10.3,4.1,2.5,0.0,83.4,302.9,249.5,55.9,4.7,8.0,5.6,727.1,10.5,6.6,691.7,18.3,595.3021276595745,16.193100589008985,Normal,845.8,109.69999999999993,810.5,772.78,20.627800750958336
East Rajasthan,1979,6.6,25.8,2.8,0.9,16.5,47.6,206.5,129.7,14.7,3.3,58.1,2.7,515.1,32.4,20.1,398.5,64.1,595.3021276595745,-33.05920112083262,Deficient,691.7,-154.0999999999999,757.8666666666668,727.22,18.993266551342874
East Rajasthan,1980,0.7,0.5,3.6,0.1,1.7,141.2,203.0,150.5,28.0,1.0,0.8,16.3,547.5,1.2,5.4,522.7,18.1,595.3021276595745,-12.195845485217582,Normal,398.5,-293.20000000000005,645.3333333333334,704.3399999999999,26.161718722293465
East Rajasthan,1981,4.4,0.8,4.7,0.2,7.7,57.7,299.4,141.8,64.6,8.7,23.8,1.5,615.3,5.2,12.6,563.5,34.0,595.3021276595745,-5.342182764339223,Normal,522.7,124.20000000000005,537.6333333333333,638.96,27.81397831061907
East Rajasthan,1982,16.7,4.4,7.1,16.6,32.0,28.6,178.1,294.3,19.4,10.7,48.4,4.0,660.2,21.0,55.8,520.4,63.1,595.3021276595745,-12.582203922914168,Normal,563.5,40.799999999999955,494.90000000000003,604.4399999999999,28.251166052141922
East Rajasthan,1983,3.6,1.6,0.1,29.4,31.9,72.4,256.5,240.0,127.9,31.8,0.0,0.1,795.3,5.2,61.3,696.7,32.0,595.3021276595745,17.033010236175453,Normal,520.4,-43.10000000000002,535.5333333333333,539.36,19.504737271560845
East Rajasthan,1984,1.2,0.3,0.0,0.3,0.3,32.5,147.9,272.0,108.8,0.1,0.0,0.0,563.3,1.5,0.5,561.1,0.1,595.3021276595745,-5.745339394979123,Normal,696.7,176.30000000000007,593.5333333333333,540.36,19.80511403807338
East Rajasthan,1985,0.9,0.1,0.6,3.9,6.0,21.0,176.8,245.0,37.5,87.6,0.2,8.5,588.1,1.0,10.5,480.3,96.4,595.3021276595745,-19.318279293189224,Normal,561.1,-135.60000000000002,592.7333333333333,572.88,12.59663072038403
East Rajasthan,1986,3.7,21.3,1.1,0.6,24.4,54.3,312.6,146.6,18.7,6.6,0.0,0.1,590.1,25.1,26.1,532.2,6.7,595.3021276595745,-10.600017155601297,Normal,480.3,-80.80000000000001,579.3666666666667,564.4,14.427825183734729
East Rajasthan,1987,11.2,4.6,1.5,0.1,20.9,44.2,57.1,226.2,27.9,19.0,0.0,23.2,435.7,15.8,22.4,355.4,42.1,595.3021276595745,-40.299222279407566,Deficient,532.2,51.900000000000034,524.5333333333334,558.14,14.818893952524984
East Rajasthan,1988,1.9,1.4,6.4,4.3,2.2,96.4,229.8,204.3,82.3,10.3,0.1,0.7,640.1,3.3,12.9,612.8,11.1,595.3021276595745,2.939326356722129,Normal,355.4,-176.80000000000007,455.9666666666667,525.1400000000001,23.63080598645264
East Rajasthan,1989,6.8,0.1,2.2,0.1,0.4,52.5,130.6,283.7,33.1,0.0,0.5,0.5,510.5,6.9,2.7,500.0,1.0,595.3021276595745,-16.00903528335335,Normal,612.8,257.4,500.1333333333334,508.35999999999996,19.284122458674045
East Rajasthan,1990,0.0,27.5,1.0,0.7,18.9,75.4,229.0,253.3,162.3,6.1,5.1,0.8,780.1,27.5,20.6,720.0,11.9,595.3021276595745,20.94698919197118,Excess,500.0,-112.79999999999995,489.3999999999999,496.14,18.849375605141137
East Rajasthan,1991,0.2,2.5,0.4,11.0,3.0,18.1,274.6,214.4,43.1,0.3,5.2,5.9,578.6,2.7,14.4,550.1,11.4,595.3021276595745,-7.593140618745349,Normal,720.0,220.0,610.9333333333333,544.08,24.889773403047943
East Rajasthan,1992,7.1,2.3,2.9,0.5,10.4,18.0,244.9,260.2,125.8,42.2,8.5,0.7,723.6,9.4,13.8,649.0,51.4,595.3021276595745,9.020272202207352,Normal,550.1,-169.89999999999998,590.0333333333334,547.66,24.698574940494
East Rajasthan,1993,0.2,8.8,4.0,4.0,4.5,98.5,262.8,92.1,113.9,5.9,0.4,0.1,595.2,9.0,12.5,567.3,6.4,595.3021276595745,-4.7038514324927165,Normal,649.0,98.89999999999998,639.6999999999999,606.38,14.102559134890974
East Rajasthan,1994,23.3,0.9,0.5,7.1,4.5,116.6,319.3,259.8,106.8,0.0,0.4,0.0,839.2,24.1,12.1,802.5,0.4,595.3021276595745,34.80549837021788,Excess,567.3,-81.70000000000005,588.8,597.28,14.577408373432114
East Rajasthan,1995,29.8,2.9,7.0,0.7,0.8,22.6,275.4,310.8,92.4,6.5,0.0,5.3,754.3,32.7,8.5,701.3,11.8,595.3021276595745,17.805727111568586,Normal,802.5,235.20000000000005,672.9333333333333,657.78,16.066316294873477
East Rajasthan,1996,3.8,5.2,1.4,3.0,8.5,118.2,202.6,256.0,103.4,13.2,0.3,0.0,715.7,9.0,12.9,680.2,13.5,595.3021276595745,14.261308400526111,Normal,701.3,-101.20000000000005,690.3666666666667,654.04,15.783605020805277
East Rajasthan,1997,0.8,0.2,1.7,10.2,14.2,52.1,143.2,196.6,78.7,45.8,11.8,18.5,573.9,1.0,26.1,470.6,76.1,595.3021276595745,-20.947704008692167,Deficient,680.2,-21.09999999999991,728.0,680.0600000000001,12.546865746832614
East Rajasthan,1998,0.0,1.8,3.7,3.4,2.2,46.4,145.9,118.1,114.8,36.7,2.7,0.0,475.8,1.8,9.3,425.2,39.5,595.3021276595745,-28.57408360496369,Deficient,470.6,-209.60000000000002,617.3666666666667,644.38,19.88370299447478
East Rajasthan,1999,1.6,4.9,0.1,0.1,6.3,53.4,190.5,70.9,65.1,15.5,0.0,0.1,408.4,6.5,6.4,379.9,15.6,595.3021276595745,-36.18366500829188,Deficient,425.2,-45.400000000000034,525.3333333333334,615.96,26.143325607372976
East Rajasthan,2000,0.3,0.6,0.4,2.3,21.0,20.2,270.6,95.5,28.7,0.4,0.0,0.1,440.0,0.8,23.7,415.0,0.5,595.3021276595745,-30.28749928518328,Deficient,379.9,-45.30000000000001,425.23333333333335,531.44,28.057667412054105
East Rajasthan,2001,0.9,0.1,0.3,6.4,22.9,100.2,271.4,126.4,7.7,9.2,0.0,5.8,551.2,1.0,29.5,505.7,15.0,595.3021276595745,-15.05153828558358,Normal,415.0,35.10000000000002,406.7,474.18,25.229199567666406
East Rajasthan,2002,1.6,11.0,0.1,1.2,8.6,71.4,13.5,130.6,41.2,0.8,0.8,4.5,285.3,12.6,9.8,256.8,6.0,595.3021276595745,-56.86224052153028,Deficient,505.7,90.69999999999999,433.5333333333333,439.28000000000003,11.213872340116273
East Rajasthan,2003,4.1,21.4,0.5,0.2,3.5,76.6,245.8,178.5,93.6,0.1,0.0,2.3,626.6,25.4,4.2,594.4,2.5,595.3021276595745,-0.1515411448504639,Normal,256.8,-248.89999999999998,392.5,396.52000000000004,22.865753902786025
East Rajasthan,2004,2.5,0.0,0.0,2.2,9.3,52.8,105.8,380.9,24.7,27.5,0.4,0.1,606.2,2.5,11.5,564.2,28.0,595.3021276595745,-5.22459541373591,Normal,594.4,337.59999999999997,452.3,430.36,29.732203689934195
East Rajasthan,2005,0.4,3.6,5.7,6.2,4.8,55.6,239.0,80.0,172.5,0.0,0.0,0.0,567.9,4.1,16.7,547.1,0.0,595.3021276595745,-8.09708640704523,Normal,564.2,-30.199999999999932,471.8,467.21999999999997,29.12409365695553
East Rajasthan,2006,0.0,0.0,11.9,0.4,13.1,73.8,215.9,341.5,88.9,2.4,0.1,0.5,748.4,0.0,25.4,720.0,3.0,595.3021276595745,20.94698919197118,Excess,547.1,-17.100000000000023,568.5666666666667,493.64,27.595814966752773
East Rajasthan,2007,0.7,16.8,10.6,1.5,5.5,63.0,223.0,167.9,86.1,0.0,0.0,0.5,575.7,17.5,17.6,540.1,0.5,595.3021276595745,-9.272959913078282,Normal,720.0,172.89999999999998,610.4333333333334,536.5,31.760289895964107
East Rajasthan,2008,0.1,0.0,0.5,9.0,22.1,160.6,166.1,167.9,112.7,3.0,2.4,0.1,644.6,0.1,31.6,607.3,5.5,595.3021276595745,2.015425744839016,Normal,540.1,-179.89999999999998,602.4,593.1600000000001,12.464583601167993
East Rajasthan,2009,0.5,0.2,2.4,0.2,5.7,38.9,189.1,113.3,45.5,10.9,7.0,0.5,414.1,0.7,8.4,386.7,18.4,595.3021276595745,-35.04138788814548,Deficient,607.3,67.19999999999993,622.4666666666666,595.74,12.45737460139597
East Rajasthan,2010,1.9,2.4,0.5,0.4,0.7,27.3,196.2,275.9,128.9,0.8,49.5,5.0,689.4,4.3,1.6,628.3,55.2,595.3021276595745,5.543046262938176,Normal,386.7,-220.59999999999997,511.36666666666673,560.24,21.57359026763144
East Rajasthan,2011,0.0,11.2,0.2,0.5,5.1,140.9,193.6,284.1,166.4,0.0,0.0,0.0,802.1,11.2,5.9,784.9,0.0,595.3021276595745,31.84901641219191,Excess,628.3,241.59999999999997,540.7666666666667,576.48,21.521937606500426
East Rajasthan,2012,1.9,0.0,0.0,3.6,9.5,11.2,170.5,365.0,131.3,0.5,0.0,0.1,693.6,1.9,13.1,678.0,0.6,595.3021276595745,13.89174815577286,Normal,784.9,156.60000000000002,599.9666666666667,589.46,24.521391217721142
East Rajasthan,2013,1.4,21.7,0.4,3.2,1.0,90.6,319.0,278.5,88.0,30.6,1.3,0.3,836.1,23.1,4.6,776.1,32.2,595.3021276595745,30.370775433178935,Excess,678.0,-106.89999999999998,697.0666666666666,617.04,23.648481134486673
East Rajasthan,2014,28.4,10.0,6.4,7.3,8.4,23.5,197.1,261.0,136.9,3.2,0.0,1.1,683.3,38.4,22.1,618.4,4.4,595.3021276595745,3.8800251615485752,Normal,776.1,98.10000000000002,746.3333333333334,650.8,24.85705958386896
East Rajasthan,2015,12.1,0.1,55.9,15.9,3.5,96.4,297.6,142.8,20.1,5.0,0.5,0.8,650.7,12.1,75.3,557.0,6.3,595.3021276595745,-6.43406530565563,Normal,618.4,-157.70000000000005,690.8333333333334,697.1400000000001,11.394884357451364
East Rajasthan,2016,0.6,0.4,3.8,0.0,9.5,61.7,326.2,385.6,40.2,32.6,0.0,0.0,860.6,1.0,13.3,813.7,32.6,595.3021276595745,36.68689597987077,Excess,557.0,-61.39999999999998,650.5,682.88,14.482865438261996
East Rajasthan,2017,8.4,0.0,5.5,0.7,15.1,89.9,293.3,137.3,46.4,0.0,0.4,3.4,600.3,8.4,21.3,566.9,3.8,595.3021276595745,-4.77104420426603,Normal,813.7,256.70000000000005,663.0333333333333,688.64,15.515668714705672
East Uttar Pradesh,1901,62.6,31.3,8.2,1.1,13.6,21.8,226.5,285.6,215.4,4.9,0.1,2.1,873.2,93.9,22.9,749.3,7.1,796.8702127659575,-5.96963119010812,Normal,,,,,
East Uttar Pradesh,1902,6.1,2.3,2.4,2.0,21.4,32.5,411.5,155.4,257.2,13.2,1.2,0.0,905.2,8.3,25.9,856.6,14.5,796.8702127659575,7.495547741296399,Normal,749.3,,,,
East Uttar Pradesh,1903,8.2,0.4,1.3,0.7,15.3,71.6,115.3,420.2,258.7,324.7,0.0,0.0,1216.4,8.6,17.3,865.8,324.7,796.8702127659575,8.65006448098811,Normal,856.6,107.30000000000007,,,
East Uttar Pradesh,1904,7.3,1.5,8.3,0.4,28.7,148.0,359.4,328.8,95.0,50.6,17.0,26.3,1071.2,8.8,37.4,931.1,93.9,796.8702127659575,16.8446235138,Normal,865.8,9.199999999999932,823.9,,
East Uttar Pradesh,1905,16.8,23.6,20.0,5.4,15.4,17.3,302.4,316.2,169.5,3.3,0.0,1.6,891.6,40.5,40.9,805.4,4.9,796.8702127659575,1.0704111030120416,Normal,931.1,65.30000000000007,884.5,,
East Uttar Pradesh,1906,5.7,58.2,6.7,0.0,13.5,140.6,341.2,290.9,135.5,5.1,0.0,0.1,997.7,64.0,20.3,908.2,5.2,796.8702127659575,13.97088075956735,Normal,805.4,-125.70000000000005,867.4333333333334,841.64,8.113162605763403
East Uttar Pradesh,1907,2.1,74.9,19.2,20.3,11.1,48.6,173.5,290.9,25.7,0.0,0.0,0.1,666.3,77.0,50.5,538.6,0.1,796.8702127659575,-32.41057434804782,Deficient,908.2,102.80000000000007,881.5666666666666,873.4199999999998,5.5809429078504085
East Uttar Pradesh,1908,19.2,15.7,7.7,0.8,5.2,63.3,230.5,304.0,86.1,11.9,0.0,0.3,744.7,34.9,13.7,683.9,12.2,796.8702127659575,-14.176739317916644,Normal,538.6,-369.6,750.7333333333332,809.8199999999999,19.631764460110716
East Uttar Pradesh,1909,8.4,5.4,0.0,66.6,6.6,248.9,399.0,206.9,135.3,9.0,0.0,20.5,1106.9,13.9,73.2,990.2,29.5,796.8702127659575,24.261138656819632,Excess,683.9,145.29999999999995,710.2333333333332,773.44,21.166650350981243
East Uttar Pradesh,1910,4.4,0.2,0.5,1.6,28.6,163.8,231.1,341.4,213.5,103.0,28.0,0.2,1116.4,4.6,30.8,949.8,131.2,796.8702127659575,19.191304278173373,Excess,990.2,306.30000000000007,737.5666666666667,785.26,22.836869136285102
East Uttar Pradesh,1911,40.1,0.1,29.1,2.2,4.0,121.8,85.9,320.7,373.4,99.4,37.1,0.1,1113.9,40.2,35.3,901.8,136.6,796.8702127659575,13.167738679781792,Normal,949.8,-40.40000000000009,874.6333333333333,814.1400000000001,23.875378444498764
East Uttar Pradesh,1912,16.0,7.3,6.5,5.7,18.8,60.6,336.5,279.1,117.6,0.7,30.2,0.5,879.6,23.4,31.0,793.8,31.4,796.8702127659575,-0.3852839165992597,Normal,901.8,-48.0,947.2666666666665,812.8599999999999,23.820137965423207
East Uttar Pradesh,1913,0.6,37.1,32.0,0.5,68.7,175.0,222.0,200.0,95.7,15.5,0.0,14.5,861.4,37.7,101.2,692.6,29.9,796.8702127659575,-13.084968053208163,Normal,793.8,-108.0,881.8000000000001,863.9,14.420675439591028
East Uttar Pradesh,1914,1.3,16.1,21.8,8.3,55.3,37.2,407.7,346.1,92.1,2.6,0.1,0.2,988.8,17.3,85.4,883.1,2.9,796.8702127659575,10.821057915408415,Normal,692.6,-101.19999999999993,796.0666666666666,865.64,14.031159203061847
East Uttar Pradesh,1915,12.5,45.5,25.6,5.8,20.1,107.9,285.4,417.2,387.4,98.6,1.9,1.9,1409.8,58.0,51.5,1197.9,102.5,796.8702127659575,50.32560896485987,Excess,883.1,190.5,789.8333333333334,844.22,12.066041868623968
East Uttar Pradesh,1916,0.0,20.1,0.0,6.9,7.3,243.5,314.8,351.2,197.4,55.5,5.1,0.0,1201.9,20.1,14.2,1106.9,60.7,796.8702127659575,38.90593251790917,Excess,1197.9,314.80000000000007,924.5333333333333,893.8399999999999,21.163415929609684
East Uttar Pradesh,1917,7.9,32.2,8.4,3.9,43.8,171.4,356.7,230.0,302.2,55.4,0.0,4.6,1216.5,40.2,56.0,1060.3,60.0,796.8702127659575,33.05805424947065,Excess,1106.9,-91.0,1062.6333333333334,934.86,22.694765317267038
East Uttar Pradesh,1918,0.6,0.1,5.3,4.3,20.3,142.0,110.4,261.6,104.0,0.1,1.1,0.9,650.7,0.7,29.9,618.1,2.1,796.8702127659575,-22.43404382571176,Deficient,1060.3,-46.600000000000136,1121.7,988.1600000000001,20.346093090659927
East Uttar Pradesh,1919,46.2,9.6,2.9,6.5,12.2,68.8,347.4,237.4,228.9,59.1,0.1,4.4,1023.4,55.7,21.5,882.5,63.6,796.8702127659575,10.74576334542852,Normal,618.1,-442.19999999999993,928.4333333333334,973.26,23.55171608676343
East Uttar Pradesh,1920,0.0,12.5,13.6,0.8,16.0,86.2,468.4,161.4,98.2,3.1,0.0,0.0,860.2,12.6,30.3,814.2,3.1,796.8702127659575,2.174731462717173,Normal,882.5,264.4,853.6333333333333,973.14,23.5606985266773
East Uttar Pradesh,1921,41.2,0.7,2.5,8.5,0.5,166.8,203.6,460.7,218.2,11.1,0.0,1.0,1114.7,41.9,11.5,1049.3,12.1,796.8702127659575,31.67765379983925,Excess,814.2,-68.29999999999995,771.6,896.4,22.000736715943507
East Uttar Pradesh,1922,27.6,5.7,0.0,4.4,2.9,130.2,436.8,438.1,299.1,3.1,0.6,15.5,1364.0,33.4,7.3,1304.1,19.2,796.8702127659575,63.652747851301214,Large Excess,1049.3,235.0999999999999,915.3333333333334,884.8799999999999,20.682546240419285
East Uttar Pradesh,1923,1.2,38.1,0.1,0.1,5.4,41.9,276.6,340.5,261.7,93.2,1.0,16.2,1076.2,39.3,5.7,920.7,110.5,796.8702127659575,15.539517634148488,Normal,1304.1,254.79999999999995,1055.8666666666666,933.64,27.675704056893423
East Uttar Pradesh,1924,11.5,7.3,1.0,0.2,2.2,42.1,500.9,239.9,266.3,29.2,11.1,8.3,1119.9,18.8,3.4,1049.2,48.6,796.8702127659575,31.66510470484261,Excess,920.7,-383.39999999999986,1091.3666666666666,994.1600000000001,19.436627666430294
East Uttar Pradesh,1925,5.2,0.0,0.4,16.7,20.9,140.8,443.9,236.3,233.1,6.0,10.9,0.0,1114.1,5.2,37.9,1054.1,16.9,796.8702127659575,32.2800103596784,Excess,1049.2,128.5,1091.3333333333333,1027.5,17.836844735397232
East Uttar Pradesh,1926,11.3,2.5,44.6,14.0,19.0,18.7,365.5,259.8,225.2,26.8,0.5,1.5,989.5,13.8,77.6,869.3,28.8,796.8702127659575,9.089282805870829,Normal,1054.1,4.899999999999864,1008.0,1075.48,12.988943824912857
East Uttar Pradesh,1927,6.4,21.3,15.5,1.6,29.7,67.8,280.5,306.3,151.8,73.4,72.9,3.9,1031.2,27.7,46.9,806.4,150.2,796.8702127659575,1.1959020529785327,Normal,869.3,-184.79999999999995,990.8666666666668,1039.48,16.198097513730765
East Uttar Pradesh,1928,24.9,84.3,0.7,12.7,11.7,118.4,290.8,112.1,65.2,68.6,0.3,15.1,804.8,109.2,25.1,586.5,84.0,796.8702127659575,-26.39955784465289,Deficient,806.4,-62.89999999999998,909.9333333333333,939.9399999999999,11.674231874540943
East Uttar Pradesh,1929,42.4,1.4,13.0,1.7,6.6,163.7,286.7,354.6,48.5,53.3,0.0,43.0,1014.8,43.8,21.2,853.5,96.3,796.8702127659575,7.106525796400273,Normal,586.5,-219.89999999999998,754.0666666666666,873.1,22.207209041242443
East Uttar Pradesh,1930,11.3,16.8,5.2,3.5,6.1,54.2,367.0,265.0,284.8,38.6,3.5,13.4,1069.5,28.1,14.8,971.1,55.6,796.8702127659575,21.864261512459645,Excess,853.5,267.0,748.8000000000001,833.96,20.072664494640946
East Uttar Pradesh,1931,0.5,27.4,1.8,0.2,8.6,36.8,297.0,240.2,332.0,102.3,0.2,0.1,1047.1,27.9,10.6,905.9,102.7,796.8702127659575,13.682251574644413,Normal,971.1,117.60000000000002,803.6999999999999,817.36,17.416065278861815
East Uttar Pradesh,1932,0.0,5.5,2.2,1.4,7.6,89.4,170.1,287.4,125.7,16.8,29.5,2.9,738.5,5.5,11.2,672.6,49.2,796.8702127659575,-15.59478705253799,Normal,905.9,-65.20000000000005,910.1666666666666,824.68,17.77284147094031
East Uttar Pradesh,1933,14.8,18.5,2.9,37.0,46.8,128.0,223.7,247.3,158.1,100.5,0.0,0.0,977.5,33.3,86.6,757.1,100.5,796.8702127659575,-4.99080178036948,Normal,672.6,-233.29999999999995,849.8666666666667,797.9200000000001,20.318992683388025
East Uttar Pradesh,1934,33.7,1.6,12.5,1.0,1.5,148.7,360.7,257.3,236.4,9.5,1.5,3.9,1068.4,35.3,15.0,1003.1,14.9,796.8702127659575,25.87997191138737,Excess,757.1,84.5,778.5333333333333,832.04,14.257515794099893
East Uttar Pradesh,1935,19.9,18.0,0.0,10.8,0.2,73.9,259.0,325.3,198.1,0.0,0.0,14.6,919.8,37.9,11.1,856.2,14.6,796.8702127659575,7.445351361309804,Normal,1003.1,246.0,810.9333333333334,861.96,16.46995511638883
East Uttar Pradesh,1936,6.3,31.1,4.1,4.6,24.2,219.5,598.8,354.2,252.5,28.4,3.3,18.4,1545.5,37.4,32.8,1425.1,50.1,796.8702127659575,78.83715279724666,Large Excess,856.2,-146.89999999999998,872.1333333333333,838.9799999999999,15.321761766942934
East Uttar Pradesh,1937,0.0,58.3,1.4,6.0,21.2,94.9,313.5,363.9,102.2,70.5,0.1,3.3,1035.3,58.3,28.6,874.6,73.9,796.8702127659575,9.75438484069324,Normal,1425.1,568.8999999999999,1094.8,942.82,31.42998035143572
East Uttar Pradesh,1938,24.5,11.5,0.0,1.7,37.4,285.7,376.8,378.9,224.2,33.1,0.3,0.0,1374.2,36.0,39.1,1265.6,33.4,796.8702127659575,58.8213462775913,Excess,874.6,-550.4999999999999,1051.9666666666667,983.2199999999999,26.653921224329203
East Uttar Pradesh,1939,14.0,21.0,4.3,1.1,2.5,146.8,284.4,227.6,222.6,20.7,0.0,0.0,945.0,35.0,7.9,881.5,20.7,796.8702127659575,10.620272395462028,Normal,1265.6,390.9999999999999,1188.4333333333332,1084.92,23.117232867924038
East Uttar Pradesh,1940,8.3,20.9,31.5,5.0,10.5,66.2,256.7,315.2,121.0,5.9,0.0,25.8,866.8,29.2,46.9,759.1,31.7,796.8702127659575,-4.739819880436498,Normal,881.5,-384.0999999999999,1007.2333333333332,1060.6,25.094026313569646
East Uttar Pradesh,1941,19.0,5.6,0.4,0.2,19.1,138.3,142.8,297.5,171.0,4.0,0.2,0.0,798.2,24.6,19.7,749.7,4.2,796.8702127659575,-5.919434810121512,Normal,759.1,-122.39999999999998,968.7333333333332,1041.18,27.610797200887504
East Uttar Pradesh,1942,56.2,55.8,7.9,4.7,4.9,99.6,277.8,312.4,203.0,0.2,0.0,6.2,1028.6,111.9,17.5,892.8,6.4,796.8702127659575,12.038320130083372,Normal,749.7,-9.399999999999977,796.7666666666668,906.1,23.209572640890517
East Uttar Pradesh,1943,24.3,7.3,0.1,20.7,15.6,75.4,231.3,444.4,266.5,15.4,0.0,0.0,1101.1,31.6,36.5,1017.5,15.4,796.8702127659575,27.68704159090484,Excess,892.8,143.0999999999999,800.5333333333333,909.74,23.05903554635124
East Uttar Pradesh,1944,19.2,41.6,63.7,12.4,6.3,105.9,278.4,304.7,178.5,47.5,0.0,3.2,1061.5,60.8,82.3,867.5,50.8,796.8702127659575,8.86339909593115,Normal,1017.5,124.70000000000005,886.6666666666666,860.1200000000001,12.82732369865102
East Uttar Pradesh,1945,46.5,1.8,1.7,14.9,12.0,70.3,239.3,211.5,267.9,108.9,0.0,5.7,980.4,48.3,28.5,789.0,114.6,796.8702127659575,-0.987640476438412,Normal,867.5,-150.0,925.9333333333333,857.32,12.810694764771439
East Uttar Pradesh,1946,0.0,25.7,0.5,26.9,35.0,88.2,395.5,219.5,142.6,92.5,10.5,2.0,1038.9,25.7,62.4,845.8,105.0,796.8702127659575,6.140245481658284,Normal,789.0,-78.5,891.3333333333334,863.3,12.022684459513187
East Uttar Pradesh,1947,17.3,7.3,11.3,0.7,14.5,88.0,419.4,229.5,189.0,27.7,0.0,1.6,1006.3,24.6,26.5,925.9,29.3,796.8702127659575,16.192070573974235,Normal,845.8,56.799999999999955,834.1,882.5199999999999,9.588961826018293
East Uttar Pradesh,1948,28.3,9.9,0.5,0.7,14.0,100.2,420.4,391.7,275.5,66.8,15.1,0.0,1323.1,38.2,15.3,1187.8,81.9,796.8702127659575,49.05815037019829,Excess,925.9,80.10000000000002,853.5666666666666,889.14,9.772811438634056
East Uttar Pradesh,1949,3.8,41.3,1.2,3.8,28.5,52.7,287.8,352.4,272.4,86.7,0.5,0.0,1131.0,45.1,33.5,965.2,87.2,796.8702127659575,21.12386490765735,Excess,1187.8,261.9,986.5,923.2,16.878584141011626
East Uttar Pradesh,1950,28.8,7.5,19.8,0.2,10.6,147.1,250.9,366.8,91.2,3.3,0.1,25.1,951.4,36.3,30.6,856.0,28.6,796.8702127659575,7.420253171316501,Normal,965.2,-222.5999999999999,1026.3,942.74,16.25005656191363
East Uttar Pradesh,1951,27.4,10.9,21.6,6.1,2.5,114.4,139.2,247.4,168.3,12.7,2.0,0.1,752.5,38.3,30.2,669.3,14.8,796.8702127659575,-16.00890718742742,Normal,856.0,-109.20000000000005,1003.0,956.14,14.498236615603282
East Uttar Pradesh,1952,2.8,12.8,33.7,2.7,9.4,244.8,161.9,350.1,110.8,4.4,0.0,2.6,935.9,15.6,45.8,867.5,7.1,796.8702127659575,8.86339909593115,Normal,669.3,-186.70000000000005,830.1666666666666,920.8399999999999,20.369997643324982
East Uttar Pradesh,1953,32.4,6.3,1.3,3.4,14.9,138.4,497.5,323.7,243.6,3.6,0.0,1.7,1266.9,38.7,19.6,1203.3,5.3,796.8702127659575,51.00326009467891,Excess,867.5,198.20000000000005,797.6,909.1600000000001,20.787772050439916
East Uttar Pradesh,1954,36.5,32.1,1.7,0.0,3.6,65.2,309.9,300.4,186.5,33.6,0.0,0.2,969.7,68.6,5.2,862.0,33.8,796.8702127659575,8.17319887111545,Normal,1203.3,335.79999999999995,913.3666666666667,912.26,21.34772049542343
East Uttar Pradesh,1955,34.4,9.6,1.2,1.9,4.5,202.1,529.9,310.8,230.7,99.1,0.0,0.1,1424.3,44.0,7.6,1273.6,99.2,796.8702127659575,59.82527387732323,Large Excess,862.0,-341.29999999999995,977.6,891.6200000000001,21.667955577965834
East Uttar Pradesh,1956,21.5,5.7,12.3,1.2,39.7,165.2,220.3,281.1,292.3,167.2,38.9,8.7,1254.1,27.2,53.1,959.0,214.9,796.8702127659575,20.3458210178651,Excess,1273.6,411.5999999999999,1112.9666666666667,975.14,26.097783611492666
East Uttar Pradesh,1957,44.2,0.4,18.0,1.0,1.0,56.4,367.3,293.5,163.3,5.1,0.1,5.4,955.7,44.6,20.0,880.5,10.5,796.8702127659575,10.494781445495535,Normal,959.0,-314.5999999999999,1031.5333333333333,1033.08,18.682104029490176
East Uttar Pradesh,1958,14.6,3.2,5.8,4.4,1.3,52.6,247.3,388.5,184.4,111.9,0.0,2.9,1016.9,17.8,11.5,872.8,114.8,796.8702127659575,9.528501130753549,Normal,880.5,-78.5,1037.7,1035.6799999999998,18.372589152952575
East Uttar Pradesh,1959,53.2,4.2,4.8,4.1,36.0,44.4,234.1,274.6,85.9,125.9,2.0,0.0,869.2,57.4,44.9,639.0,127.9,796.8702127659575,-19.811282971412098,Normal,872.8,-7.7000000000000455,904.1,969.5799999999999,17.968955302444044
East Uttar Pradesh,1960,9.6,0.1,36.3,2.9,5.9,75.2,411.0,317.2,174.5,136.7,0.6,0.0,1170.0,9.7,45.1,977.8,137.4,796.8702127659575,22.705050877235127,Excess,639.0,-233.79999999999995,797.4333333333334,924.9799999999999,24.722748615799894
East Uttar Pradesh,1961,24.7,25.6,0.0,1.6,6.6,92.7,285.1,407.0,154.8,203.5,0.6,11.9,1214.3,50.3,8.3,939.6,216.0,796.8702127659575,17.91129658851517,Normal,977.8,338.79999999999995,829.8666666666667,865.82,15.595744831987032
East Uttar Pradesh,1962,28.6,17.0,9.2,4.8,3.2,81.7,226.3,428.1,265.4,2.3,0.0,5.4,1072.0,45.6,17.2,1001.4,7.7,796.8702127659575,25.66663729644432,Excess,939.6,-38.19999999999993,852.1333333333333,861.9399999999999,15.305858980968749
East Uttar Pradesh,1963,14.8,2.4,10.0,8.6,19.4,99.9,320.8,339.9,146.1,24.9,8.0,1.7,996.3,17.1,38.0,906.7,34.5,796.8702127659575,13.782644334617611,Normal,1001.4,61.799999999999955,972.9333333333334,886.1200000000001,16.528081501223767
East Uttar Pradesh,1964,1.6,6.6,0.2,3.7,43.4,82.9,398.7,179.9,292.2,18.3,0.8,8.5,1036.6,8.2,47.3,953.6,27.6,796.8702127659575,19.66816988804605,Excess,906.7,-94.69999999999993,949.2333333333332,892.9,16.4041351798108
East Uttar Pradesh,1965,2.1,0.7,9.9,19.3,2.7,21.4,204.5,213.6,161.7,47.9,0.5,1.2,685.5,2.8,32.0,601.1,49.6,796.8702127659575,-24.567389975142117,Deficient,953.6,46.89999999999998,953.9000000000001,955.82,3.7872112569207332
East Uttar Pradesh,1966,13.5,8.8,0.2,0.0,8.4,185.7,149.3,274.3,23.1,15.0,18.3,11.1,707.8,22.3,8.6,632.5,44.4,796.8702127659575,-20.62697414619429,Deficient,601.1,-352.5,820.4666666666667,880.4799999999999,18.15450930776961
East Uttar Pradesh,1967,2.1,0.1,30.5,9.2,8.1,81.0,264.7,443.3,155.9,2.7,0.7,31.0,1029.4,2.2,47.8,945.0,34.4,796.8702127659575,18.58894771833422,Normal,632.5,31.399999999999977,729.0666666666666,819.0600000000001,22.95028799678445
East Uttar Pradesh,1968,28.8,5.5,4.5,2.6,1.7,95.1,311.3,251.1,104.1,32.9,0.0,2.3,840.0,34.3,8.8,761.8,35.2,796.8702127659575,-4.40099431552698,Normal,945.0,312.5,726.2000000000002,807.7800000000001,21.736497214933152
East Uttar Pradesh,1969,2.8,2.6,2.9,7.0,37.3,59.2,370.1,322.2,200.5,6.8,13.3,0.0,1024.6,5.4,47.2,952.0,20.0,796.8702127659575,19.467384368099665,Excess,761.8,-183.20000000000005,779.7666666666668,778.8,21.43281172494792
East Uttar Pradesh,1970,31.3,41.3,8.4,2.1,30.3,178.1,197.9,226.1,365.5,51.2,0.1,0.0,1132.3,72.6,40.8,967.5,51.4,796.8702127659575,21.412494092580275,Excess,952.0,190.20000000000005,886.2666666666668,778.48,21.38794341018791
East Uttar Pradesh,1971,15.7,11.6,7.1,39.6,54.5,202.5,295.3,386.7,221.8,75.8,0.5,0.0,1311.1,27.3,101.3,1106.3,76.3,796.8702127659575,38.83063794792925,Excess,967.5,15.5,893.7666666666668,851.76,17.443998087740717
East Uttar Pradesh,1972,9.7,23.4,3.0,1.1,1.0,26.9,185.8,208.3,167.8,24.6,14.8,0.4,666.9,33.1,5.1,588.9,39.7,796.8702127659575,-26.09837956473331,Deficient,1106.3,138.79999999999995,1008.6,946.5200000000001,12.952774321634731
East Uttar Pradesh,1973,11.7,18.3,0.7,0.0,17.9,119.7,245.1,257.8,174.5,109.7,0.1,0.1,955.7,30.0,18.7,797.0,110.0,796.8702127659575,0.0162871232935179,Normal,588.9,-517.4,887.5666666666666,875.3,23.03788996677564
East Uttar Pradesh,1974,0.5,3.2,4.9,0.2,7.0,53.3,375.6,257.4,126.6,38.2,1.5,13.7,882.2,3.7,12.1,813.0,53.4,796.8702127659575,2.0241423227573776,Normal,797.0,208.10000000000002,830.7333333333332,882.3399999999999,22.356945392990003
East Uttar Pradesh,1975,13.5,7.6,13.1,0.8,8.0,234.9,405.9,312.5,188.9,40.3,0.0,0.0,1225.5,21.1,21.9,1142.2,40.3,796.8702127659575,43.3357630517263,Excess,813.0,16.0,732.9666666666667,854.54,22.7925808302157
East Uttar Pradesh,1976,6.1,3.5,0.2,5.7,23.4,61.4,254.0,309.3,254.8,4.8,0.3,0.1,923.5,9.5,29.4,879.5,5.2,796.8702127659575,10.369290495529045,Normal,1142.2,329.20000000000005,917.4,889.4799999999999,26.102781320918144
East Uttar Pradesh,1977,10.3,3.7,0.1,9.8,30.9,57.9,397.2,193.5,128.5,66.4,0.7,15.1,914.1,14.1,40.8,777.1,82.2,796.8702127659575,-2.4809827810396547,Normal,879.5,-262.70000000000005,944.9,844.1200000000001,23.5767392930939
East Uttar Pradesh,1978,27.9,27.2,31.6,9.6,6.5,187.1,327.2,262.6,219.1,12.2,1.6,3.9,1116.3,55.0,47.8,995.9,17.6,796.8702127659575,24.976437071628624,Excess,777.1,-102.39999999999998,932.9333333333333,881.76,17.077460241459306
East Uttar Pradesh,1979,27.6,30.6,2.3,6.8,12.0,85.2,320.6,118.1,31.6,18.5,33.6,9.6,696.5,58.2,21.1,555.5,61.7,796.8702127659575,-30.28977729361412,Deficient,995.9,218.79999999999995,884.1666666666666,921.5400000000002,16.15287177795261
East Uttar Pradesh,1980,3.0,4.2,8.9,0.3,15.5,153.4,553.1,449.7,269.8,19.8,0.2,10.7,1488.5,7.1,24.7,1426.0,30.7,796.8702127659575,78.9500946522165,Large Excess,555.5,-440.4,776.1666666666666,870.0400000000002,25.544434192966364
East Uttar Pradesh,1981,19.6,3.7,11.8,4.8,29.2,80.0,436.0,216.8,293.0,1.4,10.9,3.1,1110.1,23.3,45.8,1025.7,15.4,796.8702127659575,28.716067380630072,Excess,1426.0,870.5,992.4666666666667,926.8,34.816447360485405
East Uttar Pradesh,1982,34.7,9.9,40.3,11.1,44.9,120.1,215.2,316.6,281.9,10.4,20.5,5.0,1110.6,44.6,96.3,933.8,35.9,796.8702127659575,17.183449078709515,Normal,1025.7,-400.29999999999995,1002.4,956.04,33.88380437349707
East Uttar Pradesh,1983,20.0,1.6,0.7,24.9,45.9,104.2,271.0,242.5,364.2,110.4,0.0,19.6,1204.8,21.6,71.5,981.9,129.9,796.8702127659575,23.219563772097747,Excess,933.8,-91.90000000000009,1128.5,987.3799999999999,31.35207070815224
East Uttar Pradesh,1984,24.0,23.5,1.4,9.4,10.7,286.9,329.7,203.7,164.1,18.5,0.0,4.7,1076.7,47.5,21.6,984.4,23.3,796.8702127659575,23.533291147013973,Excess,981.9,48.10000000000002,980.4666666666667,984.5799999999999,31.43787806281204
East Uttar Pradesh,1985,20.8,0.0,0.5,2.2,10.4,69.7,351.8,215.7,333.3,158.3,0.0,13.2,1175.9,20.8,13.1,970.5,171.6,796.8702127659575,21.78896694247975,Excess,984.4,2.5,966.6999999999999,1070.3600000000001,18.821283156915424
East Uttar Pradesh,1986,7.1,36.5,0.9,5.6,26.0,116.9,301.0,245.3,121.2,31.6,1.0,42.5,935.3,43.5,32.4,784.4,75.0,796.8702127659575,-1.5648988462842746,Normal,970.5,-13.899999999999977,978.9333333333334,979.26,3.3611429229187224
East Uttar Pradesh,1987,11.1,6.4,2.6,6.4,22.2,20.7,215.9,167.6,289.5,78.7,0.0,3.5,824.7,17.5,31.3,693.7,82.2,796.8702127659575,-12.94692800824502,Normal,784.4,-186.10000000000002,913.0999999999999,931.0,9.066885756122387
East Uttar Pradesh,1988,2.3,11.1,17.4,14.0,17.4,107.0,375.4,365.0,102.3,54.7,0.0,18.5,1085.1,13.4,48.8,949.7,73.2,796.8702127659575,19.178755183176737,Excess,693.7,-90.69999999999993,816.1999999999999,882.9799999999999,15.328498774436868
East Uttar Pradesh,1989,14.5,4.3,9.3,0.0,7.3,138.4,370.7,194.7,207.4,7.9,1.8,13.6,969.9,18.8,16.6,911.3,23.2,796.8702127659575,14.359902704463462,Normal,949.7,256.0,809.2666666666668,876.54,14.845830105465371
East Uttar Pradesh,1990,0.0,42.6,9.5,1.8,42.3,135.7,488.8,212.2,153.9,12.0,0.0,7.4,1106.1,42.6,53.6,990.6,19.3,796.8702127659575,24.311335036806227,Excess,911.3,-38.40000000000009,851.5666666666666,861.9200000000001,13.757141494916375
East Uttar Pradesh,1991,8.6,10.9,7.9,3.9,4.1,98.2,123.0,395.9,201.6,0.2,2.7,18.3,875.2,19.5,15.9,818.7,21.1,796.8702127659575,2.739440737566384,Normal,990.6,79.30000000000007,950.5333333333334,865.9400000000002,14.252577644824846
East Uttar Pradesh,1992,9.0,8.7,0.3,1.2,14.0,51.4,243.3,233.2,191.1,103.9,7.3,0.0,863.4,17.7,15.5,719.0,111.2,796.8702127659575,-9.7720069740928,Normal,818.7,-171.89999999999998,906.8666666666667,872.8,13.589957920219941
East Uttar Pradesh,1993,1.7,5.1,23.2,8.9,33.9,162.5,142.6,206.6,240.7,7.8,0.5,0.3,834.0,6.8,66.1,752.4,8.6,796.8702127659575,-5.580609245211994,Normal,719.0,-99.70000000000005,842.7666666666668,877.86,12.442909794706939
East Uttar Pradesh,1994,22.2,24.7,0.1,9.5,7.6,127.5,230.8,300.1,177.5,10.0,0.3,0.0,910.2,46.9,17.3,835.8,10.2,796.8702127659575,4.885335981993372,Normal,752.4,33.39999999999998,763.3666666666667,838.4,13.404453613626371
East Uttar Pradesh,1995,19.2,23.1,1.9,2.0,2.1,133.8,173.0,290.4,187.2,2.4,16.7,8.4,860.5,42.3,6.1,784.5,27.6,796.8702127659575,-1.5523497512876223,Normal,835.8,83.39999999999998,769.0666666666666,823.3,12.749503385640779
East Uttar Pradesh,1996,55.6,39.6,0.6,2.5,1.2,145.1,201.0,337.9,147.1,79.8,0.0,0.0,1010.3,95.2,4.3,831.0,79.8,796.8702127659575,4.28297942215422,Normal,784.5,-51.299999999999955,790.9,782.08,6.096287593135187
East Uttar Pradesh,1997,6.0,0.4,0.6,13.3,15.8,69.5,291.3,41.5,32.1,8.1,4.1,10.8,493.3,6.4,29.7,434.3,23.0,796.8702127659575,-45.49928042955285,Deficient,831.0,46.5,817.0999999999999,784.54,6.409572993220597
East Uttar Pradesh,1998,9.5,8.6,14.2,6.6,20.1,55.4,218.3,247.0,63.8,14.5,3.0,0.0,661.0,18.1,41.0,584.4,17.5,796.8702127659575,-26.66308883958252,Deficient,434.3,-396.7,683.2666666666668,727.5999999999999,23.02615572457249
East Uttar Pradesh,1999,8.7,6.8,0.0,0.2,23.6,112.6,254.2,261.5,211.1,71.0,1.0,2.0,952.8,15.5,23.8,839.4,74.1,796.8702127659575,5.337103401872743,Normal,584.4,150.09999999999997,616.5666666666667,694.0,25.626826471149982
East Uttar Pradesh,2000,2.6,5.3,2.9,10.5,38.6,199.1,240.9,204.7,222.7,1.3,18.1,0.2,946.8,7.9,52.0,867.4,19.5,796.8702127659575,8.850850000934498,Normal,839.4,255.0,619.3666666666667,694.72,25.704393406404215
East Uttar Pradesh,2001,1.1,1.4,1.3,4.2,26.7,229.0,294.0,185.9,152.1,75.3,2.8,0.0,973.8,2.6,32.2,860.9,78.1,796.8702127659575,8.035158826152305,Normal,867.4,28.0,763.7333333333332,711.3,27.03686687389244
East Uttar Pradesh,2002,15.0,26.1,0.6,2.5,29.2,50.6,101.7,212.1,226.7,20.6,1.4,2.7,689.1,41.1,32.2,591.1,24.7,796.8702127659575,-25.822299474807025,Deficient,860.9,-6.5,855.9,717.28,27.51566699450728
East Uttar Pradesh,2003,13.8,36.9,2.6,8.8,2.0,124.9,255.2,301.4,333.8,7.6,0.0,9.3,1096.4,50.7,13.4,1015.3,16.9,796.8702127659575,27.410961500978548,Excess,591.1,-269.79999999999995,773.1333333333332,748.64,19.669793739697457
East Uttar Pradesh,2004,22.8,1.8,0.0,8.7,25.8,161.0,219.5,147.6,126.5,33.0,0.1,0.1,746.9,24.6,34.5,654.6,33.2,796.8702127659575,-17.85362415193483,Normal,1015.3,424.19999999999993,822.4333333333333,834.82,18.336996779125656
East Uttar Pradesh,2005,14.0,14.0,10.3,0.9,8.0,57.5,290.3,227.3,119.7,25.2,0.0,2.9,770.3,28.0,19.2,694.8,28.2,796.8702127659575,-12.808887963281892,Normal,654.6,-360.69999999999993,753.6666666666666,797.8599999999999,21.6510226627108
East Uttar Pradesh,2006,0.0,0.0,10.7,7.8,27.1,107.4,269.1,146.7,51.5,9.1,1.2,1.5,632.1,0.0,45.6,574.8,11.8,796.8702127659575,-27.86780195926084,Deficient,694.8,40.19999999999993,788.2333333333332,763.3399999999999,22.61376438399054
East Uttar Pradesh,2007,0.1,46.6,25.8,3.2,28.3,64.5,265.2,180.4,111.5,14.6,0.0,1.1,741.2,46.7,57.2,621.6,15.7,796.8702127659575,-21.994825500829045,Deficient,574.8,-120.0,641.4,706.12,25.417478777917513
East Uttar Pradesh,2008,3.1,2.4,0.2,3.0,16.1,223.7,341.6,239.6,112.7,10.3,0.6,0.0,953.4,5.5,19.3,917.6,10.9,796.8702127659575,15.150495689252365,Normal,621.6,46.80000000000007,630.4,712.22,24.57880548804838
East Uttar Pradesh,2009,0.0,1.1,0.8,0.6,22.8,29.9,149.4,177.0,139.6,80.9,4.9,3.0,610.2,1.1,24.2,496.0,88.9,796.8702127659575,-37.75648881662034,Deficient,917.6,296.0,704.6666666666666,692.6800000000001,19.232732226990056
East Uttar Pradesh,2010,2.2,10.0,0.0,0.0,14.7,23.9,220.8,215.9,184.5,15.5,4.5,0.1,692.2,12.2,14.7,645.2,20.1,796.8702127659575,-19.033239081619847,Normal,496.0,-421.6,678.4,660.96,24.300858267437604
East Uttar Pradesh,2011,1.0,2.7,1.6,2.9,32.2,163.8,197.9,232.1,146.4,0.6,0.0,0.0,781.2,3.7,36.7,740.2,0.6,796.8702127659575,-7.111598834803178,Normal,645.2,149.20000000000005,686.2666666666668,651.04,24.504557748176108
East Uttar Pradesh,2012,20.3,1.2,3.4,2.8,0.2,18.5,234.2,156.0,164.4,0.7,0.3,0.7,602.7,21.5,6.4,573.1,1.8,796.8702127659575,-28.081136574203867,Deficient,740.2,95.0,627.1333333333333,684.1200000000001,22.93458312990898
East Uttar Pradesh,2013,6.1,59.6,2.7,8.7,1.1,309.7,230.0,246.1,78.2,97.4,0.5,1.1,1041.4,65.8,12.6,864.0,99.0,796.8702127659575,8.424180771048432,Normal,573.1,-167.10000000000002,652.8333333333334,674.42,24.184916698388296
East Uttar Pradesh,2014,47.4,25.8,15.4,1.7,10.7,47.8,224.5,138.1,106.7,74.7,0.0,8.4,701.2,73.3,27.7,517.1,83.1,796.8702127659575,-35.108629772327376,Deficient,864.0,290.9,725.7666666666665,663.7,21.65757049700542
East Uttar Pradesh,2015,30.0,4.1,48.2,23.2,8.6,95.3,179.0,175.8,21.9,11.8,0.5,4.9,603.3,34.1,80.0,472.0,17.2,796.8702127659575,-40.76827161581614,Deficient,517.1,-346.9,651.4,667.92,20.627153243961118
East Uttar Pradesh,2016,5.3,1.3,9.5,0.0,39.3,77.1,338.1,224.4,150.7,25.9,0.0,0.0,871.7,6.6,48.8,790.3,25.9,796.8702127659575,-0.824502241481979,Normal,472.0,-45.10000000000002,617.6999999999999,633.28,25.922212451453376
East Uttar Pradesh,2017,9.7,0.1,4.3,2.0,25.8,50.8,328.9,185.1,85.2,3.0,0.0,0.0,695.0,9.8,32.2,650.0,3.0,796.8702127659575,-18.430882521780696,Normal,790.3,318.29999999999995,593.1333333333333,643.3,26.98225203955787
Gangetic West Bengal,1901,37.1,58.4,3.9,64.1,121.7,198.0,280.8,275.7,313.5,51.1,83.4,0.0,1487.6,95.5,189.7,1068.0,134.4,1204.291489361702,-11.317151251640851,Normal,,,,,
Gangetic West Bengal,1902,0.0,1.2,44.2,103.8,161.6,140.9,347.8,264.8,230.5,32.5,10.4,9.9,1347.7,1.2,309.6,984.0,52.9,1204.291489361702,-18.29220677117472,Normal,1068.0,,,,
Gangetic West Bengal,1903,17.5,24.6,37.3,30.6,78.5,201.7,179.6,277.6,300.7,198.0,8.2,0.0,1354.3,42.1,146.4,959.6,206.2,1204.291489361702,-20.31829432684884,Deficient,984.0,-84.0,,,
Gangetic West Bengal,1904,0.1,23.9,35.6,17.5,160.2,286.7,435.3,241.7,142.8,35.1,4.1,0.1,1383.1,24.0,213.3,1106.4,39.3,1204.291489361702,-8.128554442711078,Normal,959.6,-24.399999999999977,1003.8666666666667,,
Gangetic West Bengal,1905,30.9,49.6,84.7,84.9,156.8,70.9,525.5,263.6,287.6,107.3,0.0,5.2,1666.9,80.5,326.3,1147.6,112.6,1204.291489361702,-4.707455783130197,Normal,1106.4,146.80000000000007,1016.6666666666666,,
Gangetic West Bengal,1906,46.8,123.6,53.3,1.1,81.3,172.0,307.1,264.6,193.2,140.0,12.5,0.0,1395.6,170.4,135.7,936.9,152.6,1204.291489361702,-22.203220044627635,Deficient,1147.6,41.19999999999982,1071.2,1053.1200000000001,7.58314121450616
Gangetic West Bengal,1907,0.7,24.2,94.9,39.7,92.3,347.6,217.5,249.9,232.3,13.3,0.0,24.7,1337.0,24.8,226.9,1047.3,38.0,1204.291489361702,-13.036004218954558,Normal,936.9,-210.69999999999993,1063.6333333333334,1026.9,9.155633476168509
Gangetic West Bengal,1908,27.0,5.1,1.9,5.2,109.9,380.4,383.5,290.4,174.9,21.3,0.2,0.0,1400.0,32.1,117.1,1229.2,21.5,1204.291489361702,2.0683124358455696,Normal,1047.3,110.39999999999998,1043.9333333333332,1039.56,8.754867789322054
Gangetic West Bengal,1909,5.6,6.4,0.6,145.2,97.2,335.0,232.4,504.3,273.0,75.3,1.3,21.4,1697.8,12.1,242.9,1344.8,98.0,1204.291489361702,11.66731741272788,Normal,1229.2,181.9000000000001,1071.1333333333332,1093.48,10.035248574065182
Gangetic West Bengal,1910,23.0,10.8,9.4,48.4,101.7,241.8,319.4,250.9,209.6,170.7,0.2,0.0,1385.9,33.8,159.4,1021.8,170.9,1204.291489361702,-15.153431787384482,Normal,1344.8,115.59999999999991,1207.1,1141.1599999999999,13.841234769291647
Gangetic West Bengal,1911,1.2,2.9,42.8,35.3,110.4,276.6,168.4,261.5,260.2,93.3,12.3,0.0,1264.9,4.1,188.5,966.7,105.5,1204.291489361702,-19.72873606269776,Normal,1021.8,-323.0,1198.6000000000001,1115.9999999999998,14.915642331423928
Gangetic West Bengal,1912,1.8,23.6,71.6,48.9,109.3,199.4,325.3,255.0,134.3,99.5,78.7,0.0,1347.4,25.3,229.8,914.0,178.2,1204.291489361702,-24.104753037452937,Deficient,966.7,-55.09999999999991,1111.1000000000001,1121.9599999999998,14.15381153554924
Gangetic West Bengal,1913,4.1,110.7,35.1,12.8,157.0,512.0,367.7,290.3,186.2,122.6,18.5,9.8,1826.8,114.8,204.9,1356.3,150.9,1204.291489361702,12.622235727902162,Normal,914.0,-52.700000000000045,967.5,1095.3,16.772070753498426
Gangetic West Bengal,1914,0.0,31.0,21.8,56.4,230.9,192.8,400.8,218.8,186.4,28.5,0.0,16.4,1383.9,31.0,309.2,998.8,44.9,1204.291489361702,-17.063268417733042,Normal,1356.3,442.29999999999995,1079.0,1120.7199999999998,19.030457624058958
Gangetic West Bengal,1915,6.1,9.1,79.5,26.5,122.5,224.5,228.5,236.7,229.3,88.3,59.0,0.3,1310.3,15.1,228.5,919.0,147.6,1204.291489361702,-23.68957116129021,Deficient,998.8,-357.5,1089.7,1051.52,16.653419809930035
Gangetic West Bengal,1916,0.6,2.1,0.5,58.3,42.3,378.5,148.9,320.5,283.8,286.7,78.2,0.1,1600.5,2.7,101.2,1131.6,365.0,1204.291489361702,-6.036037786850932,Normal,919.0,-79.79999999999995,1091.3666666666668,1030.96,17.965689027018023
Gangetic West Bengal,1917,0.4,33.6,19.7,29.4,171.4,366.8,321.8,259.9,204.7,358.3,9.7,0.0,1775.8,34.0,220.6,1153.2,368.0,1204.291489361702,-4.242452081827928,Normal,1131.6,212.5999999999999,1016.4666666666666,1063.94,17.444316236473906
Gangetic West Bengal,1918,1.3,0.0,22.9,81.1,177.8,374.6,194.2,366.8,169.2,4.1,0.3,3.0,1395.4,1.4,281.8,1104.8,7.5,1204.291489361702,-8.261412643083164,Normal,1153.2,21.600000000000136,1067.9333333333332,1111.7800000000002,15.039197238492418
Gangetic West Bengal,1919,41.9,19.3,10.5,61.8,125.3,306.0,299.0,385.9,148.9,48.0,35.7,0.0,1482.2,61.3,197.6,1139.8,83.6,1204.291489361702,-5.355139509944052,Normal,1104.8,-48.40000000000009,1129.8666666666668,1061.48,9.354076497904632
Gangetic West Bengal,1920,0.4,36.7,152.5,14.6,77.0,127.8,380.3,294.4,171.2,106.1,2.5,0.0,1363.6,37.1,244.1,973.7,108.7,1204.291489361702,-19.14748143606994,Normal,1139.8,35.0,1132.6,1089.6799999999998,8.905050089476294
Gangetic West Bengal,1921,36.5,10.1,13.2,57.4,53.3,238.4,279.6,382.1,177.7,51.9,0.0,0.0,1300.2,46.6,123.9,1077.8,51.9,1204.291489361702,-10.503394774361904,Normal,973.7,-166.0999999999999,1072.7666666666667,1100.6200000000001,6.6434521465086345
Gangetic West Bengal,1922,7.4,3.1,1.2,22.0,72.3,553.0,269.7,400.8,244.3,75.8,4.7,1.4,1655.6,10.5,95.4,1467.7,81.9,1204.291489361702,21.8724879288078,Excess,1077.8,104.09999999999991,1063.7666666666667,1089.86,6.547429639645032
Gangetic West Bengal,1923,0.1,92.2,8.2,22.1,71.5,154.3,330.8,405.6,110.1,72.2,16.9,1.2,1285.2,92.3,101.8,1000.8,90.3,1204.291489361702,-16.897195667267948,Normal,1467.7,389.9000000000001,1173.0666666666666,1152.7599999999998,16.190640914862193
Gangetic West Bengal,1924,8.2,5.3,0.3,38.5,64.9,181.2,308.0,260.7,254.8,82.1,62.5,0.0,1266.5,13.5,103.7,1004.7,144.6,1204.291489361702,-16.57335380386101,Normal,1000.8,-466.9000000000001,1182.1000000000001,1131.96,17.555765096117444
Gangetic West Bengal,1925,10.7,14.8,28.4,78.9,106.2,171.8,305.7,211.2,158.4,184.5,3.1,0.0,1273.6,25.5,213.5,847.0,187.6,1204.291489361702,-29.66819017803352,Deficient,1004.7,3.900000000000091,1157.7333333333333,1104.94,18.68219673480187
Gangetic West Bengal,1926,26.4,9.5,111.3,25.6,85.5,103.7,579.3,431.3,243.7,78.9,0.9,9.1,1705.4,35.9,222.4,1358.1,89.0,1204.291489361702,12.77170120332074,Normal,847.0,-157.70000000000005,950.8333333333334,1079.6,21.551786412569875
Gangetic West Bengal,1927,31.6,37.4,9.1,22.3,96.7,227.7,317.4,224.6,161.6,58.6,3.7,0.0,1190.5,69.0,128.1,931.2,62.3,1204.291489361702,-22.676527383453145,Deficient,1358.1,511.0999999999999,1069.9333333333334,1135.66,23.230063823124624
Gangetic West Bengal,1928,12.8,3.2,1.6,51.3,110.9,427.0,428.1,325.1,113.3,149.9,1.7,0.1,1625.0,15.9,163.8,1293.5,151.8,1204.291489361702,7.407551363298275,Normal,931.2,-426.89999999999986,1045.4333333333334,1028.3600000000001,18.97963522883112
Gangetic West Bengal,1929,42.8,13.2,38.8,41.8,52.5,208.1,398.6,297.3,168.3,264.6,0.0,31.4,1557.3,56.0,133.1,1072.3,296.0,1204.291489361702,-10.960094838140908,Normal,1293.5,362.29999999999995,1194.2666666666667,1086.9,20.817510240573025
Gangetic West Bengal,1930,1.8,12.1,19.9,18.6,86.3,186.9,410.7,307.3,200.1,41.1,95.1,1.1,1380.8,13.8,124.8,1105.0,137.3,1204.291489361702,-8.24480536803665,Normal,1072.3,-221.20000000000005,1099.0,1100.4199999999998,20.183871128602267
Gangetic West Bengal,1931,2.2,74.6,27.1,22.7,111.5,157.2,368.5,286.7,197.0,168.3,59.0,0.9,1475.8,76.8,161.3,1009.4,228.3,1204.291489361702,-16.18308284026805,Normal,1105.0,32.700000000000045,1156.9333333333334,1152.02,15.023194761991574
Gangetic West Bengal,1932,0.0,12.9,5.1,31.9,196.6,151.1,297.5,259.6,177.7,64.2,110.2,0.0,1306.9,12.9,233.6,885.9,174.4,1204.291489361702,-26.438075181487484,Deficient,1009.4,-95.60000000000002,1062.2333333333333,1082.28,12.513500695914493
Gangetic West Bengal,1933,16.3,53.3,3.7,75.6,171.6,326.3,384.9,420.8,266.9,144.8,2.1,0.8,1867.2,69.6,250.9,1398.9,147.7,1204.291489361702,16.159585312808634,Normal,885.9,-123.5,1000.0999999999999,1073.22,13.874998379028924
Gangetic West Bengal,1934,5.5,19.6,0.6,39.9,58.6,200.0,209.0,269.6,197.1,85.0,14.9,17.8,1117.4,25.1,99.0,875.6,117.7,1204.291489361702,-27.293349846382704,Deficient,1398.9,513.0000000000001,1098.0666666666666,1094.3,17.339729755038384
Gangetic West Bengal,1935,12.1,26.3,30.8,34.6,33.6,163.4,233.1,298.9,171.1,9.6,0.0,1.6,1015.1,38.3,99.0,866.5,11.2,1204.291489361702,-28.048980860998878,Deficient,875.6,-523.3000000000001,1053.4666666666667,1054.96,20.309572464035043
Gangetic West Bengal,1936,9.8,12.6,20.3,16.4,223.8,299.9,331.4,251.4,253.9,74.7,4.0,7.5,1505.6,22.4,260.5,1136.6,86.1,1204.291489361702,-5.620855910688203,Normal,866.5,-9.100000000000023,1047.0,1007.26,22.489674659527772
Gangetic West Bengal,1937,0.0,112.8,8.6,16.8,130.3,300.8,265.6,280.4,295.7,109.2,1.9,0.4,1522.5,112.8,155.8,1142.5,111.4,1204.291489361702,-5.130941296816173,Normal,1136.6,270.0999999999999,959.5666666666666,1032.7,22.644909675576137
Gangetic West Bengal,1938,15.7,33.1,2.8,8.9,234.9,233.7,244.6,310.2,160.8,78.9,14.2,0.0,1337.8,48.8,246.6,949.3,93.1,1204.291489361702,-21.17356899174407,Deficient,1142.5,5.900000000000091,1048.5333333333335,1084.02,20.424810101713582
Gangetic West Bengal,1939,2.4,23.1,10.9,20.2,70.2,250.5,420.2,450.9,207.5,220.6,21.2,0.8,1698.4,25.5,101.3,1329.1,242.6,1204.291489361702,10.363646321576905,Normal,949.3,-193.20000000000005,1076.1333333333334,994.1,13.743062328590941
Gangetic West Bengal,1940,0.1,30.3,103.9,18.3,98.9,218.1,236.2,384.3,199.6,58.9,7.3,2.8,1358.5,30.3,221.1,1038.1,68.9,1204.291489361702,-13.799938871093984,Normal,1329.1,379.79999999999995,1140.3,1084.8,16.727458707521205
Gangetic West Bengal,1941,29.3,0.4,0.7,27.6,87.5,376.1,404.3,396.5,184.4,219.6,74.3,0.4,1801.1,29.7,115.9,1361.3,294.3,1204.291489361702,13.03741760406489,Normal,1038.1,-291.0,1105.5,1119.12,12.664200253507593
Gangetic West Bengal,1942,1.2,16.7,14.7,52.0,64.2,144.5,374.9,406.9,384.1,142.6,13.9,0.0,1615.6,18.0,130.8,1310.3,156.5,1204.291489361702,8.802562467205044,Normal,1361.3,323.20000000000005,1242.8333333333333,1164.06,15.403014368429771
Gangetic West Bengal,1943,39.4,25.7,16.9,85.4,53.6,209.5,418.5,320.5,186.8,90.0,0.0,0.0,1446.2,65.1,155.9,1135.3,90.0,1204.291489361702,-5.7288031984905095,Normal,1310.3,-51.0,1236.5666666666668,1197.62,15.836447708132614
Gangetic West Bengal,1944,60.0,24.4,40.2,44.8,36.1,147.5,349.8,477.4,147.0,79.1,0.1,0.0,1406.4,84.3,121.1,1121.8,79.1,1204.291489361702,-6.84979426412988,Normal,1135.3,-175.0,1268.966666666667,1234.8200000000002,11.394385356056114
Gangetic West Bengal,1945,18.0,13.6,5.1,75.7,110.2,196.2,196.3,213.2,198.6,244.2,0.1,0.3,1271.5,31.6,191.0,804.3,244.6,1204.291489361702,-33.21384340046324,Deficient,1121.8,-13.5,1189.1333333333334,1193.36,11.434244967349452
Gangetic West Bengal,1946,0.0,4.2,11.3,131.5,117.6,247.4,297.4,374.2,305.3,196.8,28.3,0.2,1714.2,4.2,260.4,1224.3,225.3,1204.291489361702,1.6614341972060866,Normal,804.3,-317.5,1020.4666666666668,1146.6,19.048196075366373
Gangetic West Bengal,1947,3.4,13.1,43.3,18.4,104.0,172.7,348.9,292.0,237.4,95.9,0.5,33.5,1363.0,16.5,165.7,1050.9,129.9,1204.291489361702,-12.737073268117385,Normal,1224.3,420.0,1050.1333333333334,1119.2,17.12816843558049
Gangetic West Bengal,1948,13.2,44.9,48.4,52.6,135.9,200.4,268.4,323.6,214.3,116.7,113.6,0.0,1532.1,58.1,236.9,1006.8,230.3,1204.291489361702,-16.39897741587267,Normal,1050.9,-173.39999999999986,1026.5,1067.32,14.938111796052933
Gangetic West Bengal,1949,6.8,3.0,33.5,114.7,188.9,214.5,325.0,285.5,209.8,110.5,1.3,0.0,1493.7,9.8,337.2,1034.8,111.8,1204.291489361702,-14.073958909361384,Normal,1006.8,-44.100000000000136,1094.0,1041.62,14.982527610621593
Gangetic West Bengal,1950,0.0,6.5,25.9,14.1,101.2,371.1,338.8,373.3,176.4,93.3,115.2,0.0,1615.6,6.5,141.2,1259.5,208.5,1204.291489361702,4.58431460539171,Normal,1034.8,28.0,1030.8333333333333,1024.22,14.606513332640356
Gangetic West Bengal,1951,0.0,0.4,62.1,13.1,67.4,180.7,253.5,260.3,200.1,140.0,36.0,0.4,1214.0,0.4,142.7,894.5,176.5,1204.291489361702,-25.723962354487583,Deficient,1259.5,224.70000000000005,1100.3666666666668,1115.26,10.521293318579849
Gangetic West Bengal,1952,0.3,1.1,23.3,99.7,77.0,167.4,431.0,244.7,189.1,159.6,2.5,0.0,1395.7,1.4,199.9,1032.2,162.1,1204.291489361702,-14.289853484965995,Normal,894.5,-365.0,1062.9333333333334,1049.3,12.622172882663849
Gangetic West Bengal,1953,25.8,14.1,4.8,13.6,61.9,311.1,358.3,343.1,278.5,56.0,38.6,0.0,1505.8,39.9,80.3,1291.0,94.6,1204.291489361702,7.19996042521691,Normal,1032.2,137.70000000000005,1062.0666666666668,1045.56,12.687157966780847
Gangetic West Bengal,1954,12.3,5.9,0.3,11.6,88.6,211.1,201.7,215.1,247.1,56.8,1.5,28.0,1080.0,18.2,100.5,875.0,86.3,1204.291489361702,-27.34317167152223,Deficient,1291.0,258.79999999999995,1072.5666666666668,1102.4,15.244510332909378
Gangetic West Bengal,1955,2.9,2.3,11.4,24.3,48.0,174.7,338.8,251.9,188.1,151.9,73.9,0.1,1268.2,5.2,83.8,953.4,225.9,1204.291489361702,-20.833119853290626,Deficient,875.0,-416.0,1066.0666666666668,1070.44,18.38991191038217
Gangetic West Bengal,1956,4.5,33.9,50.7,25.6,141.6,343.3,253.9,295.4,391.1,157.6,12.7,3.9,1714.2,38.3,217.9,1283.7,174.2,1204.291489361702,6.593794886019327,Normal,953.4,78.39999999999998,1039.8,1009.2199999999999,16.743817761913387
Gangetic West Bengal,1957,50.2,26.6,8.7,6.0,16.4,231.8,312.1,201.1,239.4,38.2,0.1,0.0,1130.5,76.8,31.1,984.4,38.3,1204.291489361702,-18.2589922210817,Normal,1283.7,330.30000000000007,1037.3666666666668,1087.06,17.581092761726154
Gangetic West Bengal,1958,12.7,25.6,13.3,37.9,58.3,95.2,280.1,215.1,294.7,109.3,8.9,0.0,1151.1,38.4,109.5,885.1,118.2,1204.291489361702,-26.50450428167352,Deficient,984.4,-299.30000000000007,1073.8333333333333,1077.5,18.161310367529925
Gangetic West Bengal,1959,33.5,12.7,17.3,28.2,91.4,208.5,273.3,328.5,487.3,331.2,0.3,0.4,1812.9,46.3,137.0,1297.7,332.0,1204.291489361702,7.756304139274972,Normal,885.1,-99.29999999999995,1051.0666666666666,996.32,16.769487448479573
Gangetic West Bengal,1960,0.6,1.4,30.9,0.9,122.3,117.5,336.5,317.4,246.3,71.1,0.6,0.0,1245.5,2.0,154.2,1017.7,71.6,1204.291489361702,-15.493880925837914,Normal,1297.7,412.6,1055.7333333333333,1080.8600000000001,18.03740595159461
Gangetic West Bengal,1961,11.1,75.8,6.8,13.6,91.2,275.0,171.4,252.8,290.9,101.0,0.8,0.1,1290.4,86.8,111.6,990.1,101.9,1204.291489361702,-17.785684882256188,Normal,1017.7,-280.0,1066.8333333333333,1093.72,17.041073583375226
Gangetic West Bengal,1962,8.8,13.1,6.0,54.5,80.3,185.6,241.1,209.3,233.6,141.0,0.0,0.1,1173.6,21.9,140.9,869.7,141.1,1204.291489361702,-27.783264460254724,Deficient,990.1,-27.600000000000023,1101.8333333333335,1035.0,14.99585386154931
Gangetic West Bengal,1963,0.4,2.4,5.7,61.6,103.6,258.8,277.6,167.1,270.9,131.5,9.5,0.5,1289.5,2.7,170.9,974.4,141.5,1204.291489361702,-19.08935597340716,Normal,869.7,-120.39999999999998,959.1666666666669,1012.0600000000001,17.006056829068754
Gangetic West Bengal,1964,2.7,11.1,18.0,58.3,84.7,136.2,404.2,211.3,219.9,124.0,8.0,0.0,1278.5,13.8,161.1,971.6,132.0,1204.291489361702,-19.321857824058284,Normal,974.4,104.69999999999993,944.7333333333335,1029.92,15.519553725972141
Gangetic West Bengal,1965,0.3,33.9,46.5,32.8,45.3,227.6,289.6,287.0,220.3,80.1,0.3,0.2,1263.7,34.2,124.5,1024.5,80.5,1204.291489361702,-14.929233574256603,Normal,971.6,-2.7999999999999545,938.5666666666667,964.7,5.82267031214205
Gangetic West Bengal,1966,33.1,4.4,5.1,18.3,43.4,296.0,168.7,236.6,187.2,84.9,34.7,6.3,1118.7,37.5,66.8,888.5,125.9,1204.291489361702,-26.222180605882865,Deficient,1024.5,52.89999999999998,990.1666666666666,966.0600000000001,5.986487534801934
Gangetic West Bengal,1967,52.5,3.3,44.9,65.3,53.0,131.6,247.8,368.8,326.2,52.3,1.3,1.4,1348.4,55.8,163.2,1074.4,55.0,1204.291489361702,-10.78571845015255,Normal,888.5,-136.0,961.5333333333334,945.7400000000001,6.8427176976571955
Gangetic West Bengal,1968,5.7,7.6,7.7,12.6,35.5,368.8,418.2,472.2,115.2,115.9,37.8,0.6,1597.7,13.3,55.7,1374.3,154.3,1204.291489361702,14.11689048208799,Normal,1074.4,185.9000000000001,995.8000000000002,986.68,7.01124127893229
Gangetic West Bengal,1969,4.7,5.1,20.9,80.2,89.0,139.8,276.2,418.0,300.9,45.9,23.2,0.2,1404.0,9.9,190.1,1134.9,69.3,1204.291489361702,-5.762017748583516,Normal,1374.3,299.89999999999986,1112.4,1066.66,17.36646618759136
Gangetic West Bengal,1970,10.8,15.1,30.8,16.8,63.5,323.2,285.0,219.8,472.6,195.0,15.8,0.0,1648.5,25.9,111.1,1300.7,210.9,1204.291489361702,8.00541326497261,Normal,1134.9,-239.39999999999986,1194.5333333333335,1099.3200000000002,16.24336388121868
Gangetic West Bengal,1971,30.6,14.2,4.8,174.2,122.1,260.3,472.5,573.4,252.8,163.5,31.4,0.0,2099.8,44.8,301.1,1559.0,194.9,1204.291489361702,29.453708987539244,Excess,1300.7,165.79999999999995,1269.966666666667,1154.56,16.617675846578177
Gangetic West Bengal,1972,2.8,43.1,4.1,16.4,25.1,125.9,288.3,543.2,222.5,59.7,2.1,0.0,1333.2,45.8,45.6,1179.9,61.8,1204.291489361702,-2.0253808631189454,Normal,1559.0,258.29999999999995,1331.5333333333335,1288.66,15.032800703409935
Gangetic West Bengal,1973,1.3,8.9,67.6,26.0,134.2,204.2,304.9,335.0,401.6,206.6,20.9,23.9,1735.2,10.2,227.8,1245.7,251.5,1204.291489361702,3.4384126271825792,Normal,1179.9,-379.0999999999999,1346.5333333333335,1309.7599999999998,12.878465756800647
Gangetic West Bengal,1974,3.6,0.0,83.1,29.8,94.5,96.4,438.5,317.1,262.7,140.3,4.6,0.0,1470.7,3.6,207.5,1114.6,144.9,1204.291489361702,-7.447656165804216,Normal,1245.7,65.79999999999995,1328.2,1284.0400000000002,12.940512860416483
Gangetic West Bengal,1975,9.9,18.7,10.6,38.1,65.8,156.6,364.9,331.1,286.3,141.6,42.6,0.0,1466.2,28.6,114.5,1138.9,184.2,1204.291489361702,-5.429872247653332,Normal,1114.6,-131.10000000000014,1180.0666666666668,1279.98,13.351537289288986
Gangetic West Bengal,1976,0.0,32.8,20.7,47.5,133.1,148.9,296.6,279.6,197.5,52.1,31.2,0.6,1240.6,32.8,201.3,922.6,83.8,1204.291489361702,-23.390640210453043,Deficient,1138.9,24.300000000000182,1166.4,1247.6200000000001,14.508593832966202
Gangetic West Bengal,1977,11.7,24.2,7.3,89.9,176.4,409.4,450.9,329.4,171.3,86.6,48.0,35.5,1840.6,35.9,273.6,1361.0,170.1,1204.291489361702,13.012506691495132,Normal,922.6,-216.30000000000007,1058.7,1120.34,10.816606291541376
Gangetic West Bengal,1978,1.4,21.2,50.5,49.8,116.3,253.0,274.1,349.1,591.8,148.8,10.3,6.4,1872.5,22.6,216.5,1467.9,165.5,1204.291489361702,21.889095203854307,Excess,1361.0,438.4,1140.8333333333333,1156.56,14.111771071107682
Gangetic West Bengal,1979,16.0,27.3,8.4,28.0,22.3,282.9,296.4,229.6,167.0,48.0,11.5,20.4,1157.9,43.3,58.7,975.9,79.9,1204.291489361702,-18.964801410558344,Normal,1467.9,106.90000000000009,1250.5000000000002,1201.0,17.93867287766205
Gangetic West Bengal,1980,15.5,22.6,60.9,21.8,109.9,303.6,403.2,243.3,181.0,158.6,0.0,0.4,1521.0,38.1,192.7,1131.2,159.1,1204.291489361702,-6.06925233694394,Normal,975.9,-492.0000000000001,1268.2666666666667,1173.26,20.215631627373654
Gangetic West Bengal,1981,13.7,63.9,64.8,110.8,250.9,321.4,417.7,327.7,250.0,11.6,3.8,72.8,1909.0,77.6,426.5,1316.7,88.2,1204.291489361702,9.333995268693348,Normal,1131.2,155.30000000000007,1191.6666666666667,1171.72,20.268118086851246
Gangetic West Bengal,1982,2.4,35.8,87.2,70.9,37.1,196.0,224.5,308.9,101.1,29.2,17.9,0.0,1111.0,38.2,195.2,830.4,47.1,1204.291489361702,-31.04659400689379,Deficient,1316.7,185.5,1141.2666666666667,1250.5400000000002,15.66451070952544
Gangetic West Bengal,1983,9.1,39.2,47.0,44.2,132.5,188.9,207.6,365.4,247.4,167.6,1.1,13.6,1463.6,48.2,223.7,1009.4,182.3,1204.291489361702,-16.18308284026805,Normal,830.4,-486.30000000000007,1092.7666666666667,1144.42,22.342002495757438
Gangetic West Bengal,1984,19.1,2.6,0.6,46.6,82.6,597.1,332.7,442.2,196.4,111.8,0.0,0.0,1831.7,21.7,129.8,1568.4,111.8,1204.291489361702,30.23425091472518,Excess,1009.4,179.0,1052.1666666666667,1052.72,17.324567279765645
Gangetic West Bengal,1985,10.9,22.0,8.8,24.1,99.6,280.4,286.3,340.6,201.8,137.2,1.8,0.0,1413.4,32.9,132.4,1109.1,139.0,1204.291489361702,-7.904356229583219,Normal,1568.4,559.0000000000001,1136.0666666666666,1171.22,24.257160920215114
Gangetic West Bengal,1986,9.6,6.3,7.1,48.5,146.1,227.9,313.4,181.2,522.2,201.5,106.4,20.6,1791.0,15.9,201.7,1244.8,328.5,1204.291489361702,3.36367988947328,Normal,1109.1,-459.3000000000002,1228.9666666666665,1166.8,24.4303496377892
Gangetic West Bengal,1987,1.8,7.1,18.9,76.6,91.7,146.9,427.4,473.0,262.6,34.1,43.7,7.7,1591.5,8.9,187.2,1309.9,85.5,1204.291489361702,8.769347917112038,Normal,1244.8,135.70000000000005,1307.4333333333334,1152.4199999999998,24.063209188598343
Gangetic West Bengal,1988,1.7,22.9,53.5,45.3,109.3,508.8,299.9,292.6,207.1,100.4,39.5,0.5,1681.5,24.6,208.1,1308.4,140.4,1204.291489361702,8.644793354263218,Normal,1309.9,65.10000000000014,1221.2666666666667,1248.3200000000002,17.121346353494783
Gangetic West Bengal,1989,0.4,4.9,6.1,5.4,173.6,318.2,414.5,291.4,284.2,105.5,3.7,18.3,1626.3,5.3,185.1,1308.3,127.5,1204.291489361702,8.636489716739952,Normal,1308.4,-1.5,1287.7,1308.1200000000001,12.75561138876154
Gangetic West Bengal,1990,2.2,62.2,119.0,79.3,147.6,268.2,520.2,236.3,300.7,174.2,47.9,3.5,1961.3,64.4,346.0,1325.4,225.6,1204.291489361702,10.0564117332165,Normal,1308.3,-0.10000000000013642,1308.8666666666668,1256.1,6.905036447695337
Gangetic West Bengal,1991,27.8,11.4,41.7,34.5,66.1,257.4,381.2,331.3,249.2,125.6,15.6,67.5,1609.1,39.2,142.2,1219.0,208.7,1204.291489361702,1.2213414084735963,Normal,1325.4,17.100000000000136,1314.0333333333335,1299.36,2.4115973630530516
Gangetic West Bengal,1992,14.0,49.5,0.1,25.0,127.0,239.9,407.6,254.1,226.6,66.2,4.4,0.2,1414.6,63.5,152.1,1128.3,70.7,1204.291489361702,-6.310057825118332,Normal,1219.0,-106.40000000000009,1284.2333333333333,1294.2,3.2953203752983247
Gangetic West Bengal,1993,0.3,3.8,40.8,78.6,116.2,328.5,280.0,357.7,421.4,94.2,38.2,0.0,1759.7,4.0,235.6,1387.6,132.5,1204.291489361702,15.221274272680848,Normal,1128.3,-90.70000000000005,1224.2333333333333,1257.8799999999999,6.6461253140207495
Gangetic West Bengal,1994,23.8,48.8,7.3,63.7,98.0,310.1,426.1,294.4,166.1,82.9,9.6,0.0,1530.8,72.6,169.0,1196.8,92.5,1204.291489361702,-0.6220661216889287,Normal,1387.6,259.29999999999995,1244.9666666666667,1273.72,7.946273499752037
Gangetic West Bengal,1995,20.2,30.1,8.7,10.1,202.9,185.4,401.1,413.0,411.5,86.4,160.5,6.2,1936.0,50.3,221.7,1411.0,253.1,1204.291489361702,17.16432545312243,Normal,1196.8,-190.79999999999995,1237.5666666666666,1251.42,8.30546419831345
Gangetic West Bengal,1996,11.0,13.2,10.4,39.2,67.5,336.0,251.3,472.0,143.5,155.9,4.1,0.0,1504.0,24.2,117.0,1202.7,160.0,1204.291489361702,-0.1321515078168997,Normal,1411.0,214.20000000000005,1331.8,1268.5400000000002,9.793612860759348
Gangetic West Bengal,1997,18.7,23.6,44.2,101.8,98.2,219.6,437.3,387.3,244.0,27.8,30.5,24.9,1657.7,42.3,244.1,1288.1,83.1,1204.291489361702,6.959154937042519,Normal,1202.7,-208.29999999999995,1270.1666666666667,1265.2800000000002,9.96311351763924
Gangetic West Bengal,1998,52.9,31.0,128.8,53.0,87.1,154.3,295.2,265.7,296.3,191.4,77.1,0.0,1632.7,83.9,268.9,1011.5,268.4,1204.291489361702,-16.008706452279704,Normal,1288.1,85.39999999999986,1300.6,1297.24,7.729441129822328
Gangetic West Bengal,1999,0.1,0.7,1.6,10.5,217.9,268.8,405.2,375.4,467.8,195.3,13.7,0.0,1957.0,0.8,230.0,1517.2,209.0,1204.291489361702,25.98278850281882,Excess,1011.5,-276.5999999999999,1167.4333333333334,1222.02,11.957515048489675
Gangetic West Bengal,2000,9.5,57.9,3.8,54.0,215.0,205.6,341.5,178.4,428.4,76.2,1.6,0.1,1572.1,67.4,272.8,1153.9,77.9,1204.291489361702,-4.184326619165142,Normal,1517.2,505.70000000000005,1272.2666666666667,1286.1,15.125786100185953
Gangetic West Bengal,2001,0.3,1.9,32.8,49.4,175.8,384.2,269.3,248.7,205.9,163.6,8.8,0.0,1540.6,2.2,258.0,1108.0,172.4,1204.291489361702,-7.995696242339012,Normal,1153.9,-363.29999999999995,1227.5333333333335,1234.6799999999998,15.153888969864166
Gangetic West Bengal,2002,26.3,1.5,26.6,77.4,114.1,347.7,281.6,289.3,326.4,71.5,50.9,0.1,1613.3,27.8,218.1,1244.9,122.5,1204.291489361702,3.371983526996546,Normal,1108.0,-45.90000000000009,1259.7,1215.74,16.10067014364702
Gangetic West Bengal,2003,0.5,11.7,70.0,36.3,81.9,280.5,253.4,239.3,155.0,341.5,8.9,17.7,1496.7,12.2,188.2,928.2,368.1,1204.291489361702,-22.92563650915078,Deficient,1244.9,136.9000000000001,1168.9333333333334,1207.1,15.962166026189525
Gangetic West Bengal,2004,3.3,1.6,14.9,62.8,72.9,287.5,250.7,389.9,264.3,220.7,0.0,0.8,1569.4,4.9,150.7,1192.3,221.5,1204.291489361702,-0.995729810235386,Normal,928.2,-316.70000000000005,1093.7,1190.44,18.145296907274567
Gangetic West Bengal,2005,26.8,11.8,82.8,41.8,82.4,200.1,354.5,226.7,221.3,351.7,0.0,4.9,1604.9,38.6,207.0,1002.6,356.6,1204.291489361702,-16.74773019184936,Normal,1192.3,264.0999999999999,1121.8000000000002,1125.4599999999998,10.769015444112599
Gangetic West Bengal,2006,0.8,3.0,10.6,60.5,120.8,221.0,486.6,320.3,380.9,49.7,5.9,0.3,1660.5,3.9,191.9,1408.8,55.9,1204.291489361702,16.98164542761083,Normal,1002.6,-189.69999999999993,1041.0333333333333,1095.2,11.945775928161524
Gangetic West Bengal,2007,3.9,56.2,39.3,38.7,98.7,226.3,610.1,328.0,459.9,55.8,24.6,0.0,1941.4,60.1,176.7,1624.2,80.4,1204.291489361702,34.86768065270125,Excess,1408.8,406.19999999999993,1201.2333333333333,1155.3600000000001,16.679790863412233
Gangetic West Bengal,2008,49.4,12.4,11.5,42.8,94.4,414.5,338.4,252.2,267.3,72.3,0.0,0.2,1555.2,61.8,148.8,1272.3,72.4,1204.291489361702,5.647180208368296,Normal,1624.2,215.4000000000001,1345.1999999999998,1231.2199999999998,23.38420260371181
Gangetic West Bengal,2009,2.4,1.4,17.9,2.6,229.0,69.7,277.6,332.7,294.6,77.3,9.4,0.3,1315.0,3.8,249.5,974.6,87.1,1204.291489361702,-19.07274869836065,Normal,1272.3,-351.9000000000001,1435.0999999999997,1300.04,17.947285245084966
Gangetic West Bengal,2010,0.2,10.3,8.0,15.9,127.5,189.3,196.3,192.6,192.6,96.2,6.3,29.7,1064.8,10.5,151.3,770.7,132.2,1204.291489361702,-36.00386560827678,Deficient,974.6,-297.69999999999993,1290.3666666666666,1256.5,21.889123270739606
Gangetic West Bengal,2011,2.5,2.7,40.5,75.0,132.6,434.5,219.9,443.2,295.9,36.9,1.3,1.4,1686.5,5.2,248.1,1393.6,39.6,1204.291489361702,15.719492524076124,Normal,770.7,-203.89999999999998,1005.8666666666667,1210.1200000000001,28.12559693355704
Gangetic West Bengal,2012,40.7,15.3,4.4,57.7,44.2,146.6,315.0,261.4,246.9,64.2,47.0,24.6,1268.0,56.0,106.3,969.9,135.8,1204.291489361702,-19.463019661953616,Normal,1393.6,622.8999999999999,1046.3,1207.08,28.017719183678665
Gangetic West Bengal,2013,2.5,10.0,4.8,45.6,195.9,233.4,263.2,401.4,254.0,353.2,0.0,0.0,1764.1,12.5,246.3,1152.0,353.3,1204.291489361702,-4.342095732106987,Normal,969.9,-423.69999999999993,1044.7333333333333,1076.22,23.421483671730037
Gangetic West Bengal,2014,0.9,42.2,19.9,1.9,124.4,193.6,298.7,292.6,229.5,56.9,0.1,0.6,1261.4,43.1,146.2,1014.4,57.7,1204.291489361702,-15.767900964105324,Normal,1152.0,182.10000000000002,1171.8333333333333,1052.16,22.2159508675548
Gangetic West Bengal,2015,12.9,5.5,19.3,88.7,57.6,247.2,633.1,260.6,164.0,32.7,2.3,6.3,1530.3,18.4,165.6,1304.9,41.3,1204.291489361702,8.354166040949307,Normal,1014.4,-137.60000000000002,1045.4333333333334,1060.12,21.800230572014225
Gangetic West Bengal,2016,9.9,37.9,14.7,5.8,111.9,172.7,334.7,416.7,233.7,69.8,19.2,0.0,1427.0,47.8,132.4,1157.8,89.0,1204.291489361702,-3.860484755758224,Normal,1304.9,290.5000000000001,1157.1000000000001,1166.96,15.60949961259715
Gangetic West Bengal,2017,1.4,0.0,35.2,25.8,106.3,193.7,489.3,264.5,191.4,225.2,21.9,14.0,1568.6,1.4,167.3,1138.9,261.1,1204.291489361702,-5.429872247653332,Normal,1157.8,-147.10000000000014,1159.0333333333335,1119.8000000000002,11.840640892191576
Gujarat Region,1901,4.2,0.0,0.6,1.6,7.0,60.3,240.2,205.4,18.1,16.6,0.0,0.3,554.3,4.2,9.2,524.0,17.0,880.3446808510638,-40.47785925242047,Deficient,,,,,
Gujarat Region,1902,3.9,0.0,0.0,0.6,1.0,32.8,229.8,299.0,281.2,2.3,1.5,11.9,863.9,3.9,1.5,842.8,15.7,880.3446808510638,-4.264770568587741,Normal,524.0,,,,
Gujarat Region,1903,0.3,0.1,1.4,0.0,12.3,30.1,452.9,202.0,183.2,5.4,0.0,0.0,887.6,0.3,13.6,868.2,5.4,880.3446808510638,-1.3795370285333028,Normal,842.8,318.79999999999995,,,
Gujarat Region,1904,0.8,10.6,16.8,0.2,3.9,48.3,194.8,71.8,138.0,6.1,0.1,1.2,492.6,11.3,20.9,453.0,7.4,880.3446808510638,-48.54288213997419,Deficient,868.2,25.40000000000009,745.0,,
Gujarat Region,1905,0.1,0.7,1.1,0.3,0.0,20.1,668.3,37.9,81.3,1.4,0.2,0.1,811.5,0.8,1.3,807.6,1.7,880.3446808510638,-8.263204450867885,Normal,453.0,-415.20000000000005,721.3333333333334,,
Gujarat Region,1906,0.0,12.7,0.0,0.0,0.1,177.5,311.5,247.1,134.8,5.9,0.0,0.9,890.6,12.7,0.2,870.9,6.8,880.3446808510638,-1.072838975062958,Normal,807.6,354.6,709.6,699.12,27.905221407252455
Gujarat Region,1907,0.3,14.6,0.2,2.1,0.4,72.4,325.0,564.4,17.5,0.0,0.0,0.0,997.0,15.0,2.7,979.3,0.0,880.3446808510638,11.240519912413417,Normal,870.9,63.299999999999955,710.5,768.5,23.18752112492992
Gujarat Region,1908,5.2,0.3,0.2,0.0,0.1,67.5,562.1,366.0,25.1,1.0,0.0,0.0,1027.5,5.5,0.3,1020.7,1.0,880.3446808510638,15.94322339895883,Normal,979.3,108.39999999999998,885.9333333333334,795.8,25.30453272687928
Gujarat Region,1909,0.1,0.5,0.1,5.5,2.6,160.5,415.6,242.6,143.3,1.5,0.0,5.5,977.8,0.6,8.2,962.0,7.0,880.3446808510638,9.27538053277005,Normal,1020.7,41.40000000000009,956.9666666666667,826.3,27.25616942851623
Gujarat Region,1910,0.6,0.0,0.0,0.1,0.0,262.6,290.2,338.5,44.7,23.1,14.8,0.0,974.6,0.6,0.1,936.0,37.9,880.3446808510638,6.321991869722211,Normal,962.0,-58.700000000000045,987.3333333333334,928.1,9.352524258839155
Gujarat Region,1911,3.5,0.0,18.9,0.0,0.9,158.0,66.7,93.4,57.7,0.5,3.8,0.1,403.5,3.5,19.8,375.8,4.4,880.3446808510638,-57.31217463179316,Deficient,936.0,-26.0,972.9,953.78,5.833420663526911
Gujarat Region,1912,0.1,0.0,0.0,0.2,0.6,105.1,624.9,291.1,38.9,13.6,44.1,0.0,1118.5,0.1,0.8,1060.0,57.7,880.3446808510638,20.40738395502729,Excess,375.8,-560.2,757.9333333333334,854.76,31.530855524531905
Gujarat Region,1913,0.0,0.0,0.1,0.0,13.5,364.5,423.2,213.8,146.0,1.1,0.1,0.3,1162.6,0.0,13.7,1147.5,1.4,880.3446808510638,30.346672724899825,Excess,1060.0,684.2,790.6,870.9,32.2662938263717
Gujarat Region,1914,0.0,3.7,0.0,0.2,5.4,222.3,488.8,137.7,234.9,8.5,6.0,0.0,1107.5,3.7,5.6,1083.7,14.4,880.3446808510638,23.099511313267055,Excess,1147.5,87.5,861.1,896.26,33.78302405542614
Gujarat Region,1915,7.5,1.9,12.1,1.6,2.3,128.7,128.9,116.3,52.7,112.3,2.8,0.2,567.3,9.4,16.0,426.6,115.3,880.3446808510638,-51.541707551684304,Deficient,1083.7,-63.799999999999955,1097.0666666666666,920.6,34.11587707138019
Gujarat Region,1916,0.0,0.0,0.2,0.1,8.7,126.7,168.3,418.9,193.6,32.4,4.0,0.0,952.9,0.0,9.0,907.5,36.4,880.3446808510638,3.084623527535157,Normal,426.6,-657.1,885.9333333333333,818.72,46.76865649449361
Gujarat Region,1917,0.4,7.4,0.0,5.3,98.3,126.8,320.1,379.2,353.7,233.7,0.0,0.0,1524.9,7.8,103.6,1179.8,233.7,880.3446808510638,34.01569017937848,Excess,907.5,480.9,805.9333333333334,925.0600000000001,31.591874078783132
Gujarat Region,1918,0.4,0.0,0.2,0.0,12.1,37.8,110.5,213.4,17.6,0.2,0.5,0.0,392.6,0.4,12.3,379.3,0.7,880.3446808510638,-56.91460308099825,Deficient,1179.8,272.29999999999995,837.9666666666666,949.0200000000001,32.70939116827486
Gujarat Region,1919,6.1,0.1,0.0,1.3,2.1,110.0,335.9,481.2,78.1,33.0,19.6,0.0,1067.4,6.2,3.5,1005.2,52.6,880.3446808510638,14.182549388295696,Normal,379.3,-800.5,822.1999999999999,795.38,46.730508445914715
Gujarat Region,1920,44.1,1.8,0.0,0.2,63.2,189.3,268.1,110.4,31.7,0.0,0.0,0.0,708.9,45.9,63.4,599.5,0.0,880.3446808510638,-31.90167294241617,Deficient,1005.2,625.9000000000001,854.7666666666668,779.6800000000001,45.898664441085806
Gujarat Region,1921,0.8,0.0,0.0,0.0,0.0,31.1,529.7,205.4,405.1,0.4,0.0,0.2,1172.8,0.8,0.0,1171.3,0.6,880.3446808510638,33.05015927030515,Excess,599.5,-405.70000000000005,661.3333333333333,814.26,39.51398021944849
Gujarat Region,1922,2.1,0.0,0.0,0.0,0.0,130.8,314.8,106.8,314.3,5.0,4.1,0.7,878.7,2.1,0.0,866.8,9.8,880.3446808510638,-1.5385656488512738,Normal,1171.3,571.8,925.3333333333334,867.0200000000001,41.54351826227434
Gujarat Region,1923,0.0,5.2,1.5,4.0,4.6,2.6,295.0,157.5,81.9,0.9,0.0,0.0,553.2,5.2,10.1,537.0,1.0,880.3446808510638,-39.00116492089655,Deficient,866.8,-304.5,879.1999999999998,804.42,39.38609411119869
Gujarat Region,1924,1.4,0.0,0.4,0.0,5.5,117.3,297.3,267.0,198.7,21.0,0.0,1.0,909.6,1.4,6.0,880.3,22.0,880.3446808510638,-0.005075381499511,Normal,537.0,-329.79999999999995,858.3666666666664,835.9599999999998,32.06121602646216
Gujarat Region,1925,0.0,0.0,0.1,0.0,25.8,264.6,199.3,81.8,14.2,0.4,6.6,0.2,593.1,0.0,26.0,559.9,7.2,880.3446808510638,-36.39991105998134,Deficient,880.3,343.29999999999995,761.3666666666664,810.9799999999999,31.288345643131056
Gujarat Region,1926,6.5,0.0,0.9,2.0,8.5,20.1,406.1,471.0,359.1,0.1,0.1,0.0,1274.5,6.5,11.5,1256.4,0.2,880.3446808510638,42.71682754820406,Excess,559.9,-320.4,659.0666666666666,803.06,32.682679588622456
Gujarat Region,1927,0.0,4.9,0.0,0.2,1.9,139.4,903.3,199.2,113.9,26.2,18.3,14.8,1422.1,4.9,2.1,1355.8,59.3,880.3446808510638,54.00785959077924,Excess,1256.4,696.5000000000001,898.8666666666667,820.0799999999999,35.76026669560049
Gujarat Region,1928,0.0,0.2,0.0,0.0,0.0,51.5,372.7,220.5,138.3,19.6,16.4,1.8,821.0,0.2,0.0,783.0,37.8,880.3446808510638,-11.057564493597766,Normal,1355.8,99.39999999999986,1057.3666666666666,917.8799999999999,41.52146062302977
Gujarat Region,1929,1.9,0.0,0.0,5.5,0.9,123.6,353.7,150.7,20.6,7.2,0.6,11.6,676.3,1.9,6.4,648.6,19.4,880.3446808510638,-26.324312044121974,Deficient,783.0,-572.8,1131.7333333333333,967.0799999999999,34.37392201202588
Gujarat Region,1930,2.0,0.2,0.2,0.1,1.1,160.2,426.0,152.9,102.8,48.2,0.0,0.9,894.7,2.2,1.5,841.9,49.1,880.3446808510638,-4.367003253077856,Normal,648.6,-134.39999999999998,929.1333333333332,920.74,39.353943154058236
Gujarat Region,1931,0.0,0.1,0.0,0.0,1.7,18.4,332.5,546.3,86.4,113.6,4.2,1.3,1104.6,0.1,1.7,983.7,119.1,880.3446808510638,11.740324147698445,Normal,841.9,193.29999999999995,757.8333333333334,977.14,31.76187317220998
Gujarat Region,1932,0.0,0.0,0.8,0.4,0.4,57.9,540.0,146.6,129.2,30.1,0.9,0.3,906.6,0.0,1.6,873.7,31.3,880.3446808510638,-0.7547817344270292,Normal,983.7,141.80000000000007,824.7333333333332,922.6,29.3088498344552
Gujarat Region,1933,0.0,3.4,0.7,3.5,44.3,118.3,241.3,473.6,227.5,15.1,1.4,7.9,1137.1,3.4,48.6,1060.6,24.4,880.3446808510638,20.47553907802069,Excess,873.7,-110.0,899.7666666666668,826.18,14.91249930800384
Gujarat Region,1934,0.1,0.0,0.7,0.3,0.0,219.7,266.1,392.9,81.2,0.9,17.6,0.0,979.6,0.1,1.1,959.9,18.5,880.3446808510638,9.036837602293108,Normal,1060.6,186.89999999999986,972.6666666666666,881.7,17.788157075897537
Gujarat Region,1935,7.3,0.0,0.0,1.6,0.4,82.4,356.0,107.1,187.6,14.2,0.1,0.3,756.9,7.3,1.9,733.1,14.6,880.3446808510638,-16.7257988892165,Normal,959.9,-100.69999999999993,964.7333333333332,943.96,9.294541504512958
Gujarat Region,1936,0.0,1.8,1.3,0.0,0.8,189.4,133.4,52.9,175.8,1.3,52.5,0.0,609.3,1.8,2.1,551.5,53.9,880.3446808510638,-37.35408278188911,Deficient,733.1,-226.79999999999995,917.8666666666664,922.2,13.55119889336788
Gujarat Region,1937,0.0,4.0,0.2,0.1,0.0,260.6,577.8,32.0,320.1,3.3,0.1,4.8,1203.1,4.0,0.3,1190.6,8.2,880.3446808510638,35.24248239325989,Excess,551.5,-181.60000000000002,748.1666666666666,835.76,23.836355936054886
Gujarat Region,1938,0.0,0.1,0.0,0.0,15.8,265.0,342.6,134.6,26.3,30.3,0.0,0.0,814.9,0.1,15.8,768.6,30.4,880.3446808510638,-12.693287445439644,Normal,1190.6,639.0999999999999,825.0666666666666,899.14,28.52530227830489
Gujarat Region,1939,0.0,1.1,3.1,0.0,0.0,30.3,210.3,265.3,91.6,1.3,2.4,0.2,605.6,1.1,3.1,597.5,3.9,880.3446808510638,-32.12885668572754,Deficient,768.6,-421.9999999999999,836.9,840.74,28.955402336679605
Gujarat Region,1940,11.3,4.4,10.1,2.0,1.5,152.6,208.3,241.8,119.8,91.5,26.7,0.0,870.1,15.7,13.5,722.6,118.2,880.3446808510638,-17.918513541601204,Normal,597.5,-171.10000000000002,852.2333333333332,768.26,32.913244847543986
Gujarat Region,1941,1.0,12.5,0.1,0.7,0.9,42.5,671.9,187.7,40.7,3.3,0.0,0.4,961.8,13.5,1.8,942.9,3.7,880.3446808510638,7.105775784146442,Normal,722.6,125.10000000000002,696.2333333333332,766.16,33.05674688669997
Gujarat Region,1942,2.0,13.7,0.0,0.0,9.0,130.1,501.1,367.8,162.6,0.0,0.0,0.3,1186.8,15.8,9.0,1161.6,0.4,880.3446808510638,31.948318115244987,Excess,942.9,220.29999999999995,754.3333333333334,844.4399999999999,27.20460439728437
Gujarat Region,1943,0.1,0.0,0.0,0.6,19.0,132.8,484.2,80.9,152.2,42.6,0.4,0.0,912.8,0.1,19.5,850.1,43.0,880.3446808510638,-3.435549905501224,Normal,1161.6,218.69999999999993,942.3666666666667,838.64,26.10340789264568
Gujarat Region,1944,2.9,0.0,5.1,2.3,2.3,110.1,625.9,502.7,72.2,16.9,0.0,0.0,1340.6,2.9,9.8,1310.9,17.0,880.3446808510638,48.90758455343895,Excess,850.1,-311.4999999999999,984.8666666666667,854.9399999999999,25.19484092206639
Gujarat Region,1945,7.0,0.0,0.0,1.9,0.7,160.9,518.8,245.3,339.5,2.7,0.0,0.0,1277.0,7.0,2.6,1264.6,2.7,880.3446808510638,43.64828089578066,Excess,1310.9,460.80000000000007,1107.5333333333333,997.6200000000001,23.796170897365755
Gujarat Region,1946,0.0,2.1,0.0,1.1,4.2,233.3,291.7,469.6,104.6,1.1,34.4,5.5,1147.7,2.1,5.3,1099.3,41.0,880.3446808510638,24.87154451109575,Excess,1264.6,-46.30000000000018,1141.8666666666666,1106.02,18.213245968291446
Gujarat Region,1947,0.4,0.0,0.0,40.4,0.0,5.4,216.7,257.1,252.7,8.3,2.3,0.0,783.4,0.4,40.4,731.9,10.7,880.3446808510638,-16.86210913520333,Normal,1099.3,-165.29999999999995,1224.9333333333334,1137.3,15.903744339518369
Gujarat Region,1948,11.7,0.4,0.0,0.0,0.7,65.5,185.9,115.9,49.8,18.2,25.1,0.6,473.9,12.1,0.7,417.2,43.9,880.3446808510638,-52.60947114524775,Deficient,731.9,-367.4,1031.9333333333332,1051.36,24.14171053620348
Gujarat Region,1949,0.0,0.1,0.0,0.0,2.5,35.2,290.0,205.5,241.1,23.5,2.5,0.0,800.3,0.1,2.5,771.8,25.9,880.3446808510638,-12.329793456141456,Normal,417.2,-314.7,749.4666666666667,964.78,39.53232277086299
Gujarat Region,1950,0.0,0.0,0.0,0.0,0.1,11.7,730.7,76.9,306.6,3.3,0.0,0.0,1129.3,0.0,0.1,1125.9,3.3,880.3446808510638,27.89308829713701,Excess,771.8,354.59999999999997,640.3,856.9599999999998,38.75407955797235
Gujarat Region,1951,0.0,0.0,0.4,0.3,2.1,65.6,218.6,162.6,7.3,13.9,7.3,0.3,478.3,0.0,2.7,454.1,21.5,880.3446808510638,-48.41793108115293,Deficient,1125.9,354.10000000000014,771.6333333333333,829.22,35.33929524448524
Gujarat Region,1952,0.0,0.0,0.0,0.0,0.2,138.7,487.7,136.4,11.6,1.8,0.0,0.0,776.6,0.0,0.3,774.5,1.8,880.3446808510638,-12.023095402671098,Normal,454.1,-671.8000000000001,783.9333333333334,700.18,40.897926957548464
Gujarat Region,1953,12.6,0.0,0.0,0.1,0.3,143.6,240.0,552.9,104.5,1.0,0.0,0.4,1055.5,12.6,0.4,1041.0,1.4,880.3446808510638,18.24913839356925,Normal,774.5,320.4,784.8333333333334,708.7,40.661328539237395
Gujarat Region,1954,0.1,2.0,5.5,0.0,0.2,114.3,355.0,214.1,522.0,32.0,0.1,2.6,1248.0,2.2,5.7,1205.5,34.7,880.3446808510638,36.93500128092962,Excess,1041.0,266.5,756.5333333333333,833.4599999999998,31.73207177170797
Gujarat Region,1955,0.3,0.1,0.1,0.7,3.1,104.9,109.9,393.5,311.4,51.4,0.1,0.0,975.7,0.4,4.0,919.8,51.5,880.3446808510638,4.481803548900091,Normal,1205.5,164.5,1007.0,920.2,33.35270589550674
Gujarat Region,1956,0.0,0.1,0.0,0.1,26.5,102.9,661.3,329.8,135.0,107.4,2.2,1.4,1366.6,0.1,26.6,1229.0,110.9,880.3446808510638,39.60441026483824,Excess,919.8,-285.70000000000005,1055.4333333333334,878.9799999999999,32.477350471498276
Gujarat Region,1957,2.3,0.0,0.2,0.0,5.7,151.8,257.1,198.7,16.1,7.5,8.2,0.2,647.8,2.3,6.0,623.6,15.9,880.3446808510638,-29.16410883551413,Deficient,1229.0,309.20000000000005,1118.1000000000001,1033.96,18.595315861730878
Gujarat Region,1958,1.0,0.0,0.3,1.1,0.7,103.4,336.8,287.1,335.9,46.9,10.0,0.1,1123.1,1.0,2.0,1063.2,56.9,880.3446808510638,20.77087794432549,Excess,623.6,-605.4,924.1333333333333,1003.78,24.62481696986495
Gujarat Region,1959,0.0,0.0,0.0,2.8,1.4,98.0,632.6,321.8,377.6,121.7,4.7,0.0,1560.7,0.0,4.2,1430.1,126.4,880.3446808510638,62.44773565479671,Large Excess,1063.2,439.6,971.9333333333334,1008.22,24.618826209413655
Gujarat Region,1960,1.6,0.0,0.2,0.0,8.0,131.4,218.3,210.6,73.1,6.3,0.0,0.1,649.6,1.6,8.2,633.3,6.5,880.3446808510638,-28.062267680453985,Deficient,1430.1,366.89999999999986,1038.9666666666665,1053.1399999999999,29.08957425990778
Gujarat Region,1961,0.0,0.6,0.0,0.0,0.6,90.2,365.1,174.6,297.7,16.1,0.1,0.0,945.1,0.6,0.6,927.6,16.2,880.3446808510638,5.3678201478144505,Normal,633.3,-796.8,1042.2,995.8399999999999,36.118313432715844
Gujarat Region,1962,0.0,0.0,1.4,1.3,2.3,49.3,298.8,181.0,227.1,0.0,8.9,2.9,773.0,0.0,5.0,756.2,11.8,880.3446808510638,-14.101826653970148,Normal,927.6,294.30000000000007,996.9999999999999,935.5599999999998,35.835549336020975
Gujarat Region,1963,1.4,0.0,0.9,0.3,0.3,65.4,291.4,350.9,227.6,26.0,33.1,0.4,997.9,1.4,1.6,935.3,59.5,880.3446808510638,6.242477559563225,Normal,756.2,-171.39999999999998,772.3666666666667,962.0799999999999,32.07649745853788
Gujarat Region,1964,0.1,0.0,0.0,0.0,4.0,106.2,371.0,296.3,114.6,0.5,0.0,0.0,892.7,0.1,4.0,888.1,0.5,880.3446808510638,0.8809412174148484,Normal,935.3,179.0999999999999,873.0333333333333,936.5,32.39518675092205
Gujarat Region,1965,7.4,0.0,0.6,0.4,1.3,11.2,442.4,165.9,24.1,1.0,2.4,0.1,656.7,7.4,2.2,643.6,3.5,880.3446808510638,-26.892271402400407,Deficient,888.1,-47.19999999999993,859.8666666666667,828.1,15.757548143528771
Gujarat Region,1966,0.2,0.0,0.0,0.0,0.5,123.1,316.4,71.2,183.9,0.8,0.3,0.1,696.7,0.2,0.6,694.6,1.2,880.3446808510638,-21.09908594796042,Deficient,643.6,-244.5,822.3333333333331,830.1600000000001,15.258454031029544
Gujarat Region,1967,0.0,0.0,42.1,0.4,0.2,132.7,413.2,204.1,123.8,1.0,0.0,21.1,938.7,0.0,42.7,873.8,22.1,880.3446808510638,-0.7434225472614708,Normal,694.6,51.0,742.1,783.5600000000001,15.915123643399323
Gujarat Region,1968,0.1,0.3,1.2,0.0,0.1,33.8,279.1,297.1,45.8,10.3,0.1,0.0,668.0,0.4,1.4,655.9,10.3,880.3446808510638,-25.495091381035472,Deficient,873.8,179.19999999999993,737.3333333333334,807.08,16.01588484414153
Gujarat Region,1969,0.0,0.2,0.0,0.0,0.0,100.5,331.3,154.6,191.9,0.0,7.2,3.2,789.0,0.3,0.0,778.3,10.4,880.3446808510638,-11.591446290379496,Normal,655.9,-217.89999999999998,741.4333333333333,751.2,15.979401630344944
Gujarat Region,1970,0.2,1.0,0.1,0.1,5.3,262.6,261.2,495.8,321.8,5.8,0.0,0.0,1353.8,1.1,5.4,1341.4,5.8,880.3446808510638,52.37213663893737,Excess,778.3,122.39999999999998,769.3333333333331,729.24,13.227335635421515
Gujarat Region,1971,0.0,0.1,0.0,0.3,5.0,176.2,253.6,194.1,134.9,5.0,0.0,0.0,769.2,0.1,5.3,758.8,5.0,880.3446808510638,-13.806487787665375,Normal,1341.4,563.1000000000001,925.1999999999998,868.8,31.89978082743329
Gujarat Region,1972,0.1,2.0,0.0,0.0,1.8,87.8,208.4,180.4,23.0,0.2,0.0,0.0,503.8,2.0,1.9,499.7,0.2,880.3446808510638,-43.23814173365365,Deficient,758.8,-582.6000000000001,959.4999999999999,881.64,30.44399654220802
Gujarat Region,1973,0.2,0.7,0.1,0.0,1.3,97.3,301.4,364.5,387.0,7.1,0.0,0.1,1159.6,0.9,1.4,1150.2,7.1,880.3446808510638,30.65337077837018,Excess,499.7,-259.09999999999997,866.6333333333332,806.8199999999999,39.486941165826664
Gujarat Region,1974,0.0,0.0,0.0,0.6,51.3,22.1,135.5,103.0,68.7,38.6,0.0,1.5,421.3,0.0,51.9,329.3,40.1,880.3446808510638,-62.59419666378256,Large Deficient,1150.2,650.5,802.9,905.68,37.12699915456958
Gujarat Region,1975,0.0,0.0,0.7,0.0,0.1,156.0,219.5,449.6,318.5,48.2,0.0,0.0,1192.7,0.0,0.9,1143.6,48.2,880.3446808510638,29.90366442544264,Excess,329.3,-820.9000000000001,659.7333333333332,815.88,52.28634354227226
Gujarat Region,1976,3.2,0.0,0.0,0.0,0.2,342.5,584.4,482.4,149.5,0.2,57.7,0.0,1620.1,3.2,0.2,1558.8,57.9,880.3446808510638,77.06700953688352,Large Excess,1143.6,814.3,874.3666666666664,776.3199999999999,47.82294805311324
Gujarat Region,1977,3.9,0.1,0.2,0.1,15.4,310.2,565.2,242.9,160.0,0.7,8.9,0.0,1307.7,4.0,15.8,1278.3,9.6,880.3446808510638,45.204489537463566,Excess,1558.8,415.20000000000005,1010.5666666666666,936.32,54.33492670752912
Gujarat Region,1978,0.0,1.1,0.0,2.0,0.3,155.5,280.7,405.7,52.3,6.1,26.2,5.9,935.8,1.1,2.3,894.2,38.2,880.3446808510638,1.5738516345145364,Normal,1278.3,-280.5,1326.8999999999999,1092.0400000000002,41.97270797252731
Gujarat Region,1979,1.0,4.6,0.0,0.0,0.3,132.3,174.2,441.3,46.3,11.5,92.8,0.1,904.5,5.6,0.4,794.1,104.3,880.3446808510638,-9.796694718219646,Normal,894.2,-384.0999999999999,1243.7666666666664,1040.84,44.62692228231725
Gujarat Region,1980,0.1,0.0,0.0,0.0,0.1,261.3,268.7,249.1,24.0,0.8,0.4,17.6,822.0,0.1,0.1,803.1,18.7,880.3446808510638,-8.774367873318473,Normal,794.1,-100.10000000000002,988.8666666666667,1133.7999999999997,26.983897893301595
Gujarat Region,1981,1.3,0.0,0.7,0.1,0.3,111.3,414.3,377.0,137.9,40.8,30.5,0.0,1114.2,1.3,1.0,1040.6,71.4,880.3446808510638,18.20370164490697,Normal,803.1,9.0,830.4666666666666,1065.7,31.837743728535628
Gujarat Region,1982,0.4,0.1,0.1,2.6,45.8,39.6,274.4,266.3,25.8,6.5,96.6,0.0,758.3,0.5,48.5,606.2,103.1,880.3446808510638,-31.140607402323067,Deficient,1040.6,237.4999999999999,879.2666666666665,962.0599999999998,21.063661991691692
Gujarat Region,1983,0.1,0.0,0.0,8.0,1.3,129.3,408.8,405.9,180.8,79.8,0.0,0.0,1213.9,0.1,9.4,1124.7,79.8,880.3446808510638,27.75677805115019,Excess,606.2,-434.39999999999986,816.6333333333332,827.64,19.156175069810256
Gujarat Region,1984,0.0,0.0,0.0,0.0,0.0,85.2,250.5,421.4,89.2,5.7,1.7,0.0,853.6,0.0,0.0,846.3,7.3,880.3446808510638,-3.867199017792839,Normal,1124.7,518.5,923.8333333333334,873.7400000000001,23.852253182454493
Gujarat Region,1985,0.0,0.0,0.0,0.8,2.1,14.7,247.2,182.5,18.1,124.0,0.0,0.3,589.7,0.0,2.9,462.4,124.3,880.3446808510638,-47.47511854641074,Deficient,846.3,-278.4000000000001,859.0666666666666,884.18,23.150736185392333
Gujarat Region,1986,0.0,0.0,0.1,0.0,2.0,180.1,161.8,149.4,5.9,1.5,1.1,0.0,501.8,0.0,2.1,497.1,2.6,880.3446808510638,-43.53348059995842,Deficient,462.4,-383.9,811.1333333333332,816.04,34.42716839981046
Gujarat Region,1987,0.4,0.5,0.0,0.0,0.3,69.6,119.4,180.6,5.7,3.4,11.2,10.7,401.9,0.9,0.4,375.2,25.4,880.3446808510638,-57.380329754786565,Deficient,497.1,34.700000000000045,601.9333333333333,707.3399999999999,39.22511899577119
Gujarat Region,1988,0.0,0.0,0.0,2.5,0.0,74.7,573.1,245.5,190.4,11.2,0.0,0.0,1097.4,0.0,2.5,1083.7,11.2,880.3446808510638,23.099511313267055,Excess,375.2,-121.90000000000003,444.8999999999999,661.1400000000001,47.67140846725511
Gujarat Region,1989,1.3,0.0,0.0,0.0,0.1,112.5,351.2,298.3,58.0,1.5,0.0,0.0,822.8,1.3,0.1,819.9,1.5,880.3446808510638,-6.866024429502951,Normal,1083.7,708.5,652.0,652.9399999999999,45.98897916936641
Gujarat Region,1990,0.0,3.3,0.2,0.0,32.9,79.0,221.6,530.5,226.2,16.0,4.8,3.8,1118.4,3.3,33.2,1057.3,24.6,880.3446808510638,20.100685901556933,Excess,819.9,-263.80000000000007,759.5999999999999,647.66,45.73933092867476
Gujarat Region,1991,0.0,0.0,0.0,0.0,0.0,55.6,440.8,133.8,41.8,0.0,0.7,0.0,672.7,0.0,0.0,672.0,0.7,880.3446808510638,-23.666262247378924,Deficient,1057.3,237.39999999999998,986.9666666666666,766.6400000000001,41.950185197955456
Gujarat Region,1992,0.8,0.0,0.0,0.0,0.9,132.8,256.3,244.4,244.1,19.2,2.5,0.0,901.1,0.8,0.9,877.7,21.7,880.3446808510638,-0.3004142478042846,Normal,672.0,-385.29999999999995,849.7333333333332,801.6200000000001,36.578377331328696
Gujarat Region,1993,0.0,1.7,0.1,0.0,0.0,133.2,557.4,69.5,147.8,30.1,1.5,0.0,941.4,1.7,0.1,908.0,31.7,880.3446808510638,3.1414194633629995,Normal,877.7,205.70000000000005,869.0,902.1200000000001,18.98771870553387
Gujarat Region,1994,7.2,0.0,0.0,0.1,0.0,320.7,490.6,370.1,343.7,2.0,0.1,0.0,1534.5,7.2,0.2,1525.1,2.1,880.3446808510638,73.23896346208689,Large Excess,908.0,30.299999999999955,819.2333333333332,866.9800000000001,16.13286093041035
Gujarat Region,1995,2.2,0.0,0.2,0.0,0.0,8.5,451.0,127.4,71.0,22.9,0.3,0.7,684.3,2.2,0.3,657.9,23.9,880.3446808510638,-25.2679076377241,Deficient,1525.1,617.0999999999999,1103.6000000000001,1008.0200000000001,31.749160105458195
Gujarat Region,1996,1.0,0.0,0.0,0.0,0.0,123.9,374.6,228.5,151.3,23.3,0.1,0.0,902.8,1.0,0.0,878.3,23.4,880.3446808510638,-0.2322591248108833,Normal,657.9,-867.1999999999999,1030.3333333333333,928.14,38.014448155869424
Gujarat Region,1997,0.7,0.0,0.2,3.3,3.6,355.3,241.9,358.0,96.1,8.1,0.9,0.9,1068.9,0.7,7.1,1051.3,9.8,880.3446808510638,19.41913467162281,Excess,878.3,220.39999999999998,1020.4333333333334,969.4,33.67682771891816
Gujarat Region,1998,0.0,0.1,0.0,0.0,0.0,111.5,312.2,196.1,346.9,98.8,4.4,0.0,1070.0,0.1,0.0,966.7,103.2,880.3446808510638,9.80926232955178,Normal,1051.3,173.0,862.5,1004.1200000000001,32.21630774680267
Gujarat Region,1999,0.0,2.0,0.0,0.0,7.4,158.0,219.4,55.1,57.2,69.5,0.0,0.0,568.4,2.0,7.4,489.6,69.5,880.3446808510638,-44.38541963737608,Deficient,966.7,-84.59999999999991,965.4333333333333,1015.86,31.517940504601892
Gujarat Region,2000,0.0,0.1,0.0,0.0,36.1,62.9,301.1,133.0,13.5,0.2,0.0,3.6,550.6,0.1,36.1,510.6,3.9,880.3446808510638,-41.99999033260666,Deficient,489.6,-477.1,835.8666666666667,808.76,28.547811201099172
Gujarat Region,2001,6.1,0.0,0.0,0.2,2.1,216.9,320.0,256.8,17.8,28.9,0.2,0.0,849.0,6.1,2.3,811.5,29.0,880.3446808510638,-7.820196151410712,Normal,510.6,21.0,655.6333333333333,779.3,33.647670256232345
Gujarat Region,2002,4.1,0.0,0.1,0.0,0.0,234.2,45.8,238.5,113.7,0.6,0.1,0.1,637.2,4.1,0.1,632.2,0.8,880.3446808510638,-28.187218739275227,Deficient,811.5,300.9,603.9,765.9399999999999,33.628195634103676
Gujarat Region,2003,0.0,6.1,0.1,0.0,0.0,209.3,518.7,314.6,109.5,1.9,0.0,0.0,1160.3,6.1,0.1,1152.2,1.9,880.3446808510638,30.88055452168156,Excess,632.2,-179.29999999999995,651.4333333333333,682.1200000000001,29.927956044486265
Gujarat Region,2004,0.0,0.0,0.0,0.0,4.4,135.5,238.2,553.7,51.8,22.2,0.0,0.0,1005.8,0.0,4.4,979.1,22.3,880.3446808510638,11.217801538082286,Normal,1152.2,520.0,865.2999999999998,719.22,38.06531503861952
Gujarat Region,2005,0.0,0.0,0.0,0.0,0.3,367.3,378.7,229.4,339.2,1.4,0.0,0.0,1316.4,0.0,0.3,1314.7,1.4,880.3446808510638,49.33923366573055,Excess,979.1,-173.10000000000002,921.1666666666666,817.12,31.600484433517295
Gujarat Region,2006,0.0,0.0,0.8,0.0,0.2,123.5,576.0,624.8,140.6,9.2,2.9,0.0,1478.0,0.0,1.1,1464.9,12.1,880.3446808510638,66.4007327884146,Large Excess,1314.7,335.6,1148.6666666666667,977.9400000000002,27.58128182267984
Gujarat Region,2007,0.1,0.4,0.0,0.0,0.3,94.0,567.8,345.6,169.4,0.0,1.4,0.0,1178.9,0.5,0.3,1176.7,1.4,880.3446808510638,33.66355537724587,Excess,1464.9,150.20000000000005,1252.8999999999999,1108.6200000000001,29.056289620231862
Gujarat Region,2008,0.0,0.0,0.0,3.1,0.1,58.2,261.9,369.5,204.3,11.6,0.1,2.3,911.1,0.0,3.3,893.9,14.0,880.3446808510638,1.5397740730178229,Normal,1176.7,-288.20000000000005,1318.7666666666667,1217.52,15.000334062917126
Gujarat Region,2009,0.0,0.0,0.3,0.0,0.0,17.0,390.3,143.5,54.9,27.4,8.1,0.0,641.6,0.0,0.3,605.7,35.5,880.3446808510638,-31.19740333815091,Deficient,893.9,-282.80000000000007,1178.4999999999998,1165.8600000000001,20.140239960131154
Gujarat Region,2010,0.2,0.0,0.0,0.0,0.0,59.3,328.2,431.0,216.6,12.2,41.0,0.2,1088.7,0.2,0.0,1035.0,53.4,880.3446808510638,17.56758716363514,Normal,605.7,-288.19999999999993,892.0999999999999,1091.18,31.465763734411528
Gujarat Region,2011,0.0,0.2,0.0,0.0,0.0,16.3,259.2,451.7,162.5,0.4,0.0,0.0,890.5,0.2,0.0,889.8,0.4,880.3446808510638,1.0740473992295072,Normal,1035.0,429.29999999999995,844.8666666666664,1035.2400000000002,30.891846316639516
Gujarat Region,2012,0.1,0.0,0.0,0.0,0.0,34.4,178.2,230.3,263.8,7.1,0.0,0.0,714.0,0.1,0.0,706.7,7.1,880.3446808510638,-19.72462430092661,Normal,889.8,-145.20000000000005,843.4999999999999,920.22,23.020110447461335
Gujarat Region,2013,0.0,0.9,0.1,4.6,0.0,155.7,405.4,211.1,287.3,53.2,0.1,0.0,1118.6,0.9,4.7,1059.6,53.3,880.3446808510638,20.36194720636501,Excess,706.7,-183.0999999999999,877.1666666666666,826.22,20.5334234345094
Gujarat Region,2014,5.7,0.1,0.2,1.0,1.3,11.6,307.5,138.6,235.1,3.3,1.3,0.0,705.7,5.8,2.5,692.8,4.6,880.3446808510638,-21.30355131694066,Deficient,1059.6,352.89999999999986,885.3666666666664,859.36,23.238236322549717
Gujarat Region,2015,1.8,0.0,6.1,5.5,0.9,120.7,354.7,37.4,93.4,2.2,0.3,0.0,622.9,1.8,12.5,606.1,2.6,880.3446808510638,-31.15196658948864,Deficient,692.8,-366.79999999999995,819.6999999999998,876.78,19.869752054748062
Gujarat Region,2016,0.0,0.0,0.6,0.0,0.4,31.8,255.8,303.9,105.3,66.9,0.0,0.0,764.9,0.0,1.0,696.9,66.9,880.3446808510638,-20.837824643152345,Deficient,606.1,-86.69999999999993,786.1666666666665,791.0,23.03914490438267
Gujarat Region,2017,0.0,0.0,0.0,0.0,0.2,137.7,613.1,179.7,67.2,15.5,0.0,11.0,1024.4,0.0,0.2,997.7,26.6,880.3446808510638,13.33061035087805,Normal,696.9,90.79999999999995,665.2666666666665,752.4199999999998,23.4470451042532
Haryana Delhi & Chandigarh,1901,35.4,28.9,11.1,0.0,5.1,13.2,126.4,151.5,10.5,2.0,0.0,6.1,390.1,64.3,16.2,301.6,8.1,427.2191489361702,-29.40391348303974,Deficient,,,,,
Haryana Delhi & Chandigarh,1902,0.0,0.7,2.9,10.2,15.8,74.6,149.3,97.1,59.8,9.3,0.0,0.0,419.8,0.7,28.9,380.9,9.3,427.2191489361702,-10.842011424701065,Normal,301.6,,,,
Haryana Delhi & Chandigarh,1903,14.7,0.5,2.3,0.5,8.5,8.6,151.6,138.2,97.7,4.0,0.0,2.3,428.9,15.2,11.3,396.1,6.2,427.2191489361702,-7.28411847026539,Normal,380.9,79.29999999999995,,,
Haryana Delhi & Chandigarh,1904,7.6,0.7,48.0,0.5,29.3,34.3,109.7,162.9,102.3,1.5,10.4,20.3,527.8,8.3,77.8,409.3,32.3,427.2191489361702,-4.194369325623896,Normal,396.1,15.200000000000045,359.5333333333333,,
Haryana Delhi & Chandigarh,1905,44.8,20.8,14.0,1.3,7.4,20.1,93.6,23.1,92.6,0.0,0.0,5.1,322.9,65.7,22.7,229.4,5.1,427.2191489361702,-46.30390501660914,Deficient,409.3,13.199999999999989,395.43333333333334,,
Haryana Delhi & Chandigarh,1906,3.6,64.1,31.4,0.1,1.4,70.2,128.9,103.8,185.2,0.0,0.0,5.0,593.6,67.7,32.9,488.0,5.0,427.2191489361702,14.22708958977654,Normal,229.4,-179.9,344.93333333333334,343.46,22.206905088677335
Haryana Delhi & Chandigarh,1907,14.3,42.8,25.9,33.5,7.8,20.0,123.2,175.3,1.0,0.1,0.0,0.0,443.9,57.1,67.2,319.5,0.1,427.2191489361702,-25.21402638538196,Deficient,488.0,258.6,375.56666666666666,380.73999999999995,24.7292914333298
Haryana Delhi & Chandigarh,1908,31.4,6.1,0.1,7.6,22.4,14.5,196.6,398.2,10.1,0.3,1.1,0.6,689.0,37.5,30.1,619.5,2.0,427.2191489361702,45.00754508374296,Excess,319.5,-168.5,345.6333333333334,368.46000000000004,26.611188015807457
Haryana Delhi & Chandigarh,1909,5.9,13.1,0.0,78.1,2.8,123.7,228.7,118.9,162.4,3.1,0.0,32.7,769.3,19.0,80.9,633.7,35.8,427.2191489361702,48.33136613328156,Excess,619.5,300.0,475.6666666666667,413.14000000000004,36.4546661769294
Haryana Delhi & Chandigarh,1910,19.7,5.1,0.1,2.1,3.1,69.0,107.9,150.4,159.7,87.3,0.0,0.8,605.2,24.8,5.3,487.0,88.1,427.2191489361702,13.993017684879456,Normal,633.7,14.200000000000045,524.2333333333333,458.02,39.25301143981407
Haryana Delhi & Chandigarh,1911,66.5,1.3,53.3,0.7,0.1,53.1,26.3,49.3,208.7,10.7,39.7,0.0,509.7,67.8,54.1,337.4,50.4,427.2191489361702,-21.02413928772418,Deficient,487.0,-146.70000000000005,580.0666666666667,509.53999999999996,24.93952943949602
Haryana Delhi & Chandigarh,1912,43.4,12.5,9.0,9.2,2.8,26.5,161.1,134.2,119.5,0.0,10.5,0.5,529.3,55.9,21.0,441.4,11.0,427.2191489361702,3.319338821572463,Normal,337.4,-149.60000000000002,486.0333333333333,479.41999999999996,31.1530248121619
Haryana Delhi & Chandigarh,1913,1.1,42.9,22.4,1.9,69.7,111.8,142.9,82.3,22.6,0.7,0.9,9.3,508.4,43.9,94.0,359.6,10.9,427.2191489361702,-15.827742999008922,Normal,441.4,104.0,421.93333333333334,503.8,24.736978402447836
Haryana Delhi & Chandigarh,1914,2.3,7.0,4.7,22.7,21.0,51.1,252.0,100.0,182.9,18.7,2.0,0.3,664.7,9.3,48.4,586.0,21.0,427.2191489361702,37.16613626969068,Excess,359.6,-81.79999999999995,379.4666666666667,451.82,26.193152096461464
Haryana Delhi & Chandigarh,1915,30.7,49.1,40.9,7.1,8.0,39.9,66.9,69.9,101.7,6.4,0.0,1.8,422.4,79.9,55.9,278.4,8.2,427.2191489361702,-34.83438167665208,Deficient,586.0,226.39999999999998,462.3333333333333,442.28000000000003,22.74870698874337
Haryana Delhi & Chandigarh,1916,0.5,15.7,0.2,2.3,12.5,71.2,139.7,217.7,107.8,61.6,0.0,0.0,629.1,16.2,14.9,536.4,61.6,427.2191489361702,25.55616978679536,Excess,278.4,-307.6,408.0,400.56000000000006,29.708899133789775
Haryana Delhi & Chandigarh,1917,6.1,7.4,3.2,34.5,25.8,64.6,164.3,210.9,361.5,101.0,0.0,7.5,986.7,13.5,63.5,801.2,108.5,427.2191489361702,87.53841020354297,Large Excess,536.4,258.0,466.93333333333334,440.36,28.54189834563079
Haryana Delhi & Chandigarh,1918,10.0,0.0,11.1,9.9,1.1,34.3,20.0,142.1,5.0,0.3,0.8,0.0,234.7,10.1,22.2,201.4,1.1,427.2191489361702,-52.85791835372747,Deficient,801.2,264.80000000000007,538.6666666666666,512.3199999999999,39.94284198216585
Haryana Delhi & Chandigarh,1919,61.0,2.7,8.4,2.3,14.8,7.0,208.7,172.1,50.6,0.0,3.4,22.8,553.7,63.8,25.4,438.3,26.2,427.2191489361702,2.5937159163915138,Normal,201.4,-599.8000000000001,513.0,480.68,50.515764233910765
Haryana Delhi & Chandigarh,1920,11.2,12.9,13.2,0.2,21.6,73.0,194.8,30.8,9.6,1.4,0.0,0.1,368.8,24.1,35.1,308.1,1.5,427.2191489361702,-27.882446101208703,Deficient,438.3,236.9,480.3,451.14,52.241584648071836
Haryana Delhi & Chandigarh,1921,21.3,1.2,0.5,1.4,0.0,13.7,100.2,189.5,86.1,29.5,0.0,3.0,446.5,22.5,2.0,389.5,32.5,427.2191489361702,-8.828993042586143,Normal,308.1,-130.2,315.93333333333334,457.08000000000004,50.441766575700775
Haryana Delhi & Chandigarh,1922,14.3,4.5,0.6,0.6,1.4,86.7,139.6,99.7,176.5,1.7,0.0,27.1,552.9,18.8,2.7,502.6,28.7,427.2191489361702,17.644539401273956,Normal,389.5,81.39999999999998,378.6333333333334,427.7,53.13553853589737
Haryana Delhi & Chandigarh,1923,17.0,52.7,0.8,0.1,19.7,24.8,183.7,221.3,17.6,9.1,0.3,34.4,581.5,69.7,20.6,447.4,43.8,427.2191489361702,4.723770250954962,Normal,502.6,113.10000000000002,400.06666666666666,367.98,31.826856805299926
Haryana Delhi & Chandigarh,1924,48.5,18.9,2.0,1.3,5.5,18.5,98.3,151.3,247.5,45.5,2.5,15.0,654.8,67.4,8.8,515.6,63.0,427.2191489361702,20.68747416493604,Excess,447.4,-55.200000000000045,446.5,417.18,17.50029214487849
Haryana Delhi & Chandigarh,1925,4.8,0.1,0.1,3.1,11.2,153.8,247.0,108.6,10.2,5.7,12.2,0.3,557.2,5.0,14.4,519.6,18.2,427.2191489361702,21.62376178452437,Excess,515.6,68.20000000000005,488.5333333333333,432.64,19.804547913187097
Haryana Delhi & Chandigarh,1926,9.4,9.3,39.2,10.3,33.4,18.4,190.0,257.4,45.5,0.6,2.4,0.1,615.9,18.7,82.8,511.3,3.0,427.2191489361702,19.680964973878577,Excess,519.6,4.0,494.2,474.94000000000005,11.756732371608148
Haryana Delhi & Chandigarh,1927,0.2,34.1,14.8,7.4,13.9,12.2,160.9,163.9,42.7,18.1,1.7,32.5,502.5,34.3,36.1,379.7,52.4,427.2191489361702,-11.12289771057756,Normal,511.3,-8.300000000000011,515.5,499.3,5.946574103884114
Haryana Delhi & Chandigarh,1928,21.5,28.3,3.4,5.9,3.7,36.5,131.0,77.6,35.6,7.6,20.3,16.8,388.2,49.8,13.0,280.7,44.6,427.2191489361702,-34.29601629538878,Deficient,379.7,-131.60000000000002,470.2,474.71999999999997,12.81279238251024
Haryana Delhi & Chandigarh,1929,15.2,0.1,0.0,9.5,3.7,18.7,135.2,82.8,11.4,3.8,0.0,26.2,306.6,15.4,13.2,248.1,30.0,427.2191489361702,-41.92676039503369,Deficient,280.7,-99.0,390.56666666666666,441.38,24.332570910779697
Haryana Delhi & Chandigarh,1930,28.4,11.4,4.0,1.8,3.4,68.6,266.5,78.4,32.3,2.8,0.9,2.1,500.5,39.8,9.2,445.9,5.7,427.2191489361702,4.372662393609337,Normal,248.1,-32.599999999999994,302.8333333333333,387.88,32.52812507557054
Haryana Delhi & Chandigarh,1931,0.4,17.0,14.2,0.3,7.8,11.1,198.7,122.5,109.5,37.4,0.0,0.1,519.2,17.5,22.4,441.9,37.5,427.2191489361702,3.4363747740210044,Normal,445.9,197.79999999999998,324.9,373.14,29.542035940350964
Haryana Delhi & Chandigarh,1932,3.0,2.0,26.2,4.8,6.1,14.3,136.8,113.4,117.5,0.0,0.0,15.8,440.1,5.1,37.1,382.1,15.8,427.2191489361702,-10.561125138824552,Normal,441.9,-4.0,378.6333333333334,359.25999999999993,25.390135101754446
Haryana Delhi & Chandigarh,1933,1.1,19.5,10.8,6.7,43.2,105.1,131.4,227.3,293.1,17.0,0.4,1.3,856.9,20.6,60.7,756.8,18.7,427.2191489361702,77.14561762611247,Large Excess,382.1,-59.799999999999955,423.3,359.74,25.39535630590637
Haryana Delhi & Chandigarh,1934,21.6,1.0,47.6,0.7,2.0,64.6,140.8,199.1,18.3,0.0,0.0,5.6,501.4,22.6,50.4,422.8,5.6,427.2191489361702,-1.0343986095132742,Normal,756.8,374.69999999999993,526.9333333333333,454.96000000000004,41.04130000316849
Haryana Delhi & Chandigarh,1935,35.1,25.1,7.1,29.2,0.7,5.3,208.9,132.3,97.0,7.5,6.0,14.2,568.3,60.2,37.0,443.5,27.7,427.2191489361702,3.8108898218563434,Normal,422.8,-333.99999999999994,520.5666666666667,489.9,30.889266755415356
Haryana Delhi & Chandigarh,1936,1.6,18.2,6.8,0.7,3.3,141.3,124.4,125.7,61.3,0.1,1.2,26.5,511.1,19.8,10.8,452.7,27.7,427.2191489361702,5.964351346909504,Normal,443.5,20.69999999999999,541.0333333333333,489.41999999999996,30.955963486469617
Haryana Delhi & Chandigarh,1937,0.8,75.8,5.3,20.3,5.2,43.7,171.6,39.3,109.8,0.4,0.3,9.1,481.7,76.7,30.8,364.4,9.8,427.2191489361702,-14.704197855502937,Normal,452.7,9.199999999999989,439.6666666666667,491.5799999999999,30.662930384693432
Haryana Delhi & Chandigarh,1938,38.2,7.7,0.4,1.1,7.4,61.7,89.7,56.9,8.1,7.6,0.1,0.0,278.8,45.9,8.9,216.3,7.7,427.2191489361702,-49.37024697076093,Deficient,364.4,-88.30000000000001,420.2,488.03999999999996,31.5786931132126
Haryana Delhi & Chandigarh,1939,1.9,38.5,20.2,0.5,0.3,88.8,62.7,32.9,63.3,1.2,0.0,0.0,310.2,40.5,20.9,247.6,1.2,427.2191489361702,-42.04379634748223,Deficient,216.3,-148.09999999999997,344.4666666666667,379.94,25.71770188448166
Haryana Delhi & Chandigarh,1940,28.2,35.6,11.9,6.7,1.7,38.7,117.4,142.3,12.6,0.2,0.0,0.4,395.7,63.8,20.3,311.1,0.5,427.2191489361702,-27.18023038651745,Deficient,247.6,31.299999999999983,276.09999999999997,344.9,31.671219987097
Haryana Delhi & Chandigarh,1941,59.2,5.1,2.2,0.0,16.2,96.3,41.0,90.1,46.4,3.9,0.0,3.5,363.9,64.3,18.4,273.8,7.4,427.2191489361702,-35.91111243917865,Deficient,311.1,63.50000000000003,258.3333333333333,318.41999999999996,29.645292773756974
Haryana Delhi & Chandigarh,1942,24.9,48.6,2.2,11.7,7.3,48.2,257.5,237.6,154.2,0.3,0.0,11.9,804.5,73.6,21.2,697.6,12.2,427.2191489361702,63.28856085620516,Large Excess,273.8,-37.30000000000001,277.5,282.64,20.32590363114415
Haryana Delhi & Chandigarh,1943,19.6,2.1,2.4,14.7,8.5,28.8,129.6,112.4,89.7,0.0,0.0,0.1,407.9,21.7,25.6,360.4,0.1,427.2191489361702,-15.640485475091264,Normal,697.6,423.8,427.5,349.28000000000003,56.6316713219992
Haryana Delhi & Chandigarh,1944,21.5,32.9,35.1,27.6,0.5,52.2,150.7,99.0,38.8,24.8,0.6,0.6,484.2,54.4,63.1,340.7,26.0,427.2191489361702,-20.2517020015638,Deficient,360.4,-337.20000000000005,443.9333333333334,378.1,48.55055800118618
Haryana Delhi & Chandigarh,1945,41.5,0.0,2.4,6.5,7.9,36.5,120.0,122.3,312.5,5.1,0.0,0.0,654.6,41.5,16.8,591.2,5.1,427.2191489361702,38.38331017515552,Excess,340.7,-19.69999999999999,466.23333333333335,396.71999999999997,43.188541536509014
Haryana Delhi & Chandigarh,1946,0.1,9.7,1.7,3.4,27.0,72.0,122.9,155.4,17.3,15.6,1.0,11.6,437.8,9.8,32.1,367.6,28.3,427.2191489361702,-13.955167759832255,Normal,591.2,250.50000000000006,430.76666666666665,452.73999999999995,40.15880701527358
Haryana Delhi & Chandigarh,1947,17.2,15.8,7.2,0.6,3.0,13.7,22.9,80.6,292.9,4.5,0.0,6.2,464.5,33.0,10.8,410.0,10.7,427.2191489361702,-4.03051899219594,Normal,367.6,-223.60000000000002,433.1666666666667,471.5,34.476115172755975
Haryana Delhi & Chandigarh,1948,34.4,31.4,18.8,1.1,4.8,16.0,212.4,233.0,34.6,4.3,0.9,0.3,592.1,65.9,24.7,496.1,5.4,427.2191489361702,16.12307201944292,Normal,410.0,42.39999999999998,456.26666666666665,413.98,24.697606493039142
Haryana Delhi & Chandigarh,1949,3.4,27.9,0.7,1.2,5.9,12.1,287.9,58.3,84.7,1.2,0.0,2.0,485.3,31.3,7.8,442.9,3.2,427.2191489361702,3.670446678918088,Normal,496.1,86.10000000000002,424.5666666666666,441.12,23.230674892547203
Haryana Delhi & Chandigarh,1950,22.2,6.5,18.1,0.5,6.1,9.7,220.4,147.6,118.7,0.0,0.0,1.4,551.1,28.7,24.7,496.4,1.4,427.2191489361702,16.19329359091203,Normal,442.9,-53.200000000000045,449.6666666666667,461.56000000000006,18.71122959954739
Haryana Delhi & Chandigarh,1951,8.2,0.4,33.6,11.6,9.1,21.3,56.0,135.4,35.0,0.2,27.4,0.0,338.2,8.7,54.2,247.7,27.7,427.2191489361702,-42.02038915699253,Deficient,496.4,53.5,478.46666666666664,442.6,12.602247909395938
Haryana Delhi & Chandigarh,1952,8.2,17.8,12.0,2.6,10.8,67.1,122.5,311.0,1.3,0.0,0.0,3.2,556.3,26.0,25.3,501.9,3.2,427.2191489361702,17.48068906784599,Normal,247.7,-248.7,395.6666666666666,418.62,24.457624017891895
Haryana Delhi & Chandigarh,1953,39.5,1.6,0.0,4.1,5.9,58.9,241.0,154.9,48.4,0.9,0.0,6.6,561.9,41.1,10.0,503.3,7.5,427.2191489361702,17.808389734701912,Normal,501.9,254.2,415.33333333333326,437.0,24.83192879694508
Haryana Delhi & Chandigarh,1954,26.1,91.0,10.1,0.4,3.9,26.7,152.3,45.6,136.6,43.9,0.3,0.0,537.0,117.1,14.5,361.2,44.2,427.2191489361702,-15.453227951173597,Normal,503.3,1.400000000000034,417.63333333333327,438.43999999999994,24.983759871351552
Haryana Delhi & Chandigarh,1955,32.8,1.9,7.7,7.3,12.7,66.1,100.3,173.1,159.3,129.4,2.8,0.6,694.1,34.7,27.7,498.8,132.8,427.2191489361702,16.755066162665038,Normal,361.2,-142.10000000000002,455.46666666666664,422.1,27.168950991364017
Haryana Delhi & Chandigarh,1956,16.6,3.1,25.6,0.8,2.4,50.8,239.1,159.5,19.5,131.3,4.4,0.6,653.8,19.7,28.9,468.9,136.3,427.2191489361702,9.756316206242248,Normal,498.8,137.60000000000002,454.43333333333334,422.58000000000004,27.231109970605615
Haryana Delhi & Chandigarh,1957,53.2,0.2,28.9,2.8,6.9,24.4,190.6,101.6,149.6,26.6,7.7,24.7,617.2,53.4,38.7,466.2,58.9,427.2191489361702,9.124322063020124,Normal,468.9,-29.900000000000034,442.96666666666664,466.82,13.00554701928555
Haryana Delhi & Chandigarh,1958,4.1,0.7,5.4,1.9,4.4,17.0,150.0,182.7,273.4,21.8,1.0,10.6,673.0,4.8,11.7,623.1,33.4,427.2191489361702,45.85020394137247,Excess,466.2,-2.6999999999999886,477.96666666666664,459.68,12.524727170019531
Haryana Delhi & Chandigarh,1959,28.4,8.0,3.8,0.4,13.2,25.3,103.8,163.8,102.8,16.1,19.3,0.1,484.9,36.4,17.4,395.7,35.4,427.2191489361702,-7.377747232224231,Normal,623.1,156.90000000000003,519.4,483.64,19.394076302197437
Haryana Delhi & Chandigarh,1960,11.3,0.0,24.4,4.2,1.3,33.1,249.9,339.0,15.6,35.2,0.0,8.9,722.9,11.3,30.0,637.5,44.1,427.2191489361702,49.220839371890456,Excess,395.7,-227.40000000000003,494.99999999999994,490.53999999999996,16.962974203292468
Haryana Delhi & Chandigarh,1961,40.2,29.9,0.4,4.6,11.0,46.2,150.1,251.4,52.4,25.8,6.6,9.2,627.9,70.2,16.0,500.1,41.6,427.2191489361702,17.05935963903125,Normal,637.5,241.8,552.1,518.28,20.550596852498167
Haryana Delhi & Chandigarh,1962,21.1,10.4,7.7,1.3,1.5,14.0,144.7,111.5,189.4,0.0,2.9,6.5,511.0,31.5,10.5,459.6,9.4,427.2191489361702,7.579447490699385,Normal,500.1,-137.39999999999998,511.0999999999999,524.5200000000001,19.784214881729206
Haryana Delhi & Chandigarh,1963,3.1,4.1,4.4,2.0,3.9,40.7,55.3,307.6,85.3,0.0,9.0,6.3,521.8,7.2,10.4,488.9,15.4,427.2191489361702,14.437754304183908,Normal,459.6,-40.5,532.4,523.2,20.018531389229434
Haryana Delhi & Chandigarh,1964,4.7,1.5,0.9,0.4,14.6,8.8,370.7,191.5,111.2,0.6,0.1,6.0,710.9,6.2,15.9,682.1,6.7,427.2191489361702,59.66044633030037,Large Excess,488.9,29.299999999999955,482.8666666666666,496.36,17.870977810646032
Haryana Delhi & Chandigarh,1965,6.2,11.5,7.3,8.6,20.4,2.1,120.3,133.3,60.9,11.0,0.1,0.2,381.9,17.7,36.3,316.7,11.3,427.2191489361702,-25.8694277190938,Deficient,682.1,193.20000000000005,543.5333333333333,553.6400000000001,17.934440312472354
Haryana Delhi & Chandigarh,1966,3.3,34.0,6.7,1.7,45.3,128.9,98.2,312.8,69.1,6.7,1.0,0.2,707.7,37.3,53.7,609.0,7.8,427.2191489361702,42.54979008232359,Excess,316.7,-365.40000000000003,495.8999999999999,489.4799999999999,26.629682059284836
Haryana Delhi & Chandigarh,1967,0.0,2.4,43.4,0.9,13.0,33.1,224.3,336.0,96.3,7.8,13.8,68.9,839.9,2.4,57.3,689.7,90.5,427.2191489361702,61.4393928075182,Large Excess,609.0,292.3,535.9333333333333,511.26000000000005,27.620114627429786
Haryana Delhi & Chandigarh,1968,14.1,15.9,17.3,0.0,2.3,28.3,211.2,90.1,0.1,7.0,0.0,2.0,388.3,30.0,19.6,329.6,9.1,427.2191489361702,-22.849900145921413,Deficient,689.7,80.70000000000005,538.4666666666666,557.28,28.136613441627844
Haryana Delhi & Chandigarh,1969,1.5,6.8,9.7,3.6,21.0,11.3,130.9,132.7,158.8,0.3,0.6,0.0,477.2,8.3,34.3,433.7,1.0,427.2191489361702,1.516985153864926,Normal,329.6,-360.1,542.7666666666665,525.42,35.661198216768476
Haryana Delhi & Chandigarh,1970,35.4,35.4,9.4,0.0,11.5,67.2,65.7,207.9,104.9,0.8,0.0,0.0,538.2,70.8,20.9,445.7,0.8,427.2191489361702,4.325848012629923,Normal,433.7,104.09999999999997,484.33333333333326,475.74000000000007,35.16594250312208
Haryana Delhi & Chandigarh,1971,17.0,18.9,1.1,7.5,58.7,61.3,148.4,259.2,51.6,11.3,1.8,0.0,636.8,35.9,67.4,520.5,13.1,427.2191489361702,21.834426498931737,Excess,445.7,12.0,402.99999999999983,501.5400000000001,28.934247587662593
Haryana Delhi & Chandigarh,1972,6.8,12.1,5.6,11.6,0.1,24.9,137.1,186.0,12.6,7.7,33.1,3.2,440.8,18.9,17.4,360.6,44.0,427.2191489361702,-15.59367109411184,Normal,520.5,74.80000000000001,466.6333333333332,483.84,27.628887548505677
Haryana Delhi & Chandigarh,1973,15.8,5.2,3.2,0.5,32.9,75.1,118.3,189.8,57.6,19.7,0.0,9.0,527.2,21.0,36.7,440.8,28.6,427.2191489361702,3.178895678634221,Normal,360.6,-159.89999999999998,442.2666666666666,418.02,17.993223064881324
Haryana Delhi & Chandigarh,1974,0.5,1.3,1.6,0.9,4.6,37.9,201.5,94.5,12.2,16.4,0.0,13.5,384.9,1.8,7.0,346.1,29.9,427.2191489361702,-18.987713715119543,Normal,440.8,80.19999999999999,440.6333333333332,440.26000000000005,12.87751756276127
Haryana Delhi & Chandigarh,1975,20.3,2.9,9.3,0.3,5.6,57.9,182.6,180.1,142.4,20.6,0.0,0.0,622.1,23.2,15.3,563.0,20.6,427.2191489361702,31.78248245705777,Excess,346.1,-94.69999999999999,382.49999999999994,422.74000000000007,16.78745023005088
Haryana Delhi & Chandigarh,1976,8.8,23.1,6.8,2.7,32.4,80.2,216.2,317.4,38.0,0.2,0.1,0.8,726.7,31.8,41.9,651.8,1.1,427.2191489361702,52.568067611918735,Excess,563.0,216.89999999999998,449.9666666666665,446.2,21.420041713008846
Haryana Delhi & Chandigarh,1977,50.1,1.5,0.8,22.8,23.6,50.6,288.4,165.7,118.3,8.4,0.5,9.4,740.1,51.6,47.2,623.1,18.3,427.2191489361702,45.85020394137247,Excess,651.8,88.79999999999995,520.2999999999998,472.46000000000004,27.96815960579015
Haryana Delhi & Chandigarh,1978,0.2,24.8,51.7,4.2,1.5,71.5,202.7,184.8,104.5,2.1,2.8,0.5,651.1,25.0,57.4,563.4,5.3,427.2191489361702,31.8761112190166,Excess,623.1,-28.699999999999932,612.6333333333332,524.96,24.513550692615944
Haryana Delhi & Chandigarh,1979,23.2,45.5,10.7,3.5,30.0,33.6,122.7,39.7,19.9,3.6,2.8,6.3,341.5,68.7,44.1,215.9,12.7,427.2191489361702,-49.46387573271976,Deficient,563.4,-59.700000000000045,612.7666666666665,549.4799999999999,21.844377161701594
Haryana Delhi & Chandigarh,1980,5.8,2.3,22.0,0.4,8.9,45.5,236.5,102.0,50.2,13.4,4.9,21.4,513.2,8.0,31.2,434.3,39.7,427.2191489361702,1.657428296803181,Normal,215.9,-347.5,467.4666666666665,523.4399999999999,33.65722445578919
Haryana Delhi & Chandigarh,1981,25.7,13.3,34.6,0.5,18.0,63.3,196.7,63.7,34.7,0.1,42.1,0.6,493.4,39.0,53.2,358.4,42.9,427.2191489361702,-16.10862928488543,Normal,434.3,218.4,404.53333333333325,497.7,35.83263915609205
Haryana Delhi & Chandigarh,1982,21.4,20.0,70.7,33.1,57.3,29.9,99.2,150.4,5.4,3.2,2.4,13.6,506.6,41.4,161.1,284.9,19.2,427.2191489361702,-33.31291429482104,Deficient,358.4,-75.90000000000003,336.1999999999999,439.02,37.020431005978935
Haryana Delhi & Chandigarh,1983,38.0,5.3,6.4,82.5,35.3,29.5,218.3,240.7,79.8,5.4,0.0,3.3,744.5,43.2,124.3,568.2,8.7,427.2191489361702,32.999656362522614,Excess,284.9,-73.5,359.1999999999999,371.38,36.289000326232106
Haryana Delhi & Chandigarh,1984,1.9,14.5,0.4,2.7,0.7,48.6,154.2,179.5,75.5,0.9,0.0,0.3,479.2,16.4,3.8,457.8,1.1,427.2191489361702,7.1581180618846325,Normal,568.2,283.30000000000007,403.8333333333332,372.34000000000003,36.65628661945368
Haryana Delhi & Chandigarh,1985,3.5,0.3,1.1,8.1,3.1,44.2,256.9,152.4,35.9,42.6,0.0,24.3,572.4,3.8,12.3,489.4,66.9,427.2191489361702,14.55479025663245,Normal,457.8,-110.40000000000003,436.9666666666665,420.71999999999997,25.389390289020557
Haryana Delhi & Chandigarh,1986,7.2,31.0,12.7,3.3,36.0,85.1,92.5,108.9,52.9,11.2,0.7,9.5,450.9,38.2,52.1,339.3,21.4,427.2191489361702,-20.57940266841971,Deficient,489.4,31.599999999999966,505.1333333333332,431.73999999999995,25.78333507516208
Haryana Delhi & Chandigarh,1987,21.3,27.8,12.4,6.4,62.5,27.7,26.4,106.6,18.0,3.2,0.0,6.3,318.6,49.1,81.3,178.7,9.5,427.2191489361702,-58.17135059489126,Deficient,339.3,-150.09999999999997,428.8333333333332,427.91999999999996,26.812974385611355
Haryana Delhi & Chandigarh,1988,1.5,13.2,34.5,3.6,3.4,82.4,288.5,222.5,183.4,0.0,0.1,12.0,845.0,14.7,41.5,776.7,12.1,427.2191489361702,81.80364853356443,Large Excess,178.7,-160.60000000000002,335.7999999999999,406.68,37.30366601965296
Haryana Delhi & Chandigarh,1989,40.1,0.4,11.7,0.6,2.3,31.6,90.8,152.5,68.7,0.2,5.2,12.4,416.5,40.5,14.6,343.6,17.8,427.2191489361702,-19.572893477362253,Normal,776.7,598.0,431.56666666666655,448.38,49.140377255514075
Haryana Delhi & Chandigarh,1990,0.0,79.5,4.9,2.2,21.9,25.3,201.2,137.7,194.5,2.7,14.1,19.2,703.1,79.5,28.9,558.7,36.0,427.2191489361702,30.77597326600032,Excess,343.6,-433.1,432.99999999999983,425.5400000000001,52.8704614653539
Haryana Delhi & Chandigarh,1991,0.1,19.7,2.9,13.2,6.0,50.4,55.3,187.9,36.9,1.4,3.8,16.2,393.9,19.7,22.2,330.5,21.4,427.2191489361702,-22.63923543151404,Deficient,558.7,215.10000000000002,559.6666666666665,439.4,52.78331889019861
Haryana Delhi & Chandigarh,1992,20.3,16.4,0.5,1.2,7.8,17.2,124.5,171.6,59.0,3.8,7.2,0.0,429.7,36.7,9.6,372.3,11.1,427.2191489361702,-12.855029806815969,Normal,330.5,-228.20000000000005,410.9333333333332,437.64000000000004,53.21970790600715
Haryana Delhi & Chandigarh,1993,4.5,16.1,11.3,5.4,8.8,42.0,274.6,35.6,125.4,0.0,0.0,0.0,523.8,20.7,25.5,477.6,0.0,427.2191489361702,11.792741778846882,Normal,372.3,41.80000000000001,420.49999999999983,476.36,40.203954048195705
Haryana Delhi & Chandigarh,1994,20.1,11.3,0.6,7.6,8.5,51.3,275.8,160.6,28.2,0.0,0.1,0.2,564.4,31.4,16.7,515.9,0.3,427.2191489361702,20.75769573640515,Excess,477.6,105.30000000000001,393.4666666666665,416.5400000000001,23.58895479158321
Haryana Delhi & Chandigarh,1995,38.8,21.7,9.8,4.9,0.6,47.2,115.0,405.3,175.3,0.2,0.1,0.3,819.1,60.5,15.3,742.7,0.7,427.2191489361702,73.84520376706361,Large Excess,515.9,38.299999999999955,455.2666666666665,451.0,21.39224240841519
Haryana Delhi & Chandigarh,1996,16.0,30.5,11.6,0.6,5.1,109.4,85.8,249.2,116.3,19.9,0.0,0.3,644.6,46.5,17.3,560.7,20.2,427.2191489361702,31.24411707579449,Excess,742.7,226.80000000000007,578.7333333333332,487.8,33.047831064587946
Haryana Delhi & Chandigarh,1997,6.6,2.2,14.6,35.3,38.0,60.2,133.6,226.8,36.9,53.7,13.4,47.3,668.6,8.8,87.9,457.5,114.4,427.2191489361702,7.087896490415506,Normal,560.7,-182.0,606.4333333333332,533.8399999999999,25.46545047965131
Haryana Delhi & Chandigarh,1998,0.4,24.6,25.4,9.1,6.1,68.4,154.8,161.6,150.9,78.2,5.8,0.0,685.3,25.0,40.6,535.6,84.0,427.2191489361702,25.368912262877696,Excess,457.5,-103.20000000000005,586.9666666666666,550.8800000000001,20.7380500189282
Haryana Delhi & Chandigarh,1999,31.7,0.7,1.4,0.0,20.1,42.2,109.8,78.7,54.7,4.8,0.0,0.4,344.4,32.4,21.5,285.4,5.1,427.2191489361702,-33.195878342372495,Deficient,535.6,78.10000000000002,517.9333333333333,562.48,19.146994200814454
Haryana Delhi & Chandigarh,2000,17.1,29.1,1.4,1.3,22.8,58.9,146.8,87.9,17.5,0.0,0.4,1.2,384.4,46.2,25.6,311.1,1.6,427.2191489361702,-27.18023038651745,Deficient,285.4,-250.20000000000005,426.1666666666665,516.3799999999999,32.16859327888538
Haryana Delhi & Chandigarh,2001,17.8,5.2,7.2,19.8,47.8,117.2,145.2,103.5,10.3,11.1,0.1,0.2,485.5,23.0,74.8,376.3,11.4,427.2191489361702,-11.918742187227636,Normal,311.1,25.700000000000045,377.3666666666665,430.06000000000006,29.420807230236374
Haryana Delhi & Chandigarh,2002,11.6,31.1,9.0,1.1,52.0,21.2,19.4,78.2,123.0,1.9,0.0,8.8,357.2,42.7,62.1,241.8,10.7,427.2191489361702,-43.40141339588531,Deficient,376.3,65.19999999999999,324.2666666666665,393.18,26.38828102048799
Haryana Delhi & Chandigarh,2003,14.7,29.9,4.0,1.8,7.5,26.6,277.6,165.3,58.9,0.0,0.1,11.0,597.6,44.6,13.3,528.5,11.2,427.2191489361702,23.707001738108406,Excess,241.8,-134.5,309.7333333333332,350.04,32.73911926894205
Haryana Delhi & Chandigarh,2004,25.4,0.3,0.0,18.1,40.7,52.5,19.9,252.9,22.1,54.1,0.0,1.2,487.3,25.7,58.8,347.5,55.3,427.2191489361702,-18.660013048263632,Normal,528.5,286.7,382.1999999999998,348.62,32.05039601575215
Haryana Delhi & Chandigarh,2005,13.9,35.7,29.9,2.7,7.6,53.9,175.6,52.6,146.7,0.0,0.8,0.0,519.5,49.6,40.3,428.8,0.8,427.2191489361702,0.3700328198692243,Normal,347.5,-181.0,372.5999999999999,361.04,29.433753717208905
Haryana Delhi & Chandigarh,2006,2.3,0.1,30.4,0.6,24.8,45.4,135.2,32.1,49.9,3.8,1.2,5.2,330.9,2.4,55.7,262.6,10.2,427.2191489361702,-38.53271777402598,Deficient,428.8,81.30000000000001,434.93333333333317,384.58,27.4254332188394
Haryana Delhi & Chandigarh,2007,0.5,76.0,40.1,2.0,12.4,88.7,82.0,87.9,55.2,0.1,0.3,1.4,446.6,76.5,54.6,313.7,1.7,427.2191489361702,-26.57164343378504,Deficient,262.6,-166.2,346.2999999999999,361.84000000000003,32.91039323348443
Haryana Delhi & Chandigarh,2008,2.4,0.4,0.6,13.4,72.9,193.5,124.3,174.2,114.5,8.4,5.5,0.2,710.4,2.8,86.9,606.6,14.1,427.2191489361702,41.9880175105706,Excess,313.7,51.099999999999966,335.0333333333332,376.21999999999997,27.749564328817833
Haryana Delhi & Chandigarh,2009,4.1,5.9,5.7,11.7,17.7,15.2,106.4,63.8,160.8,2.5,1.1,0.4,395.4,10.0,35.2,346.3,4.0,427.2191489361702,-18.94089933414013,Normal,606.6,292.90000000000003,394.2999999999999,391.84000000000003,34.301929112711036
Haryana Delhi & Chandigarh,2010,4.8,10.2,0.5,0.8,5.9,29.1,189.3,198.5,183.9,1.1,3.5,12.8,640.5,15.0,7.2,600.8,17.5,427.2191489361702,40.6304004621675,Excess,346.3,-260.3,422.1999999999999,391.6,34.348488257740925
Haryana Delhi & Chandigarh,2011,0.7,26.7,6.9,8.9,28.7,94.4,85.0,127.3,133.1,0.0,0.0,0.4,512.0,27.5,44.4,439.8,0.4,427.2191489361702,2.9448237737371383,Normal,600.8,254.49999999999994,517.8999999999999,426.0,38.720715980185666
Haryana Delhi & Chandigarh,2012,8.2,0.2,0.1,11.8,3.8,5.3,68.1,196.6,90.7,2.4,0.6,3.5,391.4,8.4,15.8,360.7,6.5,427.2191489361702,-15.57026390362214,Normal,439.8,-160.99999999999994,462.2999999999999,461.43999999999994,29.880703445366443
Haryana Delhi & Chandigarh,2013,21.1,52.2,5.3,3.3,1.4,62.1,96.5,161.9,42.8,10.9,1.7,2.1,461.2,73.2,10.0,363.3,14.7,427.2191489361702,-14.961676950889716,Normal,360.7,-79.10000000000002,467.0999999999999,470.84,26.84921884466033
Haryana Delhi & Chandigarh,2014,13.0,17.3,26.8,7.5,20.3,25.9,72.3,34.8,67.3,10.5,0.2,9.6,305.5,30.3,54.6,200.2,20.3,427.2191489361702,-53.138804639603975,Deficient,363.3,2.6000000000000227,387.9333333333332,422.18,25.18474571045224
Haryana Delhi & Chandigarh,2015,12.4,6.6,71.8,34.8,8.4,43.7,130.3,89.2,32.1,3.7,2.3,0.2,435.3,18.9,114.9,295.2,6.2,427.2191489361702,-30.90197367438108,Deficient,200.2,-163.10000000000002,308.06666666666655,392.96,36.98013697826888
Haryana Delhi & Chandigarh,2016,0.0,1.1,20.7,0.6,26.7,35.8,159.8,133.0,14.8,5.2,0.0,1.0,398.7,1.2,48.1,343.3,6.2,427.2191489361702,-19.643115048831376,Normal,295.2,95.0,286.2333333333332,331.84000000000003,27.01648644890196
Haryana Delhi & Chandigarh,2017,34.2,0.3,7.2,4.3,10.3,121.2,69.2,76.5,92.5,0.0,1.8,4.2,421.6,34.5,21.8,359.4,6.0,427.2191489361702,-15.87455737998835,Normal,343.3,48.10000000000002,279.56666666666655,312.54,21.913744842123233
Himachal Pradesh,1901,137.8,174.5,75.0,19.2,89.6,32.7,280.5,459.7,53.0,3.9,0.0,19.1,1345.1,312.3,183.8,825.9,23.0,686.4212765957446,20.319696979089823,Excess,,,,,
Himachal Pradesh,1902,6.5,27.0,104.4,76.2,61.3,78.8,258.6,199.3,113.4,23.6,2.5,0.0,951.6,33.6,241.9,650.0,26.1,686.4212765957446,-5.305965569187083,Normal,825.9,,,,
Himachal Pradesh,1903,76.5,21.4,213.7,25.4,54.7,32.2,157.7,256.5,107.9,5.8,0.2,41.4,993.3,97.9,293.7,554.2,47.4,686.4212765957446,-19.262409412989964,Normal,650.0,-175.89999999999998,,,
Himachal Pradesh,1904,79.3,22.4,131.7,48.0,90.3,33.1,241.1,184.3,56.4,51.6,17.3,32.0,987.6,101.7,270.0,515.0,100.9,686.4212765957446,-24.97318810481746,Deficient,554.2,-95.79999999999995,676.6999999999999,,
Himachal Pradesh,1905,81.3,76.8,160.2,39.3,50.4,43.6,191.1,132.8,119.1,0.3,0.9,34.4,930.2,158.1,249.8,486.6,35.6,686.4212765957446,-29.11058899379451,Deficient,515.0,-39.200000000000045,573.0666666666666,,
Himachal Pradesh,1906,44.1,143.9,89.5,5.3,29.9,152.6,168.7,433.7,230.9,2.9,0.0,15.9,1317.5,188.0,124.7,986.0,18.8,686.4212765957446,43.64356607504852,Excess,486.6,-28.399999999999977,518.6,606.3399999999999,22.66010216002342
Himachal Pradesh,1907,124.2,145.1,144.9,73.0,34.2,23.7,95.7,200.6,18.9,14.9,0.0,0.0,875.4,269.4,252.1,338.9,14.9,686.4212765957446,-50.62798727907308,Deficient,986.0,499.4,662.5333333333333,638.36,31.943136568522522
Himachal Pradesh,1908,38.4,76.1,12.3,181.7,43.6,46.8,225.6,287.4,43.0,2.8,7.3,22.5,987.6,114.5,237.6,602.9,32.6,686.4212765957446,-12.167640987173684,Normal,338.9,-647.1,603.8333333333334,576.14,42.20482060387011
Himachal Pradesh,1909,111.0,82.1,25.4,31.7,19.0,107.6,292.4,234.5,105.9,17.6,0.0,49.9,1077.0,193.0,76.1,740.4,67.5,686.4212765957446,7.863789373190587,Normal,602.9,264.0,642.6,585.88,41.48215498879622
Himachal Pradesh,1910,49.9,48.9,42.7,48.9,46.8,133.5,408.3,355.4,174.2,37.0,5.5,55.8,1406.9,98.8,138.4,1071.4,98.3,686.4212765957446,56.08490536795841,Excess,740.4,137.5,560.7333333333332,630.96,39.2204765452956
Himachal Pradesh,1911,246.3,21.9,277.3,35.1,8.8,121.0,103.2,240.9,174.4,24.0,75.2,5.8,1333.8,268.1,321.3,639.5,104.9,686.4212765957446,-6.835638433069445,Normal,1071.4,331.0000000000001,804.9,747.92,39.53360934808092
Himachal Pradesh,1912,95.6,34.7,55.7,60.1,54.3,36.9,357.6,346.8,126.6,1.0,26.9,11.4,1207.6,130.3,170.1,867.9,39.3,686.4212765957446,26.43838843461928,Excess,639.5,-431.9000000000001,817.1,678.6200000000001,39.04055372966134
Himachal Pradesh,1913,21.3,126.6,72.4,35.5,114.6,168.0,215.4,239.0,40.3,14.1,20.3,51.8,1119.3,147.9,222.5,662.7,86.2,686.4212765957446,-3.4557898195388854,Normal,867.9,228.39999999999998,859.5999999999999,784.4200000000001,24.29001849101957
Himachal Pradesh,1914,15.9,88.8,105.5,110.8,76.1,135.1,495.4,292.7,269.6,71.6,22.5,51.9,1735.9,104.7,292.4,1192.8,146.1,686.4212765957446,73.77083733703638,Large Excess,662.7,-205.19999999999993,723.3666666666667,796.38,22.318536881197453
Himachal Pradesh,1915,62.2,100.4,90.0,66.6,19.4,67.5,249.0,380.6,157.7,23.4,0.0,20.0,1236.8,162.6,176.0,854.8,43.4,686.4212765957446,24.529939433013656,Excess,1192.8,530.0999999999999,907.7999999999998,886.86,27.588046785822417
Himachal Pradesh,1916,10.4,75.3,33.7,41.8,35.3,238.9,275.8,254.9,118.9,86.9,0.0,0.2,1172.1,85.7,110.8,888.5,87.1,686.4212765957446,29.43946091042658,Excess,854.8,-338.0,903.433333333333,843.54,26.31113045394955
Himachal Pradesh,1917,20.4,30.0,61.8,162.9,79.8,135.1,376.3,309.8,330.3,174.4,0.0,22.7,1703.6,50.5,304.5,1151.5,197.1,686.4212765957446,67.75412407243242,Large Excess,888.5,33.700000000000045,978.6999999999998,893.3399999999999,21.31462683036792
Himachal Pradesh,1918,21.2,22.3,171.2,103.4,14.3,135.6,200.6,208.9,21.5,7.9,51.0,26.9,984.7,43.4,288.9,566.6,85.8,686.4212765957446,-17.455938602309846,Normal,1151.5,263.0,964.933333333333,950.0600000000001,23.236471371558444
Himachal Pradesh,1919,141.3,47.4,75.6,60.4,43.5,80.1,417.3,227.8,66.5,0.7,9.8,42.9,1213.1,188.6,179.4,791.7,53.3,686.4212765957446,15.337333936730142,Normal,566.6,-584.9,868.8666666666664,930.8399999999999,27.260491344450937
Himachal Pradesh,1920,53.0,58.1,126.1,32.8,109.4,55.6,385.1,168.0,76.0,3.3,0.0,17.4,1084.8,111.1,268.3,684.7,20.7,686.4212765957446,-0.2507609618806021,Normal,791.7,225.10000000000002,836.5999999999999,850.6200000000001,24.668278156118305
Himachal Pradesh,1921,87.8,20.9,9.1,29.6,32.0,42.6,264.1,465.6,195.7,57.9,0.0,106.1,1311.2,108.7,70.6,968.0,164.0,686.4212765957446,41.02126973696446,Excess,684.7,-107.0,680.9999999999999,816.6,27.234752425551218
Himachal Pradesh,1922,106.6,57.5,68.2,87.7,13.0,106.8,425.8,508.1,274.0,14.2,6.5,50.2,1718.6,164.1,169.0,1314.7,70.9,686.4212765957446,91.52961087106117,Large Excess,968.0,283.29999999999995,814.7999999999998,832.5,27.80550778857485
Himachal Pradesh,1923,113.4,151.2,51.0,27.2,93.0,64.3,320.1,512.1,125.5,60.1,17.5,85.6,1620.9,264.6,171.1,1021.9,163.2,686.4212765957446,48.87359043822726,Excess,1314.7,346.70000000000005,989.1333333333332,865.14,33.68769949296826
Himachal Pradesh,1924,50.2,135.1,63.0,26.6,86.7,26.6,419.3,345.5,418.6,12.4,14.9,61.7,1660.7,185.3,176.3,1210.0,89.0,686.4212765957446,76.27658717120558,Large Excess,1021.9,-292.80000000000007,1101.5333333333333,956.2,25.28119047005178
Himachal Pradesh,1925,86.2,61.7,33.5,65.4,86.6,167.5,450.2,388.1,48.5,33.2,88.5,0.0,1509.3,147.8,185.5,1054.3,121.6,686.4212765957446,53.59372384677854,Excess,1210.0,188.10000000000002,1182.2,1039.8600000000001,23.364260460460756
Himachal Pradesh,1926,52.9,48.6,179.7,86.3,114.4,23.9,349.6,422.9,127.9,4.2,25.1,14.3,1450.0,101.5,380.5,924.3,43.7,686.4212765957446,34.654916960615964,Excess,1054.3,-155.70000000000005,1095.3999999999999,1113.7800000000002,12.922298613938644
Himachal Pradesh,1927,17.5,132.5,48.2,51.4,79.1,37.9,384.7,542.4,78.0,37.9,5.8,19.3,1435.0,150.0,178.8,1043.1,63.1,686.4212765957446,51.96207279197069,Excess,924.3,-130.0,1062.8666666666666,1105.0400000000002,14.101441019857624
Himachal Pradesh,1928,129.0,112.9,48.1,94.6,14.5,82.9,276.5,329.2,67.3,2.0,59.9,91.9,1308.9,241.9,157.2,756.0,153.8,686.4212765957446,10.1364461995301,Normal,1043.1,118.79999999999995,1007.2333333333331,1050.7199999999998,9.781712742707336
Himachal Pradesh,1929,109.0,52.3,17.6,48.0,24.9,101.7,363.9,423.7,50.3,57.3,0.0,176.0,1424.7,161.2,90.5,939.6,233.3,686.4212765957446,36.88386884798741,Excess,756.0,-287.0999999999999,907.7999999999998,997.54,16.934136479499756
Himachal Pradesh,1930,98.8,64.1,52.7,87.7,28.2,120.8,424.5,307.0,77.7,13.0,5.2,25.7,1305.5,163.0,168.6,930.0,43.9,686.4212765957446,35.48531080100925,Excess,939.6,183.60000000000002,912.8999999999997,943.46,12.734245353342496
Himachal Pradesh,1931,58.5,149.6,79.9,14.6,84.5,25.0,263.6,339.6,202.5,47.8,0.2,0.6,1266.3,208.1,179.0,830.7,48.5,686.4212765957446,21.01897600257892,Excess,930.0,-9.600000000000023,875.1999999999998,918.6,11.226770966644231
Himachal Pradesh,1932,43.0,52.8,62.1,17.1,61.4,54.6,409.2,451.3,183.1,6.1,9.5,68.4,1418.9,95.9,140.7,1098.3,84.1,686.4212765957446,60.00378156209512,Large Excess,830.7,-99.29999999999995,900.0999999999999,899.8799999999999,12.23447866561515
Himachal Pradesh,1933,60.2,93.6,109.4,80.2,54.7,106.0,259.3,244.2,172.7,49.1,8.2,2.8,1240.4,153.8,244.3,782.2,60.2,686.4212765957446,13.953344202741336,Normal,1098.3,267.5999999999999,952.9999999999999,910.9200000000001,14.179505768893948
Himachal Pradesh,1934,91.8,12.8,40.3,82.3,59.9,70.7,281.0,241.1,30.4,0.9,1.3,69.5,982.1,104.7,182.5,623.2,71.7,686.4212765957446,-9.21027345033444,Normal,782.2,-316.0999999999999,903.7333333333332,916.1600000000001,13.274856502846522
Himachal Pradesh,1935,136.7,73.4,60.3,83.6,18.4,40.3,233.6,216.6,88.0,28.5,26.5,22.1,1027.9,210.1,162.3,578.5,77.1,686.4212765957446,-15.722309356576504,Normal,623.2,-159.0,834.5666666666665,852.8799999999999,20.67880349588224
Himachal Pradesh,1936,11.5,111.1,118.2,61.0,42.8,193.6,240.9,173.8,107.9,9.1,0.5,87.5,1158.0,122.7,221.9,716.2,97.1,686.4212765957446,4.338257629766485,Normal,578.5,-44.700000000000045,661.2999999999998,782.58,26.268965754150127
Himachal Pradesh,1937,57.3,141.0,53.7,60.3,35.1,116.4,282.9,325.7,227.3,53.8,9.5,101.9,1465.0,198.3,149.1,952.3,165.2,686.4212765957446,38.7340445976356,Excess,716.2,137.70000000000005,639.2999999999998,759.68,27.01826741792574
Himachal Pradesh,1938,175.5,124.3,48.1,38.9,11.1,125.3,211.8,156.5,16.8,6.7,6.7,5.7,927.5,299.8,98.1,510.4,19.2,686.4212765957446,-25.64333050232783,Deficient,952.3,236.0999999999999,748.9999999999999,730.48,20.15328959543886
Himachal Pradesh,1939,56.4,112.3,97.9,47.1,9.9,103.0,201.0,110.5,108.6,30.9,0.0,0.0,877.8,168.7,155.0,523.2,30.9,686.4212765957446,-23.778586439690272,Deficient,510.4,-441.9,726.2999999999998,676.12,25.368134073674153
Himachal Pradesh,1940,64.1,79.9,69.4,60.4,56.4,103.3,321.6,220.7,84.8,1.4,2.3,24.3,1088.6,144.0,186.2,730.4,28.0,686.4212765957446,6.406958074255003,Normal,523.2,12.800000000000068,661.9666666666666,656.12,28.12998489084514
Himachal Pradesh,1941,44.5,49.4,70.1,21.5,70.6,92.8,182.0,231.6,83.5,12.5,2.9,34.1,895.5,93.9,162.3,589.9,49.5,686.4212765957446,-14.061521675789942,Normal,730.4,207.19999999999993,587.9999999999999,686.5,26.37498073455717
Himachal Pradesh,1942,74.8,156.8,28.3,84.6,73.5,66.6,273.8,348.6,153.6,7.8,0.0,59.8,1328.3,231.6,186.4,842.7,67.6,686.4212765957446,22.76717356130161,Excess,589.9,-140.5,614.4999999999999,661.24,27.92620862095997
Himachal Pradesh,1943,171.1,26.1,96.7,74.8,78.1,36.6,237.2,377.7,111.5,0.0,0.2,13.1,1223.1,197.2,249.6,763.0,13.3,686.4212765957446,11.156228108785008,Normal,842.7,252.80000000000007,720.9999999999999,639.3199999999999,22.423442017256836
Himachal Pradesh,1944,108.3,112.5,106.2,51.0,16.9,51.0,277.4,226.7,80.2,23.9,7.2,67.4,1128.8,220.8,174.2,635.3,98.5,686.4212765957446,-7.447507578622398,Normal,763.0,-79.70000000000005,731.8666666666664,689.8399999999999,18.91737070011459
Himachal Pradesh,1945,196.0,10.3,105.0,81.0,24.5,74.2,424.4,352.5,331.0,40.0,2.9,5.2,1646.9,206.3,210.4,1182.0,48.2,686.4212765957446,72.19745953418595,Large Excess,635.3,-127.70000000000005,746.9999999999999,712.26,14.181780929656906
Himachal Pradesh,1946,45.2,85.9,77.9,42.0,56.6,159.3,462.3,379.1,41.1,79.1,49.0,61.5,1539.0,131.0,176.5,1041.9,189.6,686.4212765957446,51.78725303609845,Excess,1182.0,546.7,860.0999999999999,802.58,29.244169375851087
Himachal Pradesh,1947,78.0,38.2,82.8,4.5,32.2,50.3,260.1,257.3,438.1,14.6,0.0,57.3,1313.2,116.2,119.4,1005.7,71.9,686.4212765957446,46.51352373395162,Excess,1041.9,-140.0999999999999,953.0666666666666,892.9799999999999,24.50464847960348
Himachal Pradesh,1948,33.5,185.0,382.0,47.5,13.7,55.5,380.0,456.6,115.4,16.5,0.0,73.0,1758.7,218.5,443.2,1007.5,89.5,686.4212765957446,46.77575336776002,Excess,1005.7,-36.200000000000045,1076.533333333333,925.5800000000002,23.93987165162245
Himachal Pradesh,1949,28.0,140.0,81.6,45.0,35.2,48.2,548.7,265.2,99.5,4.7,0.0,15.0,1310.9,168.0,161.7,961.5,19.7,686.4212765957446,40.07432939265634,Excess,1007.5,1.7999999999999545,1018.3666666666664,974.4800000000001,20.824170952686764
Himachal Pradesh,1950,211.0,67.0,155.0,51.7,65.1,83.6,392.8,319.3,329.8,2.2,0.0,7.0,1684.4,278.0,271.7,1125.6,9.2,686.4212765957446,63.980931008189245,Large Excess,961.5,-46.0,991.5666666666666,1039.72,8.127359958772834
Himachal Pradesh,1951,112.3,69.4,87.4,90.4,89.1,38.8,217.3,309.3,124.5,19.3,69.6,11.1,1238.5,181.7,266.8,690.0,100.0,686.4212765957446,0.5213596265552504,Normal,1125.6,164.0999999999999,1031.533333333333,1028.44,5.96584123407589
Himachal Pradesh,1952,86.4,82.8,191.4,35.2,66.8,146.9,198.1,371.1,26.7,12.9,2.8,42.5,1263.7,169.2,293.4,742.8,58.2,686.4212765957446,8.213428884935125,Normal,690.0,-435.5999999999999,925.6999999999998,958.0599999999998,16.883018300568196
Himachal Pradesh,1953,149.2,51.9,98.3,86.6,36.9,107.6,390.9,330.3,90.2,11.6,9.3,62.8,1425.7,201.1,221.8,919.1,83.7,686.4212765957446,33.89736468516947,Excess,742.8,52.799999999999955,852.7999999999998,905.4799999999999,20.281027341542767
Himachal Pradesh,1954,196.4,271.8,87.2,13.0,52.2,47.5,336.6,348.9,293.4,46.2,7.6,16.7,1717.6,468.3,152.4,1026.4,70.5,686.4212765957446,49.52916452274829,Excess,919.1,176.30000000000007,783.9666666666666,887.8,19.760668614895714
Himachal Pradesh,1955,165.0,42.0,141.4,87.7,114.7,86.2,320.9,337.5,194.4,413.6,0.3,15.5,1919.2,207.0,343.8,939.0,429.4,686.4212765957446,36.79645897005128,Excess,1026.4,107.30000000000007,896.0999999999999,900.78,20.47359193828086
Himachal Pradesh,1956,96.5,44.7,206.5,58.0,26.8,118.8,293.9,266.1,113.1,222.3,8.3,86.6,1541.6,141.2,291.4,791.9,317.1,686.4212765957446,15.366470562708844,Normal,939.0,-87.40000000000009,961.5,863.46,16.378321305726807
Himachal Pradesh,1957,181.0,37.9,133.8,146.4,151.9,79.0,321.3,253.9,263.7,84.5,56.3,112.9,1822.7,218.9,432.2,917.9,253.8,686.4212765957446,33.72254492929719,Excess,791.9,-147.10000000000002,919.0999999999999,883.8399999999999,13.018104542609185
Himachal Pradesh,1958,84.0,22.4,72.8,61.7,65.0,34.7,452.0,265.3,265.9,75.2,2.2,171.1,1572.3,106.4,199.4,1017.9,248.6,686.4212765957446,48.29085791865303,Excess,917.9,126.0,882.9333333333333,918.86,9.12008288012628
Himachal Pradesh,1959,136.1,243.1,94.7,43.3,52.8,52.0,418.6,243.7,219.5,81.7,53.9,1.0,1640.3,379.2,190.8,933.8,136.5,686.4212765957446,36.03890669460477,Excess,1017.9,100.0,909.2333333333332,938.6200000000001,10.099752444886592
Himachal Pradesh,1960,82.9,0.7,134.2,66.2,20.8,78.3,355.3,226.8,72.9,7.2,3.8,66.2,1115.1,83.6,221.1,733.3,77.2,686.4212765957446,6.829439150946319,Normal,933.8,-84.10000000000002,956.5333333333332,920.1,8.854535106091491
Himachal Pradesh,1961,153.8,157.2,68.8,104.2,34.2,88.7,320.3,314.3,153.1,46.2,37.6,37.2,1515.5,311.0,207.1,876.3,121.0,686.4212765957446,27.66212672572516,Excess,733.3,-200.5,894.9999999999999,878.96,13.049512068991046
Himachal Pradesh,1962,45.0,102.9,82.9,102.6,55.4,86.5,242.7,255.8,303.7,5.8,66.5,43.8,1393.5,147.9,240.9,888.6,116.1,686.4212765957446,29.45402922341594,Excess,876.3,143.0,847.7999999999998,895.8399999999999,11.657858563923964
Himachal Pradesh,1963,14.1,57.2,201.2,49.5,47.2,108.9,325.7,308.1,111.3,2.4,76.8,52.2,1354.5,71.3,297.9,854.0,131.3,686.4212765957446,24.41339292909882,Excess,888.6,12.300000000000068,832.7333333333332,889.9799999999999,11.65284490491215
Himachal Pradesh,1964,176.6,58.8,83.6,97.7,86.8,86.2,278.9,246.8,197.1,0.1,1.8,39.6,1354.1,235.5,268.2,809.1,41.4,686.4212765957446,17.872220396878053,Normal,854.0,-34.60000000000002,872.9666666666666,857.2,8.764914723239347
Himachal Pradesh,1965,52.5,209.1,170.9,126.6,143.9,24.9,278.3,117.3,39.9,25.8,12.8,18.3,1220.4,261.6,441.4,460.4,57.0,686.4212765957446,-32.927486997005744,Deficient,809.1,-44.89999999999998,850.5666666666666,832.26,7.579235167338681
Himachal Pradesh,1966,0.3,145.0,78.4,77.2,95.7,187.1,250.5,298.0,153.3,30.8,13.9,40.8,1371.0,145.3,251.2,888.9,85.6,686.4212765957446,29.497734162384,Excess,460.4,-348.70000000000005,707.8333333333334,777.6800000000001,23.13752403544838
Himachal Pradesh,1967,30.8,99.1,181.5,31.4,48.1,99.3,386.3,403.3,105.7,36.9,23.8,112.4,1558.5,129.9,260.9,994.5,173.2,686.4212765957446,44.88187267914376,Excess,888.9,428.5,719.4666666666666,780.2,23.294223725062714
Himachal Pradesh,1968,188.5,114.1,80.8,50.9,44.9,99.3,277.2,181.1,16.3,47.2,9.1,58.8,1168.2,302.6,176.6,573.8,115.2,686.4212765957446,-16.407020067076232,Normal,994.5,105.60000000000002,781.2666666666665,801.38,25.27090668111618
Himachal Pradesh,1969,66.0,78.6,72.7,130.4,111.0,31.0,201.8,306.7,117.2,8.4,2.4,1.5,1127.6,144.6,314.1,656.6,12.3,686.4212765957446,-4.344456911889594,Normal,573.8,-420.70000000000005,819.0666666666666,745.3399999999999,29.802909739547346
Himachal Pradesh,1970,116.5,39.0,37.9,7.3,43.5,163.2,223.4,280.4,164.4,6.6,0.2,0.3,1082.5,155.4,88.6,831.4,7.1,686.4212765957446,21.1209541935044,Excess,656.6,82.80000000000007,741.6333333333332,714.8399999999999,31.008169465506803
Himachal Pradesh,1971,53.1,76.5,13.7,57.5,71.8,252.7,352.8,301.2,67.0,13.8,12.2,2.6,1275.1,129.6,143.1,973.7,28.6,686.4212765957446,41.85166357735776,Excess,831.4,174.79999999999995,687.2666666666665,789.04,21.753722724456654
Himachal Pradesh,1972,55.0,77.0,55.0,82.1,21.3,43.8,184.2,159.9,57.6,31.1,21.3,54.0,842.3,132.0,158.4,445.5,106.4,686.4212765957446,-35.098165632419764,Deficient,973.7,142.30000000000007,820.5666666666666,806.0,23.255821878318486
Himachal Pradesh,1973,116.8,80.6,68.4,15.7,40.0,99.1,167.8,213.9,86.3,32.1,5.4,29.1,955.2,197.3,124.1,567.1,66.6,686.4212765957446,-17.383097037363065,Normal,445.5,-528.2,750.1999999999999,696.2,30.016818736856415
Himachal Pradesh,1974,75.0,44.6,33.7,24.6,41.8,76.4,168.8,204.6,30.5,28.8,2.4,45.1,776.1,119.6,100.0,480.2,76.3,686.4212765957446,-30.04296102511329,Deficient,567.1,121.60000000000002,662.0999999999999,694.86,30.218640302385236
Himachal Pradesh,1975,137.8,124.7,126.3,25.4,35.1,86.9,214.0,191.8,95.3,13.8,0.2,2.7,1054.1,262.5,186.8,587.9,16.8,686.4212765957446,-14.352887935577058,Normal,480.2,-86.90000000000003,497.5999999999999,659.5799999999999,35.129552611579804
Himachal Pradesh,1976,66.7,105.5,126.6,49.1,30.1,85.5,368.9,238.0,72.6,20.2,1.7,14.6,1179.3,172.2,205.7,765.0,36.4,686.4212765957446,11.447594368572126,Normal,587.9,107.69999999999999,545.0666666666666,610.88,34.581712943491745
Himachal Pradesh,1977,85.5,4.7,12.9,97.5,87.2,86.1,339.7,236.4,197.1,18.8,9.9,69.2,1245.0,90.2,197.6,859.3,97.9,686.4212765957446,25.18551351753467,Excess,765.0,177.10000000000002,611.0333333333333,569.14,21.85982954687957
Himachal Pradesh,1978,63.7,102.6,157.9,53.5,31.1,156.1,280.0,300.1,137.7,3.6,75.9,9.0,1371.2,166.3,242.5,873.9,88.4,686.4212765957446,27.312487213980624,Excess,859.3,94.29999999999995,737.4,651.9,23.835255285387223
Himachal Pradesh,1979,170.0,115.3,157.4,31.9,85.1,64.8,163.4,119.0,43.5,7.0,34.0,29.6,1021.0,285.2,274.4,390.7,70.7,686.4212765957446,-43.08160115058676,Deficient,873.9,14.600000000000023,832.7333333333332,713.26,24.267591787871456
Himachal Pradesh,1980,83.2,87.1,71.7,28.5,26.1,106.8,477.1,128.8,52.5,25.3,27.3,40.5,1155.0,170.4,126.4,765.3,93.0,686.4212765957446,11.491299307540183,Normal,390.7,-483.2,707.9666666666666,695.36,29.46955060809119
Himachal Pradesh,1981,114.5,96.3,162.0,54.4,67.1,94.7,233.5,163.4,71.6,11.4,70.4,7.9,1147.1,210.8,283.4,563.3,89.6,686.4212765957446,-17.936692930958596,Normal,765.3,374.59999999999997,676.6333333333332,730.8399999999999,26.936329300370577
Himachal Pradesh,1982,187.3,147.7,228.9,146.2,152.5,58.3,160.4,170.2,31.5,42.5,21.8,75.7,1423.0,335.0,527.6,420.4,140.0,686.4212765957446,-38.75481219274808,Deficient,563.3,-202.0,573.0999999999998,690.5,30.18638564488687
Himachal Pradesh,1983,91.7,97.6,162.8,136.7,86.1,59.2,166.7,204.2,121.5,48.2,1.0,13.9,1189.6,189.3,385.5,551.6,63.2,686.4212765957446,-19.64118555071322,Normal,420.4,-142.89999999999998,582.9999999999999,602.7199999999999,35.16818912446008
Himachal Pradesh,1984,24.3,134.5,38.7,68.6,14.7,105.0,194.4,192.5,121.5,10.6,25.1,38.4,968.3,158.8,122.0,613.3,74.2,686.4212765957446,-10.65253643628068,Normal,551.6,131.20000000000005,511.7666666666666,538.26,27.558863674784117
Himachal Pradesh,1985,70.4,23.0,36.2,65.6,54.3,54.1,301.3,252.7,118.0,127.6,2.8,88.0,1193.9,93.4,156.1,726.1,218.3,686.4212765957446,5.780520615712709,Normal,613.3,61.69999999999993,528.4333333333333,582.78,21.356737300061003
Himachal Pradesh,1986,7.3,119.3,159.4,105.3,99.1,86.4,240.9,246.9,52.4,43.4,72.7,89.5,1322.6,126.6,363.7,626.6,205.6,686.4212765957446,-8.714950808696345,Normal,726.1,112.80000000000007,630.3333333333331,574.9399999999999,19.227794825332158
Himachal Pradesh,1987,68.1,84.6,77.9,132.1,214.2,81.0,90.4,147.8,50.3,76.7,0.8,11.6,1035.6,152.7,424.2,369.6,89.1,686.4212765957446,-46.15551519134083,Deficient,626.6,-99.5,655.3333333333333,587.6,19.14389599155791
Himachal Pradesh,1988,41.6,128.3,353.9,27.2,39.3,84.0,411.3,304.7,360.2,2.2,4.9,123.5,1881.1,169.8,420.4,1160.3,130.6,686.4212765957446,69.03613561549574,Large Excess,369.6,-257.0,574.0999999999999,577.44,22.854861922673795
Himachal Pradesh,1989,111.0,62.5,89.2,39.4,92.5,59.7,291.1,247.3,64.9,7.3,52.9,59.4,1177.2,173.5,221.2,663.0,119.6,686.4212765957446,-3.4120848805708244,Normal,1160.3,790.6999999999999,718.8333333333334,699.1800000000001,41.36743645237897
Himachal Pradesh,1990,36.2,161.2,217.7,52.5,61.8,80.2,302.3,221.8,162.8,15.6,10.1,140.6,1462.7,197.4,332.0,767.0,166.3,686.4212765957446,11.738960628359242,Normal,663.0,-497.29999999999995,730.9666666666667,709.12,40.3857666910187
Himachal Pradesh,1991,24.0,143.1,120.6,104.5,69.7,67.1,141.6,258.3,128.5,2.2,4.3,40.9,1104.8,167.1,294.8,595.6,47.4,686.4212765957446,-13.231127835396652,Normal,767.0,104.0,863.4333333333334,717.3,40.090820018211545
Himachal Pradesh,1992,123.9,75.8,199.4,36.9,83.9,53.0,277.5,374.0,127.6,7.0,19.4,4.7,1383.1,199.7,320.1,832.2,31.1,686.4212765957446,21.23750069741925,Excess,595.6,-171.39999999999998,675.1999999999999,711.0999999999999,40.82923412584981
Himachal Pradesh,1993,109.2,69.7,164.1,20.6,56.7,70.9,386.9,89.1,143.1,0.3,17.7,0.0,1128.3,178.8,241.5,690.0,18.0,686.4212765957446,0.5213596265552504,Normal,832.2,236.60000000000002,731.6,803.62,27.292904368386857
Himachal Pradesh,1994,88.7,124.7,29.0,131.3,65.5,114.2,367.0,311.0,92.7,8.5,0.1,77.6,1410.2,213.4,225.8,884.8,86.2,686.4212765957446,28.90043332982041,Excess,690.0,-142.20000000000005,705.9333333333334,709.5600000000001,12.96984656754813
Himachal Pradesh,1995,61.5,140.0,96.7,85.8,44.2,66.5,332.4,345.1,284.5,5.4,13.9,17.7,1493.9,201.5,226.7,1028.6,37.1,686.4212765957446,49.84966740851409,Excess,884.8,194.79999999999995,802.3333333333334,753.92,15.207316541257862
Himachal Pradesh,1996,118.6,117.8,112.5,50.6,68.5,173.7,210.6,348.3,138.5,38.3,0.6,6.4,1384.4,236.4,231.6,871.1,45.3,686.4212765957446,26.904574450278663,Excess,1028.6,143.79999999999995,867.7999999999998,806.24,20.954757420441624
Himachal Pradesh,1997,50.9,58.5,60.4,97.4,66.1,92.3,198.7,476.1,113.8,44.4,87.4,108.5,1454.5,109.3,223.8,881.0,240.3,686.4212765957446,28.34683743622489,Excess,871.1,-157.4999999999999,928.1666666666665,861.3399999999999,14.07951503709904
Himachal Pradesh,1998,13.5,133.8,139.4,71.5,41.3,152.3,210.7,239.8,251.5,119.4,5.9,2.4,1381.6,147.3,252.3,854.3,127.7,686.4212765957446,24.45709786806688,Excess,881.0,9.899999999999977,926.9,871.1,13.810220554738109
Himachal Pradesh,1999,109.2,54.3,33.4,7.1,98.3,104.7,304.1,284.6,111.4,6.4,28.9,2.5,1144.9,163.5,138.8,804.8,37.8,686.4212765957446,17.24578293833574,Normal,854.3,-26.700000000000045,868.8000000000001,903.9599999999998,7.817490445871078
Himachal Pradesh,2000,118.2,119.0,68.1,25.6,79.9,198.0,265.1,126.7,50.1,0.0,10.5,6.9,1068.4,237.2,173.7,640.0,17.5,686.4212765957446,-6.762796868122667,Normal,804.8,-49.5,846.6999999999999,887.96,9.44930365462103
Himachal Pradesh,2001,30.5,35.7,105.8,66.9,67.3,153.8,239.5,202.3,26.9,5.0,20.8,37.3,991.8,66.2,240.0,622.5,63.1,686.4212765957446,-9.312251641259936,Normal,640.0,-164.79999999999995,766.3666666666667,810.24,12.28999140728774
Himachal Pradesh,2002,66.7,136.5,136.9,124.0,27.0,56.1,81.8,225.6,123.1,8.2,0.7,3.9,990.4,203.2,287.9,486.6,12.8,686.4212765957446,-29.11058899379451,Deficient,622.5,-17.5,689.0999999999999,760.52,15.948348888371076
Himachal Pradesh,2003,39.5,116.6,113.0,52.9,35.9,61.4,187.7,228.7,135.5,0.3,22.5,40.4,1034.5,156.1,201.9,613.3,63.2,686.4212765957446,-10.65253643628068,Normal,486.6,-135.89999999999998,583.0333333333334,681.64,21.79098937697241
Himachal Pradesh,2004,86.2,43.0,5.9,54.7,57.6,76.1,141.3,202.5,47.6,104.7,9.3,49.4,878.5,129.3,118.3,467.5,163.5,686.4212765957446,-31.89313677476148,Deficient,613.3,126.69999999999993,574.1333333333333,633.4399999999999,17.912048081125747
Himachal Pradesh,2005,147.8,222.9,143.3,35.2,52.4,52.6,317.2,114.2,156.3,1.8,0.3,4.5,1248.5,370.7,230.9,640.3,6.6,686.4212765957446,-6.719091929154605,Normal,467.5,-145.79999999999995,522.4666666666667,565.98,14.492493049226143
Himachal Pradesh,2006,102.5,38.2,137.3,44.3,68.4,104.8,260.3,274.2,92.8,17.5,26.9,51.2,1218.4,140.7,250.0,732.1,95.6,686.4212765957446,6.65461939507406,Normal,640.3,172.79999999999995,573.6999999999999,566.04,14.502928202627183
Himachal Pradesh,2007,1.3,121.0,177.0,9.6,39.3,155.7,155.2,234.3,85.7,18.7,1.0,35.6,1034.5,122.3,225.9,631.0,55.4,686.4212765957446,-8.073945037164691,Normal,732.1,91.80000000000007,613.3000000000001,587.96,18.813292973630116
Himachal Pradesh,2008,129.9,63.2,6.3,44.4,42.9,187.3,194.9,224.7,142.6,33.9,5.3,38.9,1114.2,193.1,93.6,749.4,78.0,686.4212765957446,9.174937542232612,Normal,631.0,-101.10000000000002,667.8000000000001,616.8399999999999,15.454463626720202
Himachal Pradesh,2009,54.8,45.9,43.4,91.2,53.5,45.5,170.2,162.6,172.1,16.4,93.1,7.8,956.5,100.7,188.2,550.3,117.2,686.4212765957446,-19.830573619574857,Normal,749.4,118.39999999999998,704.1666666666666,644.0600000000001,17.39482866376399
Himachal Pradesh,2010,25.5,96.6,45.1,60.3,81.4,108.5,291.8,274.1,176.7,30.5,10.8,58.1,1259.4,122.1,186.8,851.2,99.4,686.4212765957446,24.00548016539686,Excess,550.3,-199.10000000000002,643.5666666666667,660.62,12.309708636628033
Himachal Pradesh,2011,43.9,97.4,49.7,62.4,45.1,118.3,177.7,380.2,120.3,6.0,0.3,6.9,1108.3,141.3,157.3,796.6,13.2,686.4212765957446,16.051181273208574,Normal,851.2,300.9000000000001,716.9666666666666,702.8,16.450131793110444
Himachal Pradesh,2012,92.3,51.3,28.4,55.9,9.4,31.1,241.5,280.6,133.1,3.1,3.2,21.8,951.6,143.5,93.7,686.3,28.1,686.4212765957446,-0.0176679540509221,Normal,796.6,-54.60000000000002,732.6999999999999,715.7,17.19392167238901
Himachal Pradesh,2013,79.9,182.6,76.6,28.9,32.6,233.6,208.8,240.0,65.8,21.8,16.6,24.8,1211.9,262.5,138.1,748.2,63.2,686.4212765957446,9.000117786360352,Normal,686.3,-110.30000000000007,778.0333333333333,726.76,15.935529190032547
Himachal Pradesh,2014,69.6,124.9,125.2,60.6,68.9,51.7,203.6,146.7,84.6,19.3,4.5,49.3,1008.7,194.5,254.6,486.6,73.0,686.4212765957446,-29.11058899379451,Deficient,748.2,61.90000000000009,743.6999999999999,726.52,15.932890333651569
Himachal Pradesh,2015,67.2,156.6,192.5,84.9,45.0,85.8,249.9,195.9,75.5,17.7,14.5,25.0,1210.5,223.9,322.3,607.2,57.2,686.4212765957446,-11.541203528631373,Normal,486.6,-261.6,640.3666666666667,713.78,19.725404783154573
Himachal Pradesh,2016,18.7,38.4,114.4,47.5,70.2,101.3,194.0,272.7,56.8,5.3,0.0,2.2,921.5,57.2,232.1,624.8,7.5,686.4212765957446,-8.977180442504759,Normal,607.2,120.60000000000002,614.0000000000001,664.9799999999999,18.396560191008497
Himachal Pradesh,2017,157.6,46.3,57.4,88.0,62.0,123.1,216.1,273.1,103.4,0.3,6.9,48.0,1182.2,204.0,207.3,715.7,55.2,686.4212765957446,4.265416064819706,Normal,624.8,17.59999999999991,572.8666666666667,630.62,15.506538084378024
Jammu & Kashmir,1901,66.4,69.3,69.6,132.2,105.8,53.4,171.7,181.3,101.8,24.1,0.0,4.4,979.9,135.6,307.6,508.2,28.5,533.991304347826,-4.829910925108689,Normal,,,,,
Jammu & Kashmir,1902,6.5,9.7,91.3,100.5,70.7,113.3,108.4,136.9,62.2,15.1,44.0,1.8,760.5,16.2,262.5,420.9,60.9,533.991304347826,-21.17849175202332,Deficient,508.2,,,,
Jammu & Kashmir,1903,96.2,21.5,238.6,58.7,57.3,18.9,332.5,218.6,176.9,10.7,15.0,41.8,1286.6,117.7,354.6,746.9,67.5,533.991304347826,39.87119151915844,Excess,420.9,-87.30000000000001,,,
Jammu & Kashmir,1904,110.6,17.3,145.2,64.5,67.8,25.9,182.3,132.2,62.3,50.0,24.8,99.2,982.2,128.0,277.5,402.7,174.0,533.991304347826,-24.58678695305248,Deficient,746.9,326.0,558.6666666666666,,
Jammu & Kashmir,1905,146.7,76.3,161.4,71.7,65.2,43.3,145.2,111.5,239.7,5.8,0.6,90.2,1157.7,223.0,298.4,539.7,96.7,533.991304347826,1.069061538211031,Normal,402.7,-344.2,523.5,,
Jammu & Kashmir,1906,81.0,160.4,167.2,49.3,39.4,52.2,107.0,257.4,237.0,5.3,0.0,36.9,1193.1,241.4,255.9,653.6,42.1,533.991304347826,22.398996889706737,Excess,539.7,137.00000000000006,563.1,523.6800000000001,26.23883666021965
Jammu & Kashmir,1907,99.6,195.8,132.2,151.0,57.0,85.9,85.1,220.3,24.9,13.9,3.1,0.8,1069.6,295.4,340.2,416.3,17.8,533.991304347826,-22.03992900063508,Deficient,653.6,113.89999999999998,532.0,552.76,26.82337802294174
Jammu & Kashmir,1908,86.4,51.4,28.1,195.8,45.3,26.1,233.3,345.9,118.9,9.0,1.2,86.0,1227.3,137.7,269.1,724.3,96.2,533.991304347826,35.638912862935406,Excess,416.3,-237.3,536.5333333333334,551.84,27.05536098650962
Jammu & Kashmir,1909,91.9,149.3,56.1,48.0,43.1,68.2,252.2,264.7,237.7,55.2,0.1,73.4,1339.9,241.2,147.2,822.9,128.7,533.991304347826,54.10363301796155,Excess,724.3,307.99999999999994,598.0666666666667,547.32,25.960779028654684
Jammu & Kashmir,1910,123.6,85.1,65.6,99.7,33.0,126.2,193.7,276.1,39.4,0.4,0.1,66.7,1109.4,208.7,198.3,635.4,67.1,533.991304347826,18.990701688677564,Normal,822.9,98.60000000000002,654.5,631.36,25.10246161729966
Jammu & Kashmir,1911,344.8,52.3,285.4,53.1,18.7,76.7,95.1,144.4,72.8,15.1,93.6,28.1,1280.2,397.1,357.2,389.0,136.9,533.991304347826,-27.152371802178827,Deficient,635.4,-187.5,727.5333333333333,650.5,23.091888160333426
Jammu & Kashmir,1912,169.8,39.7,107.5,102.8,61.1,22.9,192.7,152.9,14.0,4.6,21.4,47.3,936.7,209.5,271.4,382.5,73.3,533.991304347826,-28.36962008826067,Deficient,389.0,-246.39999999999998,615.7666666666667,597.58,31.819718925157403
Jammu & Kashmir,1913,68.4,141.9,95.0,81.0,54.4,99.1,152.2,173.9,24.4,12.8,33.4,63.7,1000.2,210.3,230.4,449.6,109.8,533.991304347826,-15.803872396554238,Normal,382.5,-6.5,468.9666666666667,590.8199999999999,33.61707996478139
Jammu & Kashmir,1914,47.8,228.9,155.4,153.7,91.9,86.1,369.9,159.3,103.3,157.3,43.0,95.6,1692.1,276.7,400.9,718.6,295.9,533.991304347826,34.571479750525185,Excess,449.6,67.10000000000002,407.0333333333333,535.88,35.50821854787378
Jammu & Kashmir,1915,47.4,218.3,109.7,132.3,18.2,54.4,87.7,174.6,71.7,27.6,0.0,21.9,963.9,265.8,260.2,388.4,49.5,533.991304347826,-27.264733182432536,Deficient,718.6,269.0,516.9,515.0200000000001,29.711157648607273
Jammu & Kashmir,1916,37.5,159.4,69.0,67.7,58.6,92.9,244.3,216.5,46.9,30.9,3.4,7.2,1034.3,196.8,195.3,600.6,41.6,533.991304347826,12.473741633962463,Normal,388.4,-330.20000000000005,518.8666666666667,465.62,30.936573668500678
Jammu & Kashmir,1917,63.6,34.2,92.7,145.0,67.9,155.4,170.3,231.4,219.5,129.6,0.0,76.5,1386.1,97.8,305.6,776.7,206.0,533.991304347826,45.45180673842599,Excess,600.6,212.20000000000005,569.2,507.93999999999994,28.93307113268731
Jammu & Kashmir,1918,25.8,27.7,269.0,173.9,4.7,59.6,95.3,118.1,19.0,14.9,19.6,88.9,916.5,53.5,447.6,292.0,123.4,533.991304347826,-45.31746160986175,Deficient,776.7,176.10000000000002,588.5666666666667,586.78,28.492804365651153
Jammu & Kashmir,1919,187.7,98.3,121.6,73.3,49.5,36.9,247.2,208.5,37.7,1.4,0.3,126.8,1189.2,285.9,244.4,530.4,128.5,533.991304347826,-0.6725398557214679,Normal,292.0,-484.70000000000005,556.4333333333334,555.26,37.66106913899424
Jammu & Kashmir,1920,82.9,126.4,199.8,97.2,63.3,40.2,81.2,98.1,48.0,17.3,0.8,34.7,889.9,209.2,360.4,267.5,52.8,533.991304347826,-49.90555130355485,Deficient,530.4,238.39999999999998,533.0333333333333,517.62,36.37112321068946
Jammu & Kashmir,1921,140.6,71.3,60.4,44.9,21.8,56.7,137.7,209.3,65.8,76.8,3.1,169.3,1057.6,211.9,127.1,469.5,249.2,533.991304347826,-12.077219951472902,Normal,267.5,-262.9,363.3,493.44000000000005,43.5495614600399
Jammu & Kashmir,1922,87.9,60.6,82.4,67.4,26.5,63.4,163.9,99.1,149.7,28.7,1.5,59.7,890.8,148.5,176.3,476.1,89.8,533.991304347826,-10.8412447686821,Normal,469.5,202.0,422.4666666666667,467.21999999999997,44.17114435367905
Jammu & Kashmir,1923,185.9,163.2,106.9,60.9,135.7,23.8,176.7,244.9,33.0,71.4,9.3,52.6,1264.3,349.2,303.5,478.3,133.3,533.991304347826,-10.42925304108517,Normal,476.1,6.600000000000023,404.3666666666666,407.1,29.218196570140194
Jammu & Kashmir,1924,89.2,218.7,91.6,87.6,132.2,4.0,138.2,203.9,103.2,1.3,22.3,89.8,1182.2,307.9,311.5,449.5,113.4,533.991304347826,-15.822599293263192,Normal,478.3,2.1999999999999886,474.6333333333334,444.36,22.91508644964938
Jammu & Kashmir,1925,90.4,86.8,45.7,70.9,106.1,80.7,242.3,179.3,25.9,32.7,52.5,0.0,1013.3,177.3,222.7,528.2,85.2,533.991304347826,-1.0845315833183873,Normal,449.5,-28.80000000000001,467.9666666666667,428.18,21.144771535915467
Jammu & Kashmir,1926,52.6,61.7,182.4,123.9,92.0,33.9,185.8,245.1,109.2,0.3,2.5,34.1,1123.6,114.4,398.3,574.0,36.9,533.991304347826,7.492387109381372,Normal,528.2,78.70000000000005,485.3333333333333,480.32,6.053171577342432
Jammu & Kashmir,1927,84.6,117.3,80.8,53.2,82.6,27.9,226.2,220.3,27.7,7.6,4.5,40.3,973.1,202.0,216.6,502.2,52.3,533.991304347826,-5.953524727645777,Normal,574.0,45.799999999999955,517.2333333333335,501.21999999999997,9.903648552668523
Jammu & Kashmir,1928,142.9,192.2,125.9,109.2,18.4,46.2,115.7,177.1,121.6,1.2,102.4,138.3,1291.0,335.1,253.4,460.6,241.9,533.991304347826,-13.743913758569578,Normal,502.2,-71.80000000000001,534.8000000000001,506.43999999999994,9.412834228329956
Jammu & Kashmir,1929,121.2,66.4,40.3,53.0,42.6,60.0,182.6,266.7,20.9,60.4,2.0,186.6,1102.7,187.6,135.9,530.2,249.0,533.991304347826,-0.7099936491393579,Normal,460.6,-41.599999999999966,512.2666666666668,502.9,10.108298640514
Jammu & Kashmir,1930,201.8,116.1,114.6,209.2,53.1,55.1,211.0,105.9,49.0,43.7,0.9,7.6,1168.0,317.9,376.9,421.1,52.2,533.991304347826,-21.14103795860541,Deficient,530.2,69.60000000000002,497.66666666666674,519.04,8.018056341732583
Jammu & Kashmir,1931,124.7,142.4,47.1,35.5,109.0,11.1,205.0,192.6,30.4,43.9,7.9,5.3,955.0,267.1,191.7,439.1,57.2,533.991304347826,-17.77019655099414,Normal,421.1,-109.10000000000002,470.6333333333334,497.62,11.948944922473743
Jammu & Kashmir,1932,99.4,102.7,122.7,32.8,87.1,58.6,255.0,174.1,11.5,9.9,1.6,84.0,1039.4,202.1,242.6,499.2,95.5,533.991304347826,-6.515331628914321,Normal,439.1,18.0,463.46666666666675,470.64,9.55744103612805
Jammu & Kashmir,1933,104.0,137.4,187.1,107.2,31.1,63.7,175.2,217.7,101.9,48.1,12.2,2.1,1187.7,241.4,325.4,558.5,62.4,533.991304347826,4.589718119493896,Normal,499.2,60.099999999999966,453.13333333333344,470.03999999999996,9.461332525016248
Jammu & Kashmir,1934,110.1,27.2,71.1,96.8,36.2,60.7,146.3,158.9,16.8,3.5,2.0,73.5,803.1,137.3,204.1,382.7,79.0,533.991304347826,-28.33216629484277,Deficient,558.5,59.30000000000001,498.9333333333334,489.62000000000006,11.96602013546293
Jammu & Kashmir,1935,193.3,95.7,129.9,145.5,20.1,44.7,154.3,183.4,30.4,19.5,48.9,19.7,1085.5,289.0,295.6,412.8,88.1,533.991304347826,-22.695370385448378,Deficient,382.7,-175.8,480.13333333333344,460.12,15.04331067530684
Jammu & Kashmir,1936,59.9,168.9,242.1,62.4,21.8,96.0,163.6,140.2,54.7,16.7,19.9,94.7,1140.8,228.8,326.3,454.4,131.3,533.991304347826,-14.904981354524576,Normal,412.8,30.100000000000023,451.3333333333335,458.46000000000004,15.372142230632019
Jammu & Kashmir,1937,67.9,160.0,91.0,80.7,19.5,32.2,133.0,73.5,57.5,88.7,14.7,121.1,939.6,227.8,191.2,296.2,224.4,533.991304347826,-44.53093194808579,Deficient,454.4,41.599999999999966,416.63333333333344,461.52,15.113717260284055
Jammu & Kashmir,1938,183.1,194.2,132.6,76.4,14.8,118.7,123.0,136.7,11.2,31.0,11.1,29.0,1061.7,377.3,223.7,389.6,71.0,533.991304347826,-27.040010421925118,Deficient,296.2,-158.2,387.8000000000001,420.91999999999996,22.88961359650998
Jammu & Kashmir,1939,89.1,221.0,179.9,68.5,19.6,34.6,164.2,95.2,72.7,57.4,0.0,1.1,1003.5,310.2,268.1,366.7,58.6,533.991304347826,-31.328469768275003,Deficient,389.6,93.40000000000003,380.0666666666668,387.14,14.994009372013547
Jammu & Kashmir,1940,96.8,61.1,108.9,71.9,69.0,85.2,127.4,151.9,69.9,8.5,8.6,19.2,878.3,157.8,249.8,434.3,36.4,533.991304347826,-18.66908759302381,Normal,366.7,-22.900000000000034,350.8333333333335,383.93999999999994,15.31229701747588
Jammu & Kashmir,1941,81.7,52.5,109.6,40.1,41.3,44.0,120.2,100.8,163.2,11.4,19.9,87.0,871.6,134.2,191.0,428.1,118.3,533.991304347826,-19.8301551889788,Normal,434.3,67.60000000000002,396.8666666666668,388.24,16.000554336148078
Jammu & Kashmir,1942,127.7,196.9,39.4,85.9,88.0,35.5,200.0,274.5,80.3,21.7,9.8,80.2,1239.8,324.6,213.3,590.2,111.7,533.991304347826,10.526144376231516,Normal,428.1,-6.199999999999989,409.7000000000001,382.98,14.60186972064103
Jammu & Kashmir,1943,245.5,37.5,145.0,94.9,124.8,27.6,135.1,228.8,94.0,1.1,3.6,29.8,1167.7,283.1,364.6,485.5,34.5,533.991304347826,-9.080916478040669,Normal,590.2,162.10000000000002,484.2000000000001,441.78000000000003,19.80829102755674
Jammu & Kashmir,1944,114.9,142.5,98.8,72.5,26.4,37.2,193.9,183.2,51.1,18.4,37.8,74.2,1051.0,257.4,197.7,465.5,130.4,533.991304347826,-12.82629581983096,Normal,485.5,-104.70000000000005,501.2666666666668,460.96000000000004,18.144116831219183
Jammu & Kashmir,1945,131.7,23.0,138.2,101.8,37.8,49.8,129.7,104.1,94.3,26.1,9.5,10.3,856.2,154.7,277.8,377.8,45.8,533.991304347826,-29.249784233581387,Deficient,465.5,-20.0,513.7333333333335,480.7200000000001,13.626605203784505
Jammu & Kashmir,1946,36.6,89.7,87.1,26.0,32.4,82.6,159.0,173.8,16.3,43.5,70.8,104.5,922.3,126.2,145.6,431.7,218.8,533.991304347826,-19.155986907456555,Normal,377.8,-87.69999999999999,442.9333333333334,469.41999999999996,16.829045429615935
Jammu & Kashmir,1947,64.7,81.9,68.3,5.7,61.3,39.2,130.0,182.0,177.9,14.6,8.9,79.4,914.0,146.6,135.3,529.2,102.9,533.991304347826,-0.8972626162288725,Normal,431.7,53.89999999999998,425.00000000000006,470.14,16.706354617439064
Jammu & Kashmir,1948,47.9,133.7,261.1,43.4,21.4,66.9,278.3,182.0,60.6,6.2,5.5,76.1,1183.1,181.6,325.9,587.8,87.9,533.991304347826,10.076698855216664,Normal,529.2,97.50000000000006,446.2333333333334,457.93999999999994,12.451666755045885
Jammu & Kashmir,1949,101.3,194.0,127.7,59.1,54.9,69.2,144.6,85.1,38.6,24.0,11.0,37.5,946.9,295.3,241.6,337.5,72.4,533.991304347826,-36.796723607288826,Deficient,587.8,58.59999999999991,516.2333333333335,478.4,17.17887272151178
Jammu & Kashmir,1950,367.8,96.1,115.4,119.3,55.5,20.9,182.2,175.6,371.1,12.8,0.7,5.7,1523.1,463.9,290.2,749.8,19.2,533.991304347826,40.41427152371803,Excess,337.5,-250.29999999999995,484.8333333333334,452.8,23.011228251542658
Jammu & Kashmir,1951,107.3,99.3,120.6,90.1,94.6,64.8,116.9,160.6,27.4,23.0,25.4,32.8,963.0,206.6,305.3,369.8,81.3,533.991304347826,-30.7479359702975,Deficient,749.8,412.29999999999995,558.3666666666667,527.2,29.74029438588478
Jammu & Kashmir,1952,88.2,94.1,199.5,42.7,62.8,77.4,175.9,216.9,19.4,1.4,16.0,75.2,1069.6,182.3,305.0,489.6,92.6,533.991304347826,-8.313113712973655,Normal,369.8,-379.99999999999994,485.70000000000005,514.82,32.679795490462176
Jammu & Kashmir,1953,135.5,46.6,98.6,97.2,29.6,75.4,248.7,257.5,117.5,51.3,16.0,55.8,1229.6,182.0,225.4,699.1,123.1,533.991304347826,30.91973489227965,Excess,489.6,119.80000000000001,536.4000000000001,506.9,33.20734131332545
Jammu & Kashmir,1954,308.4,250.6,60.7,16.2,73.7,26.1,96.1,123.2,286.0,38.1,15.9,12.3,1307.1,559.0,150.5,531.4,66.2,533.991304347826,-0.4852708886319532,Normal,699.1,209.5,519.5000000000001,529.1600000000001,35.512896698111284
Jammu & Kashmir,1955,47.9,14.9,124.4,64.4,113.5,20.8,160.0,329.4,89.2,170.6,0.0,21.4,1156.4,62.8,302.2,599.3,192.0,533.991304347826,12.230291976746082,Normal,531.4,-167.70000000000005,573.3666666666668,567.9399999999999,27.420215084238368
Jammu & Kashmir,1956,136.4,63.9,180.9,115.1,18.5,113.0,356.8,292.5,49.3,134.0,2.5,57.8,1520.8,200.3,314.5,811.6,194.4,533.991304347826,51.98749368985004,Excess,599.3,67.89999999999998,609.9333333333334,537.8399999999999,22.84508108909095
Jammu & Kashmir,1957,184.1,144.7,110.9,222.7,144.4,73.5,143.8,203.2,29.9,113.6,86.9,62.6,1520.3,328.7,478.0,450.4,263.1,533.991304347826,-15.654057222882631,Normal,811.6,212.30000000000007,647.4333333333334,626.2,20.830314657969858
Jammu & Kashmir,1958,38.7,85.8,116.0,101.0,91.6,34.5,253.5,265.1,229.3,25.3,16.3,93.3,1350.4,124.5,308.6,782.5,134.8,533.991304347826,46.53796674754516,Excess,450.4,-361.20000000000005,620.4333333333334,618.36,22.86989632191473
Jammu & Kashmir,1959,113.5,120.8,114.6,33.3,57.4,19.8,454.6,243.7,243.0,47.3,85.2,17.0,1550.3,234.3,205.3,961.2,149.6,533.991304347826,80.00293116644143,Large Excess,782.5,332.1,681.5000000000001,635.04,24.777006239287864
Jammu & Kashmir,1960,48.2,9.9,144.7,47.0,29.3,23.3,202.3,183.3,34.2,1.1,4.1,39.0,766.4,58.0,221.0,443.1,44.2,533.991304347826,-17.02112068263608,Normal,961.2,178.70000000000005,731.3666666666668,721.0,27.541065602004068
Jammu & Kashmir,1961,103.3,57.9,54.5,107.5,55.1,107.3,199.6,217.4,118.3,28.8,53.2,35.0,1138.2,161.2,217.2,642.7,117.1,533.991304347826,20.357765148431035,Excess,443.1,-518.1,728.9333333333334,689.76,33.63205437089784
Jammu & Kashmir,1962,20.5,97.0,51.0,117.5,34.0,41.1,132.7,137.1,171.3,11.9,52.7,63.5,930.3,117.4,202.5,482.3,128.1,533.991304347826,-9.680177172727111,Normal,642.7,199.60000000000002,682.3333333333334,655.98,33.82428873225993
Jammu & Kashmir,1963,0.0,36.4,251.8,188.9,82.4,24.8,68.4,67.0,32.9,12.8,83.5,60.2,909.2,36.4,523.1,193.1,156.5,533.991304347826,-63.83836245501473,Large Deficient,482.3,-160.40000000000003,522.7,662.36,32.435281404892955
Jammu & Kashmir,1964,126.2,60.7,96.0,134.6,41.3,92.7,167.4,99.4,64.0,1.3,4.6,58.0,946.2,186.9,272.0,423.5,63.9,533.991304347826,-20.69159243759057,Deficient,193.1,-289.20000000000005,439.3666666666668,544.48,52.021516141021316
Jammu & Kashmir,1965,62.2,138.1,99.9,179.8,153.4,32.4,83.9,62.0,16.4,26.2,33.0,25.2,912.6,200.4,433.1,194.7,84.4,533.991304347826,-63.53873210767152,Large Deficient,423.5,230.4,366.3,436.94000000000005,36.915907396356175
Jammu & Kashmir,1966,1.5,199.3,155.2,148.5,114.0,59.9,169.7,203.9,217.4,83.6,3.5,22.4,1378.9,200.9,417.6,650.9,109.5,533.991304347826,21.89337067856504,Excess,194.7,-228.8,270.4333333333334,387.26,50.06708235405951
Jammu & Kashmir,1967,17.5,114.0,156.9,88.1,54.5,52.0,137.9,160.6,115.9,47.1,15.7,131.2,1091.3,131.5,299.5,466.3,194.0,533.991304347826,-12.676480646159346,Normal,650.9,456.2,423.0333333333335,388.9,50.55443697491786
Jammu & Kashmir,1968,117.2,72.4,85.2,63.0,58.6,52.1,259.3,183.2,20.9,65.6,29.8,58.2,1065.6,189.7,206.8,515.5,153.6,533.991304347826,-3.462847465355231,Normal,466.3,-184.59999999999997,437.3000000000001,385.7,50.51286735438866
Jammu & Kashmir,1969,81.2,139.7,112.1,174.1,107.7,33.3,156.6,176.4,45.0,62.8,5.6,1.1,1095.6,220.9,393.9,411.3,69.5,533.991304347826,-22.976273836082648,Deficient,515.5,49.19999999999999,544.2333333333335,450.17999999999995,36.96984817685154
Jammu & Kashmir,1970,51.7,44.5,94.1,36.0,37.5,79.5,67.2,99.8,84.4,57.3,0.0,4.9,657.0,96.2,167.5,331.0,62.2,533.991304347826,-38.01397189337067,Deficient,411.3,-104.19999999999999,464.3666666666668,447.73999999999995,37.30026965253229
Jammu & Kashmir,1971,28.1,112.0,10.4,111.0,34.5,93.2,117.6,192.7,13.5,3.6,27.1,20.8,764.7,140.2,155.9,417.1,51.5,533.991304347826,-21.89011382696346,Deficient,331.0,-80.30000000000001,419.2666666666668,475.0,25.230338331048372
Jammu & Kashmir,1972,70.2,128.5,169.3,119.5,84.1,31.8,122.4,142.8,67.5,96.7,25.8,87.1,1145.6,198.7,372.9,364.5,209.6,533.991304347826,-31.740461495871937,Deficient,417.1,86.10000000000002,386.46666666666687,428.23999999999995,16.06397212458525
Jammu & Kashmir,1973,134.1,83.4,131.3,65.9,57.2,29.1,180.9,299.7,45.5,21.6,0.0,51.8,1100.5,217.5,254.4,555.2,73.4,533.991304347826,3.971730528098507,Normal,364.5,-52.60000000000002,370.86666666666684,407.88,17.105396660810456
Jammu & Kashmir,1974,118.1,100.6,64.3,46.2,76.0,122.3,90.1,49.1,44.0,12.0,0.6,79.2,802.6,218.7,186.5,305.5,91.9,533.991304347826,-42.789330554153295,Deficient,555.2,190.70000000000005,445.6000000000002,415.82000000000005,20.574444783820496
Jammu & Kashmir,1975,71.5,94.3,180.1,83.5,98.4,39.6,262.7,256.5,73.5,1.8,12.8,5.8,1180.4,165.8,362.0,632.2,20.3,533.991304347826,18.39144099399113,Normal,305.5,-249.70000000000005,408.40000000000015,394.66,25.079882863702434
Jammu & Kashmir,1976,96.6,156.4,116.8,72.4,41.1,47.6,108.2,266.9,58.8,35.1,0.0,23.5,1023.7,253.1,230.4,481.6,58.7,533.991304347826,-9.81126544968977,Normal,632.2,326.70000000000005,497.6333333333335,454.9,29.78184613710127
Jammu & Kashmir,1977,150.2,21.3,21.1,145.3,68.8,56.5,183.7,115.0,63.2,36.1,20.8,73.1,955.0,171.5,235.2,418.4,130.0,533.991304347826,-21.6466641697471,Deficient,481.6,-150.60000000000002,473.1000000000002,467.8,28.65364014051629
Jammu & Kashmir,1978,50.2,73.0,253.6,60.6,40.4,76.7,172.0,173.4,70.1,1.1,89.7,0.8,1061.6,123.2,354.5,492.3,91.6,533.991304347826,-7.807487501831966,Normal,418.4,-63.200000000000045,510.7333333333335,478.58000000000004,26.235097947995122
Jammu & Kashmir,1979,65.6,98.4,228.6,58.4,147.1,51.6,103.8,115.9,71.0,7.6,89.9,39.5,1077.4,164.0,434.0,342.3,137.1,533.991304347826,-35.89783256525915,Deficient,492.3,73.90000000000003,464.10000000000014,466.0,25.52283961408182
Jammu & Kashmir,1980,84.1,171.6,136.8,36.1,61.4,106.9,161.9,68.7,57.8,28.0,47.3,57.1,1017.9,255.7,234.4,395.3,132.4,533.991304347826,-25.97257730951488,Deficient,342.3,-150.0,417.6666666666668,473.36,22.618692533838733
Jammu & Kashmir,1981,146.1,131.2,227.3,88.9,76.7,72.3,216.0,90.3,26.7,15.3,37.4,7.3,1135.5,277.3,392.8,405.3,60.1,533.991304347826,-24.09988763861973,Deficient,395.3,53.0,409.96666666666687,425.98,14.609938485913911
Jammu & Kashmir,1982,91.9,139.0,222.4,128.7,104.6,42.0,89.6,134.5,33.3,64.2,55.9,96.0,1202.2,230.9,455.8,299.4,216.2,533.991304347826,-43.93167125339934,Deficient,405.3,10.0,380.96666666666687,410.7200000000001,13.14692624544115
Jammu & Kashmir,1983,118.8,97.2,318.8,207.8,108.8,67.1,154.0,222.1,115.1,39.7,14.6,21.2,1485.2,216.0,635.4,558.2,75.6,533.991304347826,4.53353742936705,Normal,299.4,-105.90000000000003,366.6666666666668,386.91999999999996,18.79942215757086
Jammu & Kashmir,1984,33.6,181.2,90.5,128.2,52.3,63.2,159.6,234.7,96.4,2.0,45.4,70.2,1157.4,214.8,271.0,553.9,117.7,533.991304347826,3.728280870882125,Normal,558.2,258.80000000000007,420.96666666666687,400.1,24.52924393434842
Jammu & Kashmir,1985,80.1,23.7,42.1,71.4,106.9,54.4,295.5,154.8,54.7,90.0,13.9,179.7,1167.1,103.9,220.4,559.4,283.5,533.991304347826,4.758260189874456,Normal,553.9,-4.300000000000068,470.50000000000017,442.41999999999996,25.241974465049655
Jammu & Kashmir,1986,20.9,110.9,235.0,163.7,72.4,63.5,230.8,217.9,36.9,45.5,164.1,159.5,1521.0,131.8,471.1,548.9,369.2,533.991304347826,2.791936035434552,Normal,559.4,5.5,557.1666666666669,475.23999999999995,24.889219766091365
Jammu & Kashmir,1987,45.0,150.1,140.4,134.7,234.4,125.1,71.9,128.4,47.0,122.8,0.3,15.9,1216.0,195.1,509.5,372.5,139.0,533.991304347826,-30.242309759155816,Deficient,548.9,-10.5,554.0666666666668,503.96000000000004,22.705532568123846
Jammu & Kashmir,1988,78.2,155.5,280.2,46.8,39.9,76.3,413.8,165.7,308.6,5.4,7.0,93.6,1670.9,233.6,366.9,964.4,106.0,533.991304347826,80.60219186112786,Large Excess,372.5,-176.39999999999998,493.60000000000014,518.5799999999999,15.767132227741904
Jammu & Kashmir,1989,74.9,78.2,134.1,114.6,139.0,69.1,293.8,114.9,39.3,40.3,50.7,67.1,1216.0,153.1,387.7,517.1,158.1,533.991304347826,-3.1632171180120032,Normal,964.4,591.9,628.6000000000001,599.8199999999999,36.42370608050795
Jammu & Kashmir,1990,110.2,206.5,309.8,98.4,28.6,69.1,193.3,133.5,115.6,38.6,10.5,259.7,1574.0,316.7,436.9,511.5,308.9,533.991304347826,-4.211923333713289,Normal,517.1,-447.29999999999995,618.0000000000001,592.46,37.304705589467
Jammu & Kashmir,1991,71.3,216.5,176.1,233.2,93.5,75.6,162.8,204.4,148.9,10.6,5.6,50.5,1448.8,287.8,502.7,591.6,66.7,533.991304347826,10.788320930156834,Normal,511.5,-5.600000000000023,664.3333333333335,582.8799999999999,38.4001761161411
Jammu & Kashmir,1992,161.9,91.2,194.7,86.8,110.7,44.6,168.8,306.1,226.6,22.6,36.4,27.6,1478.1,253.2,392.2,746.1,86.6,533.991304347826,39.72137634548684,Excess,591.6,80.10000000000002,540.0666666666668,591.4200000000001,37.709153685693835
Jammu & Kashmir,1993,114.9,123.6,233.1,31.8,106.5,93.6,324.7,63.4,84.3,13.2,54.4,0.2,1243.8,238.5,371.4,566.0,67.8,533.991304347826,5.994235372665256,Normal,746.1,154.5,616.4000000000001,666.1400000000001,28.781623370131936
Jammu & Kashmir,1994,139.9,133.0,82.3,136.6,99.2,107.9,344.7,329.1,88.6,32.4,2.7,236.0,1732.5,273.0,318.1,870.3,271.1,533.991304347826,62.98018205800453,Large Excess,566.0,-180.10000000000002,634.5666666666667,586.46,16.257066563190484
Jammu & Kashmir,1995,101.4,210.2,129.3,124.9,74.4,56.0,408.0,241.3,140.1,38.8,45.6,49.6,1619.6,311.6,328.5,845.4,134.1,533.991304347826,58.31718477747563,Excess,870.3,304.29999999999995,727.4666666666668,657.1,22.465043435878567
Jammu & Kashmir,1996,127.5,115.7,213.6,85.4,125.5,182.0,136.0,441.5,52.3,96.4,25.8,18.8,1620.4,243.2,424.4,811.8,141.0,533.991304347826,52.02494748326794,Excess,845.4,-24.899999999999977,760.566666666667,723.8799999999999,19.429286492498317
Jammu & Kashmir,1997,68.4,55.6,164.1,144.5,89.1,81.2,126.6,270.2,75.4,77.3,84.3,59.2,1295.9,124.0,397.7,553.4,220.8,533.991304347826,3.634646387337368,Normal,811.8,-33.60000000000002,842.5000000000001,767.92,15.90335004030072
Jammu & Kashmir,1998,75.0,297.2,185.4,192.8,75.1,59.3,161.0,131.1,97.9,49.2,1.8,0.0,1325.9,372.2,453.3,449.3,51.1,533.991304347826,-15.860053086681097,Normal,553.4,-258.4,736.8666666666668,729.3799999999999,21.435229093167525
Jammu & Kashmir,1999,183.5,56.0,91.6,24.3,47.6,51.9,133.8,145.0,84.8,3.5,68.4,0.2,890.3,239.4,163.5,415.5,72.0,533.991304347826,-22.18974417430669,Deficient,449.3,-104.09999999999997,604.8333333333335,706.04,27.133566330562775
Jammu & Kashmir,2000,159.5,106.6,90.4,30.4,51.1,95.5,193.7,123.6,73.2,1.4,21.0,38.2,984.6,266.2,171.9,485.9,60.6,533.991304347826,-9.006008891204868,Normal,415.5,-33.80000000000001,472.7333333333335,615.0799999999999,32.805991731157356
Jammu & Kashmir,2001,17.4,54.3,81.7,92.8,69.6,121.7,243.9,126.7,53.9,12.7,51.6,26.4,952.7,71.7,244.1,546.3,90.6,533.991304347826,2.3050367210018097,Normal,485.9,70.39999999999998,450.2333333333335,543.1800000000001,29.20451005467189
Jammu & Kashmir,2002,58.7,101.2,105.5,86.3,33.0,94.2,78.7,217.4,97.9,15.2,0.7,14.6,903.5,159.9,224.8,488.3,30.5,533.991304347826,-8.556563370190025,Normal,546.3,60.39999999999998,482.56666666666683,490.0799999999999,12.248325601183344
Jammu & Kashmir,2003,26.9,267.2,170.9,117.5,111.3,41.0,136.0,185.5,126.1,13.3,33.7,81.7,1311.1,294.2,399.7,488.5,128.8,533.991304347826,-8.519109576772124,Normal,488.3,-57.99999999999994,506.8333333333335,477.06000000000006,10.247106082492309
Jammu & Kashmir,2004,176.0,70.6,21.2,118.9,87.5,95.2,118.0,77.9,40.5,73.3,23.3,42.4,944.9,246.6,227.6,331.8,138.9,533.991304347826,-37.86415671969906,Deficient,488.5,0.19999999999998863,507.7000000000001,484.9,9.568983295524875
Jammu & Kashmir,2005,296.0,403.5,189.7,64.9,92.0,41.6,440.3,77.7,50.0,14.6,21.8,0.5,1692.7,699.5,346.6,609.7,37.0,533.991304347826,14.177889234477052,Normal,331.8,-156.7,436.2000000000001,468.16,17.166079679387284
Jammu & Kashmir,2006,200.3,92.3,96.8,34.4,43.8,74.3,209.0,331.5,203.0,46.2,72.5,115.8,1519.8,292.5,174.9,817.8,234.5,533.991304347826,53.148561285805016,Excess,609.7,277.90000000000003,476.6666666666668,492.91999999999996,20.908568329362858
Jammu & Kashmir,2007,12.3,116.7,259.3,15.0,65.6,143.9,132.4,196.8,33.0,1.6,0.0,47.0,1023.5,129.0,339.8,506.1,48.6,533.991304347826,-5.223175755996664,Normal,817.8,208.0999999999999,586.4333333333335,547.22,33.00029932406058
Jammu & Kashmir,2008,153.5,130.8,9.9,97.7,63.3,134.9,266.3,166.0,44.7,42.4,25.2,89.8,1224.5,284.2,170.8,612.0,157.4,533.991304347826,14.608607858782928,Normal,506.1,-311.69999999999993,644.5333333333334,550.78,32.55441853500704
Jammu & Kashmir,2009,120.3,117.9,63.7,113.5,64.3,64.1,,96.5,50.5,8.1,,,,238.2,241.5,,,533.991304347826,,Unknown,612.0,105.89999999999998,645.3000000000002,575.4799999999999,30.769353282402996
Jammu & Kashmir,2010,30.9,142.2,34.9,63.9,128.3,67.4,137.3,253.2,65.0,25.0,13.6,36.1,997.9,173.2,227.1,522.9,74.7,533.991304347826,-2.077057108892827,Normal,,,,,
Jammu & Kashmir,2011,43.4,211.6,97.8,89.0,32.4,72.5,81.6,131.2,72.0,19.4,12.9,23.8,887.6,254.9,219.2,357.3,56.1,533.991304347826,-33.08879805891644,Deficient,522.9,,,,
Jammu & Kashmir,2012,150.9,95.8,45.2,86.6,48.9,32.6,118.8,264.9,106.7,15.7,10.8,57.8,1034.7,246.7,180.7,523.0,84.3,533.991304347826,-2.058330212183872,Normal,357.3,-165.59999999999997,,,
Jammu & Kashmir,2013,52.2,136.4,41.9,47.4,47.4,80.5,125.1,219.1,41.2,34.4,13.4,20.3,859.3,188.6,136.7,465.8,68.1,533.991304347826,-12.770115129704104,Normal,523.0,165.7,467.7333333333335,,
Jammu & Kashmir,2014,75.8,64.0,153.1,76.1,52.7,25.3,100.5,134.6,362.8,32.2,14.1,2.3,1093.4,139.8,281.9,623.2,48.5,533.991304347826,16.7060202901855,Normal,465.8,-57.19999999999999,448.7000000000002,,
Jammu & Kashmir,2015,27.9,187.2,341.4,173.3,64.6,121.4,233.2,129.2,130.2,87.1,38.1,39.3,1572.8,215.1,579.3,614.0,164.5,533.991304347826,14.983145792961954,Normal,623.2,157.40000000000003,537.3333333333336,498.43999999999994,19.49079119646909
Jammu & Kashmir,2016,34.5,44.4,191.4,82.0,58.4,62.9,193.0,181.8,45.1,3.3,0.0,6.1,902.8,78.8,331.8,482.7,9.4,533.991304347826,-9.605269585891312,Normal,614.0,-9.200000000000045,567.6666666666669,516.6600000000001,21.38899114980469
Jammu & Kashmir,2017,255.5,106.4,85.0,156.7,38.5,158.5,180.7,161.4,43.3,0.3,11.3,81.5,1278.9,361.8,280.1,543.9,93.1,533.991304347826,1.8555911999869792,Normal,482.7,-131.3,573.3000000000003,541.74,13.520862678077364
Jharkhand,1901,92.7,66.6,11.1,18.4,33.5,70.9,269.4,415.1,248.0,37.3,11.5,0.0,1274.5,159.3,63.0,1003.4,48.8,1045.7063829787232,-4.045722935936603,Normal,,,,,
Jharkhand,1902,4.2,7.7,13.2,28.5,59.8,89.9,456.1,204.9,306.6,17.6,5.9,3.2,1197.6,11.9,101.5,1057.5,26.7,1045.7063829787232,1.1278134295864504,Normal,1003.4,,,,
Jharkhand,1903,25.1,19.5,10.7,32.8,56.4,142.1,206.1,280.8,190.2,210.1,0.5,0.0,1174.3,44.6,99.9,819.3,210.6,1045.7063829787232,-21.65104724079416,Deficient,1057.5,54.10000000000002,,,
Jharkhand,1904,2.5,17.0,38.1,9.1,116.1,308.9,494.1,336.1,125.6,30.6,2.3,0.4,1480.7,19.6,163.3,1264.6,33.3,1045.7063829787232,20.932607908326258,Excess,819.3,-238.20000000000005,960.0666666666666,,
Jharkhand,1905,38.4,53.3,61.6,32.9,66.2,41.5,420.3,293.7,322.8,21.3,0.0,2.7,1354.7,91.7,160.7,1078.3,24.0,1045.7063829787232,3.116899499879967,Normal,1264.6,445.29999999999995,1047.1333333333332,,
Jharkhand,1906,45.8,128.5,35.9,1.7,33.9,170.9,355.6,251.6,185.4,96.8,7.1,1.1,1314.3,174.3,71.5,963.5,105.0,1045.7063829787232,-7.861325541932346,Normal,1078.3,-186.29999999999995,1054.0666666666666,1044.6200000000001,15.298586954236265
Jharkhand,1907,2.0,59.3,76.0,26.3,27.4,338.1,230.4,469.4,200.2,1.7,0.0,24.8,1455.7,61.4,129.7,1238.1,26.5,1045.7063829787232,18.398435751461918,Normal,963.5,-114.79999999999995,1102.1333333333332,1036.64,15.756879870695231
Jharkhand,1908,12.2,46.4,4.8,0.6,48.6,210.1,326.2,368.0,171.6,25.5,0.1,0.1,1214.2,58.7,54.0,1075.9,25.6,1045.7063829787232,2.887389568692266,Normal,1238.1,274.5999999999999,1093.3,1072.76,17.461201494542365
Jharkhand,1909,32.2,10.1,0.9,78.8,27.2,314.0,319.9,360.3,267.8,23.4,0.0,13.3,1447.9,42.3,106.9,1262.0,36.7,1045.7063829787232,20.68397214953957,Excess,1075.9,-162.19999999999982,1092.5,1124.08,11.160120519465893
Jharkhand,1910,20.7,9.0,2.4,24.4,43.7,255.5,268.6,334.5,244.7,84.2,9.4,0.3,1297.6,29.7,70.5,1103.3,94.0,1045.7063829787232,5.507627949751988,Normal,1262.0,186.0999999999999,1192.0,1123.56,11.100776731687448
Jharkhand,1911,0.7,0.2,31.5,7.7,25.5,391.6,164.2,410.3,303.5,100.5,39.7,0.0,1475.4,0.9,64.7,1269.6,140.2,1045.7063829787232,21.410753598300666,Excess,1103.3,-158.70000000000005,1147.0666666666668,1128.56,10.893908006301297
Jharkhand,1912,1.7,25.1,15.2,29.7,42.4,125.2,361.7,347.6,108.7,34.3,51.2,0.0,1142.9,26.9,87.4,943.2,85.5,1045.7063829787232,-9.80259704322842,Normal,1269.6,166.29999999999995,1211.6333333333334,1189.78,7.790910739694809
Jharkhand,1913,1.9,111.6,40.1,1.0,77.9,375.5,321.3,383.8,164.3,73.8,18.3,16.3,1585.6,113.5,118.9,1244.8,108.4,1045.7063829787232,19.03915097602762,Excess,943.2,-326.39999999999986,1105.3666666666666,1130.8,12.14488457460771
Jharkhand,1914,0.1,24.6,19.4,23.6,150.1,123.8,354.4,337.0,159.5,16.7,0.0,6.2,1215.5,24.8,193.1,974.7,23.0,1045.7063829787232,-6.790279196389676,Normal,1244.8,301.5999999999999,1152.5333333333333,1164.5800000000002,12.122238332449612
Jharkhand,1915,7.7,36.7,33.4,10.7,58.6,149.7,270.2,220.5,214.7,60.0,39.9,0.1,1102.3,44.4,102.7,855.1,100.0,1045.7063829787232,-18.227524100577423,Normal,974.7,-270.0999999999999,1054.2333333333333,1107.12,13.531716460562365
Jharkhand,1916,0.0,14.3,0.2,17.1,22.6,283.5,224.9,303.2,231.5,253.2,13.8,0.0,1364.3,14.3,39.9,1043.1,267.0,1045.7063829787232,-0.2492461575398419,Normal,855.1,-119.60000000000002,1024.8666666666668,1057.48,17.75154745519564
Jharkhand,1917,1.7,40.1,17.1,9.0,107.1,287.0,359.5,372.8,251.2,277.1,1.2,0.5,1724.4,41.8,133.2,1270.5,278.8,1045.7063829787232,21.49681982249606,Excess,1043.1,187.9999999999999,957.6333333333333,1012.18,14.478449312980995
Jharkhand,1918,4.2,2.4,3.6,15.5,78.5,324.0,149.7,406.7,175.9,1.7,0.0,0.5,1162.6,6.5,97.6,1056.3,2.2,1045.7063829787232,1.013058463992589,Normal,1270.5,227.4000000000001,1056.2333333333333,1077.6399999999999,16.49900279947095
Jharkhand,1919,102.9,16.2,23.5,19.0,67.9,367.3,331.8,398.2,215.7,87.4,3.4,0.1,1633.5,119.1,110.4,1313.0,91.0,1045.7063829787232,25.561058187278498,Excess,1056.3,-214.20000000000005,1123.3,1039.94,14.572006086914236
Jharkhand,1920,0.0,19.5,62.6,8.8,41.9,109.4,660.2,321.6,184.7,6.3,0.0,0.0,1415.0,19.5,113.3,1275.9,6.3,1045.7063829787232,22.01321716766843,Excess,1313.0,256.70000000000005,1213.2666666666667,1107.6,16.84696631492012
Jharkhand,1921,37.1,11.0,1.4,20.8,12.9,228.2,325.2,391.5,182.8,22.8,0.0,0.0,1233.8,48.1,35.2,1127.7,22.8,1045.7063829787232,7.840978916827088,Normal,1275.9,-37.09999999999991,1215.0666666666668,1191.7599999999998,10.97482785179292
Jharkhand,1922,8.2,6.2,0.0,14.5,19.5,305.3,404.7,365.9,250.0,58.8,9.2,0.9,1443.2,14.4,34.0,1325.9,68.9,1045.7063829787232,26.794674067412465,Excess,1127.7,-148.20000000000005,1238.8666666666668,1208.6799999999998,9.157104324015751
Jharkhand,1923,0.7,68.3,5.3,5.1,26.7,186.0,398.4,552.5,124.0,46.0,18.2,0.6,1431.9,69.0,37.1,1260.9,64.8,1045.7063829787232,20.578780097745213,Excess,1325.9,198.20000000000005,1243.166666666667,1219.76,9.898050810426042
Jharkhand,1924,23.0,16.6,1.9,12.2,26.3,148.7,431.8,269.6,323.6,75.1,103.1,0.0,1431.8,39.5,40.4,1173.7,178.2,1045.7063829787232,12.239919264591604,Normal,1260.9,-65.0,1238.1666666666667,1260.6799999999998,6.259226829941392
Jharkhand,1925,4.7,6.1,12.1,37.1,84.6,196.5,428.3,314.0,172.5,63.5,7.7,0.5,1327.6,10.8,133.8,1111.3,71.7,1045.7063829787232,6.272661053711033,Normal,1173.7,-87.20000000000005,1253.5000000000002,1232.8200000000002,6.521255992288381
Jharkhand,1926,33.5,3.4,95.0,13.5,41.5,55.7,466.5,391.2,309.6,44.6,2.9,21.0,1478.4,36.9,150.0,1223.0,68.5,1045.7063829787232,16.954435767739223,Normal,1111.3,-62.40000000000009,1181.966666666667,1199.9,7.609364479396935
Jharkhand,1927,27.9,99.0,31.6,2.9,41.7,92.3,452.5,311.6,156.4,51.4,15.8,0.0,1283.1,126.8,76.3,1012.8,67.2,1045.7063829787232,-3.146809038784726,Normal,1223.0,111.70000000000005,1169.3333333333333,1218.9599999999998,6.7213650363936335
Jharkhand,1928,51.4,11.8,3.0,26.4,48.1,313.4,396.7,213.7,131.7,183.3,0.1,4.4,1384.0,63.2,77.4,1055.5,187.8,1045.7063829787232,0.9365551535966888,Normal,1012.8,-210.20000000000005,1115.7,1156.34,8.463321249947015
Jharkhand,1929,63.9,15.2,12.7,11.4,29.5,111.4,541.7,412.2,124.6,236.4,0.0,52.5,1611.5,79.1,53.5,1190.0,288.8,1045.7063829787232,13.798674213908155,Normal,1055.5,42.700000000000045,1097.1000000000001,1115.2599999999998,7.648936335091383
Jharkhand,1930,0.9,4.3,7.7,18.1,16.5,125.5,506.8,361.4,222.8,44.5,121.1,4.4,1434.0,5.2,42.3,1216.5,170.0,1045.7063829787232,16.332846370772497,Normal,1190.0,134.5,1086.1000000000001,1118.52,7.8992022194591645
Jharkhand,1931,7.0,116.9,18.0,2.2,37.1,109.0,357.0,355.2,201.2,112.7,33.4,0.8,1350.4,123.9,57.3,1022.3,146.9,1045.7063829787232,-2.238332227833358,Normal,1216.5,26.5,1154.0,1139.56,8.615954865993643
Jharkhand,1932,0.0,32.8,4.0,15.0,45.8,96.5,374.1,297.8,221.1,50.2,55.5,0.9,1193.8,32.8,64.8,989.5,106.6,1045.7063829787232,-5.374967954065444,Normal,1022.3,-194.20000000000005,1142.9333333333334,1099.4199999999998,8.78241400899268
Jharkhand,1933,61.2,58.7,8.9,37.0,94.0,218.1,366.8,397.3,209.6,74.5,4.1,5.5,1535.6,119.9,139.9,1191.8,84.1,1045.7063829787232,13.970806662298935,Normal,989.5,-32.799999999999955,1076.1000000000001,1094.76,9.333523774101367
Jharkhand,1934,24.0,10.3,1.8,13.1,13.6,166.7,324.2,341.4,230.5,55.9,12.0,3.9,1197.4,34.3,28.4,1062.8,71.9,1045.7063829787232,1.634647860959314,Normal,1191.8,202.29999999999995,1067.8666666666668,1122.02,9.549547048132961
Jharkhand,1935,35.8,21.7,10.0,23.4,6.7,120.5,295.8,435.6,200.0,1.6,0.0,0.5,1151.6,57.5,40.0,1051.9,2.1,1045.7063829787232,0.5922902568151266,Normal,1062.8,-129.0,1081.3666666666666,1096.58,9.296771773318707
Jharkhand,1936,15.9,18.9,13.5,5.4,93.0,279.1,378.9,346.2,356.8,135.2,11.4,10.1,1664.3,34.8,111.8,1361.0,156.7,1045.7063829787232,30.151256811032773,Excess,1051.9,-10.899999999999864,1102.1666666666667,1063.66,7.247278225998473
Jharkhand,1937,0.0,96.4,4.9,20.7,72.1,186.1,363.2,300.8,276.2,129.6,0.4,0.0,1450.6,96.4,97.7,1126.4,130.1,1045.7063829787232,7.716661037433746,Normal,1361.0,309.0999999999999,1158.5666666666668,1131.4,13.074428607033248
Jharkhand,1938,29.0,36.1,0.2,0.8,102.1,201.0,269.0,344.1,200.4,45.1,1.9,0.0,1229.8,65.2,103.1,1014.5,47.1,1045.7063829787232,-2.984239504193424,Normal,1126.4,-234.5999999999999,1179.7666666666669,1158.78,10.887468613648654
Jharkhand,1939,14.7,47.8,41.7,15.4,18.3,237.0,367.3,378.2,257.0,139.8,1.0,1.6,1519.7,62.4,75.3,1239.5,142.4,1045.7063829787232,18.532316544654755,Normal,1014.5,-111.90000000000009,1167.3000000000002,1123.3200000000002,12.359819922682144
Jharkhand,1940,0.2,38.1,89.6,15.6,42.3,123.3,339.6,387.3,130.1,41.2,0.0,24.6,1231.9,38.4,147.5,980.3,65.8,1045.7063829787232,-6.254756023618352,Normal,1239.5,225.0,1126.8000000000002,1158.6600000000003,12.258658098938287
Jharkhand,1941,41.6,4.2,2.5,7.0,52.3,287.8,357.2,365.3,196.3,164.7,34.6,0.1,1513.5,45.9,61.7,1206.5,199.3,1045.7063829787232,15.37655499082369,Normal,980.3,-259.20000000000005,1078.1000000000001,1144.34,13.823002895287933
Jharkhand,1942,8.8,61.4,19.9,31.2,22.7,140.5,482.3,433.3,356.2,25.9,5.8,1.0,1589.0,70.2,73.8,1412.3,32.7,1045.7063829787232,35.057031590170155,Excess,1206.5,226.20000000000005,1142.1000000000001,1113.44,10.263192030214247
Jharkhand,1943,76.4,12.5,0.7,34.9,38.9,127.5,452.1,488.0,245.0,80.1,0.0,0.0,1556.1,88.9,74.5,1312.5,80.1,1045.7063829787232,25.513243618281056,Excess,1412.3,205.79999999999995,1199.7,1170.62,15.10330392144143
Jharkhand,1944,34.5,65.3,46.6,29.1,18.7,129.4,368.5,428.3,149.0,112.5,4.3,0.3,1386.3,99.8,94.3,1075.1,117.1,1045.7063829787232,2.8108862582963434,Normal,1312.5,-99.79999999999995,1310.4333333333334,1230.22,13.045870110215708
Jharkhand,1945,45.8,27.4,0.4,25.6,45.2,168.4,276.6,293.1,277.2,144.6,3.2,1.2,1308.7,73.2,71.2,1015.3,149.0,1045.7063829787232,-2.907736193797524,Normal,1075.1,-237.4000000000001,1266.6333333333334,1197.3400000000001,14.562092525584832
Jharkhand,1946,0.0,16.1,16.7,68.5,84.1,270.1,329.4,345.0,253.0,135.6,34.6,0.1,1553.2,16.1,169.3,1197.5,170.4,1045.7063829787232,14.515892748869764,Normal,1015.3,-59.799999999999955,1134.3000000000002,1204.34,13.605115475377492
Jharkhand,1947,12.1,24.1,45.9,2.8,35.7,143.8,291.1,302.8,253.5,106.2,2.3,14.3,1234.5,36.2,84.3,991.2,122.8,1045.7063829787232,-5.212398419474143,Normal,1197.5,182.20000000000005,1095.966666666667,1202.54,13.627124293898024
Jharkhand,1948,26.7,18.7,17.7,8.4,47.0,185.9,386.0,318.0,207.3,96.9,89.9,0.2,1402.6,45.4,73.1,1097.1,187.0,1045.7063829787232,4.914727294183721,Normal,991.2,-206.29999999999995,1068.0,1118.3200000000002,12.048135920907784
Jharkhand,1949,21.8,16.2,15.5,57.4,107.8,187.3,364.0,384.7,215.0,66.0,0.0,1.0,1436.7,37.9,180.7,1151.0,67.0,1045.7063829787232,10.069137832107804,Normal,1097.1,105.89999999999986,1095.2666666666667,1075.24,7.509758636770158
Jharkhand,1950,1.0,14.8,31.4,1.9,36.4,318.4,389.6,389.6,173.1,21.1,11.9,3.7,1393.0,15.9,69.6,1270.7,36.7,1045.7063829787232,21.51594565009504,Excess,1151.0,53.90000000000009,1079.7666666666667,1090.42,8.030102778213447
Jharkhand,1951,5.1,0.4,48.9,24.2,25.1,177.5,259.1,267.0,186.1,69.2,9.0,0.0,1071.7,5.5,98.2,889.7,78.2,1045.7063829787232,-14.918755925954544,Normal,1270.7,119.70000000000005,1172.9333333333334,1141.5,9.238003823054326
Jharkhand,1952,3.9,10.7,24.2,36.0,58.0,210.7,357.7,355.7,237.9,89.7,1.4,1.4,1387.4,14.6,118.2,1162.0,92.5,1045.7063829787232,11.121058350051491,Normal,889.7,-381.0,1103.8,1079.94,13.561650027611135
Jharkhand,1953,35.3,11.0,0.8,7.4,28.5,213.0,440.0,416.2,314.5,23.4,19.3,0.0,1509.4,46.3,36.6,1383.7,42.7,1045.7063829787232,32.32203824351657,Excess,1162.0,272.29999999999995,1107.466666666667,1114.1,12.600126338460992
Jharkhand,1954,12.4,8.4,4.3,3.5,29.7,160.9,272.2,267.4,257.8,35.3,0.6,7.0,1059.5,20.8,37.6,958.3,42.9,1045.7063829787232,-8.35859705950573,Normal,1383.7,221.70000000000005,1145.1333333333334,1171.42,15.670690030557463
Jharkhand,1955,43.6,9.8,5.9,5.1,23.9,137.7,347.1,240.5,155.4,96.9,14.8,0.1,1080.8,53.4,34.8,880.7,111.8,1045.7063829787232,-15.77941816790847,Normal,958.3,-425.4000000000001,1168.0000000000002,1132.8799999999999,18.323735861712002
Jharkhand,1956,13.9,25.7,50.3,5.8,78.5,259.3,301.6,344.6,312.9,140.9,14.3,7.9,1555.7,39.6,134.6,1218.4,163.2,1045.7063829787232,16.51454173296278,Normal,880.7,-77.59999999999991,1074.2333333333333,1054.88,20.47209777189725
Jharkhand,1957,56.3,24.7,30.6,2.4,6.5,163.6,498.7,293.2,283.0,18.2,0.0,0.2,1377.5,81.1,39.5,1238.6,18.4,1045.7063829787232,18.44625032045936,Normal,1218.4,337.70000000000005,1019.1333333333336,1120.6200000000001,18.09065247555931
Jharkhand,1958,11.5,39.8,20.0,24.8,12.2,93.6,336.1,263.3,267.2,111.3,0.7,0.0,1180.5,51.3,56.9,960.3,112.0,1045.7063829787232,-8.167338783515968,Normal,1238.6,20.199999999999818,1112.5666666666666,1135.94,18.435844774820133
Jharkhand,1959,51.6,5.6,5.2,17.5,56.4,188.5,332.6,305.8,363.9,272.8,0.0,0.0,1599.9,57.1,79.0,1190.9,272.8,1045.7063829787232,13.884740438103558,Normal,960.3,-278.29999999999995,1139.1000000000001,1051.2599999999998,15.705396545483744
Jharkhand,1960,6.6,0.5,29.3,1.9,32.1,115.6,310.1,432.7,274.6,44.8,0.6,0.0,1248.8,7.0,63.3,1133.0,45.4,1045.7063829787232,8.347813348199951,Normal,1190.9,230.60000000000014,1129.9333333333334,1097.7800000000002,15.042424293206288
Jharkhand,1961,8.9,84.3,1.0,4.6,30.0,298.6,296.3,358.2,317.2,155.3,1.6,4.6,1560.5,93.2,35.6,1270.2,161.5,1045.7063829787232,21.468131081097603,Excess,1133.0,-57.90000000000009,1094.7333333333333,1148.24,9.781714126183564
Jharkhand,1962,8.2,15.0,4.3,31.1,26.5,167.4,251.5,265.5,213.5,55.8,0.0,8.9,1047.7,23.2,61.9,897.9,64.8,1045.7063829787232,-14.134596994396528,Normal,1270.2,137.20000000000005,1198.0333333333335,1158.6,10.5599833317237
Jharkhand,1963,2.8,7.8,9.9,23.3,67.7,171.5,301.6,249.0,241.3,228.6,11.2,0.2,1315.0,10.6,100.8,963.4,240.1,1045.7063829787232,-7.870888455731835,Normal,897.9,-372.30000000000007,1100.3666666666666,1090.46,14.370501656611848
Jharkhand,1964,2.2,12.2,4.7,18.9,53.8,200.4,306.4,262.0,214.4,71.5,3.9,0.0,1150.3,14.3,77.4,983.2,75.4,1045.7063829787232,-5.9774315234331885,Normal,963.4,65.5,1043.8333333333335,1091.08,14.303779895665716
Jharkhand,1965,0.8,8.7,26.6,31.3,14.8,113.1,354.6,215.9,206.2,39.2,0.3,0.9,1012.4,9.5,72.8,889.7,40.4,1045.7063829787232,-14.918755925954544,Normal,983.2,19.800000000000068,948.1666666666666,1049.54,14.329418465185404
Jharkhand,1966,24.7,3.8,0.2,10.5,22.1,233.2,174.1,263.4,87.9,35.8,15.9,8.1,879.8,28.5,32.8,758.7,59.8,1045.7063829787232,-27.44617300328393,Deficient,889.7,-93.5,945.4333333333334,1000.8799999999999,15.576070798255731
Jharkhand,1967,8.6,1.0,39.9,24.2,43.7,71.9,283.5,450.8,268.5,19.8,1.1,12.3,1225.3,9.6,107.8,1074.6,33.2,1045.7063829787232,2.763071689298904,Normal,758.7,-131.0,877.2000000000002,898.5800000000002,9.798271962180022
Jharkhand,1968,34.4,9.4,5.5,4.7,22.0,272.6,351.5,420.5,97.2,71.2,0.5,3.7,1293.4,43.9,32.2,1141.8,75.5,1045.7063829787232,9.189349762554896,Normal,1074.6,315.89999999999986,907.6666666666666,933.9200000000001,12.640574867842702
Jharkhand,1969,6.2,4.0,5.0,34.7,86.1,130.2,299.0,337.4,209.4,25.1,20.9,0.1,1158.1,10.2,125.8,976.0,46.1,1045.7063829787232,-6.665961316996335,Normal,1141.8,67.20000000000005,991.7000000000002,969.6,15.617903155275418
Jharkhand,1970,24.3,16.6,28.0,8.4,29.7,182.4,300.0,252.8,380.7,67.0,1.5,0.0,1291.5,40.9,66.1,1116.0,68.5,1045.7063829787232,6.722118002286977,Normal,976.0,-165.79999999999995,1064.1333333333334,968.1600000000001,15.627965535071558
Jharkhand,1971,43.4,24.3,2.1,95.6,83.5,272.3,503.1,526.1,237.5,104.0,6.7,0.1,1898.6,67.7,181.2,1539.0,110.8,1045.7063829787232,47.17324337412156,Excess,1116.0,140.0,1077.9333333333334,1013.4200000000001,15.368542124719717
Jharkhand,1972,8.6,46.5,0.2,9.1,3.2,75.9,248.5,352.7,175.1,54.4,21.6,0.4,996.1,55.1,12.5,852.1,76.3,1045.7063829787232,-18.514411514562067,Normal,1539.0,423.0,1210.3333333333333,1169.48,18.468957854879182
Jharkhand,1973,10.6,15.2,23.9,7.1,56.4,184.3,224.3,294.6,365.4,245.1,13.7,0.6,1441.0,25.8,87.4,1068.5,259.4,1045.7063829787232,2.179733947530139,Normal,852.1,-686.9,1169.0333333333335,1124.98,23.027377912520762
Jharkhand,1974,2.6,0.5,24.3,3.3,51.9,64.9,334.9,331.7,235.0,76.6,0.3,1.0,1127.0,3.1,79.5,966.6,77.9,1045.7063829787232,-7.564875214148213,Normal,1068.5,216.39999999999998,1153.2,1110.3200000000002,23.410919464567627
Jharkhand,1975,17.2,13.4,26.0,10.1,30.1,121.0,477.6,339.2,224.3,102.5,0.1,0.0,1361.3,30.6,66.1,1162.1,102.6,1045.7063829787232,11.130621263850973,Normal,966.6,-101.89999999999998,962.4000000000001,1108.44,23.562978169647998
Jharkhand,1976,0.0,23.1,7.2,25.2,58.2,107.0,297.5,263.0,394.5,9.3,3.2,3.5,1191.8,23.1,90.6,1062.0,16.0,1045.7063829787232,1.558144550563414,Normal,1162.1,195.4999999999999,1065.7333333333333,1117.66,23.471024549074297
Jharkhand,1977,19.2,8.1,3.8,47.9,102.5,281.1,458.3,316.4,184.8,50.3,27.3,21.8,1521.5,27.3,154.2,1240.7,99.3,1045.7063829787232,18.64707151024861,Normal,1062.0,-100.09999999999991,1063.5666666666668,1022.2599999999999,11.504551938567461
Jharkhand,1978,10.5,50.9,45.3,28.4,33.8,283.7,252.8,341.1,376.5,114.3,7.0,12.0,1556.1,61.4,107.5,1254.0,133.2,1045.7063829787232,19.91893904558053,Excess,1240.7,178.70000000000005,1154.9333333333334,1099.98,9.52229917144547
Jharkhand,1979,22.4,38.7,6.1,19.5,6.1,129.1,286.0,174.9,134.2,36.1,18.7,11.0,882.8,61.1,31.6,724.3,65.8,1045.7063829787232,-30.73581535030784,Deficient,1254.0,13.299999999999955,1185.5666666666668,1137.08,10.747047219530854
Jharkhand,1980,13.6,14.9,37.1,21.0,40.0,273.7,350.7,281.2,232.1,73.8,0.0,2.3,1340.6,28.5,98.1,1137.8,76.1,1045.7063829787232,8.806833210575375,Normal,724.3,-529.7,1073.0000000000002,1088.6200000000001,19.984220087862855
Jharkhand,1981,40.7,33.5,20.1,40.9,94.9,143.3,355.3,226.4,189.5,6.1,3.1,13.4,1167.2,74.2,156.0,914.5,22.5,1045.7063829787232,-12.547153303681505,Normal,1137.8,413.5,1038.7,1083.7599999999998,19.908874244218154
Jharkhand,1982,8.4,23.6,77.3,30.9,33.4,183.9,180.8,358.7,118.1,52.7,15.7,1.8,1085.3,32.0,141.5,841.5,70.2,1045.7063829787232,-19.5280803773078,Normal,914.5,-223.29999999999995,925.5333333333334,1054.2599999999998,21.735751341510504
Jharkhand,1983,4.3,33.1,9.9,44.4,83.3,131.8,280.0,240.6,308.8,110.7,0.2,14.7,1261.7,37.4,137.6,961.2,125.5,1045.7063829787232,-8.081272559320567,Normal,841.5,-73.0,964.6,974.4199999999998,22.288575640275564
Jharkhand,1984,33.4,26.2,1.6,14.1,31.0,479.6,350.4,387.3,155.8,50.2,0.1,0.1,1529.9,59.6,46.7,1373.2,50.5,1045.7063829787232,31.317932294570323,Excess,961.2,119.70000000000005,905.7333333333336,915.8599999999999,16.69700594646274
Jharkhand,1985,19.1,9.1,1.6,8.8,48.2,131.2,338.0,312.6,216.6,153.7,0.5,0.9,1240.3,28.3,58.6,998.3,155.1,1045.7063829787232,-4.533431539710497,Normal,1373.2,412.0,1058.6333333333334,1045.6399999999999,20.3879132628866
Jharkhand,1986,6.9,21.2,3.8,25.0,74.8,253.0,352.2,212.9,188.5,128.2,31.1,37.9,1335.6,28.1,103.7,1006.6,197.2,1045.7063829787232,-3.739709694352981,Normal,998.3,-374.9000000000001,1110.9000000000003,1017.74,20.353983214816004
Jharkhand,1987,5.9,10.1,10.9,30.3,44.9,93.1,410.8,371.1,299.1,19.7,31.4,5.4,1332.7,15.9,86.1,1174.1,56.6,1045.7063829787232,12.278170919789543,Normal,1006.6,8.300000000000068,1126.0333333333335,1036.16,19.266698413826337
Jharkhand,1988,3.1,37.1,42.2,23.7,23.6,303.6,273.5,276.1,127.8,38.7,2.6,1.6,1153.7,40.2,89.5,981.1,42.9,1045.7063829787232,-6.178252713222441,Normal,1174.1,167.4999999999999,1059.6666666666667,1102.6799999999998,15.604226830711204
Jharkhand,1989,1.9,0.3,2.8,0.1,66.4,246.0,285.6,258.9,219.0,39.6,8.6,19.7,1149.0,2.2,69.3,1009.5,67.9,1045.7063829787232,-3.4623851941678283,Normal,981.1,-192.9999999999999,1053.9333333333336,1106.66,15.19525812817485
Jharkhand,1990,0.8,48.0,22.2,15.4,90.6,197.4,430.7,230.8,226.0,128.1,14.2,0.3,1404.2,48.7,128.2,1084.8,142.6,1045.7063829787232,3.7384888968466914,Normal,1009.5,28.399999999999977,1054.9,1033.92,7.654261558914242
Jharkhand,1991,19.3,8.0,31.1,11.2,33.7,171.3,252.9,384.0,274.0,29.4,1.9,34.2,1250.9,27.3,76.0,1082.2,65.5,1045.7063829787232,3.48985313806001,Normal,1084.8,75.29999999999995,1025.1333333333334,1051.22,7.501734166076545
Jharkhand,1992,2.3,6.1,0.6,8.8,51.8,129.8,295.7,265.2,148.5,22.5,1.6,0.3,933.0,8.3,61.2,839.2,24.3,1045.7063829787232,-19.748027394696024,Normal,1082.2,-2.599999999999909,1058.8333333333337,1066.34,7.064776764521707
Jharkhand,1993,1.7,2.0,16.1,32.0,50.5,203.2,214.4,245.9,372.4,49.6,16.2,0.0,1204.0,3.7,98.6,1035.9,65.9,1045.7063829787232,-0.9377759511029664,Normal,839.2,-243.0,1002.066666666667,999.36,10.037616925136831
Jharkhand,1994,17.7,23.8,0.6,20.0,29.2,391.3,451.6,360.7,162.8,118.9,2.7,0.1,1579.4,41.5,49.8,1366.3,121.8,1045.7063829787232,30.65809124240564,Excess,1035.9,196.70000000000005,985.7666666666669,1010.32,9.978081206265353
Jharkhand,1995,13.7,9.7,22.4,4.3,30.3,134.2,312.3,301.5,395.9,37.5,84.7,20.1,1366.5,23.5,56.9,1143.9,142.2,1045.7063829787232,9.39017095234416,Normal,1366.3,330.39999999999986,1080.466666666667,1081.68,17.413220280984053
Jharkhand,1996,17.1,24.4,4.9,8.0,18.5,302.7,274.1,384.3,133.6,23.9,0.1,0.0,1191.7,41.5,31.4,1094.8,24.1,1045.7063829787232,4.6947802767955,Normal,1143.9,-222.39999999999986,1182.0333333333335,1093.5,17.415899903784375
Jharkhand,1997,9.5,3.7,1.5,29.4,25.2,230.4,400.5,431.6,199.6,54.3,39.0,36.6,1461.3,13.2,56.1,1262.1,129.8,1045.7063829787232,20.693535063339056,Excess,1094.8,-49.100000000000136,1201.666666666667,1096.02,17.366407038120037
Jharkhand,1998,76.3,20.6,54.1,33.8,45.5,109.9,302.4,263.2,288.6,132.3,26.3,0.7,1353.8,97.0,133.4,964.1,159.3,1045.7063829787232,-7.803948059135414,Normal,1262.1,167.29999999999995,1166.9333333333334,1180.6,11.266840148130196
Jharkhand,1999,0.6,0.1,0.1,1.5,95.4,240.2,416.0,373.1,315.8,140.6,3.3,0.2,1586.9,0.7,97.0,1345.1,144.1,1045.7063829787232,28.63075351691416,Excess,964.1,-297.9999999999999,1107.0000000000002,1166.24,13.261255659907548
Jharkhand,2000,3.6,21.2,6.3,19.6,67.7,185.3,358.4,152.8,356.9,19.1,0.4,0.2,1191.5,24.7,93.6,1053.4,19.7,1045.7063829787232,0.7357339638074477,Normal,1345.1,380.9999999999999,1190.4333333333336,1162.0,12.732115879755462
Jharkhand,2001,1.9,4.0,30.0,14.0,57.4,324.7,354.6,219.4,132.8,115.5,0.2,0.0,1254.4,5.8,101.4,1031.5,115.7,1045.7063829787232,-1.3585441582804507,Normal,1053.4,-291.6999999999998,1120.866666666667,1143.9,13.640201896950984
Jharkhand,2002,9.0,5.4,10.7,11.5,38.7,184.9,186.8,277.4,253.4,55.0,1.3,0.8,1034.9,14.4,60.9,902.5,57.1,1045.7063829787232,-13.694702959620075,Normal,1031.5,-21.90000000000009,1143.3333333333335,1131.24,14.44467227130575
Jharkhand,2003,3.3,30.5,33.6,17.9,21.5,152.4,247.5,245.1,224.0,255.5,6.2,7.4,1245.0,33.9,73.1,869.0,269.1,1045.7063829787232,-16.898279082448582,Normal,902.5,-129.0,995.8000000000002,1059.3200000000002,16.085370399542224
Jharkhand,2004,5.5,2.7,3.1,41.0,31.1,184.4,200.7,327.0,211.5,128.1,0.1,1.6,1136.6,8.2,75.2,923.5,129.7,1045.7063829787232,-11.686491061727578,Normal,869.0,-33.5,934.3333333333335,1040.3,18.0786510504762
Jharkhand,2005,22.1,17.5,17.7,9.6,23.5,157.2,266.4,214.5,141.5,83.1,1.3,6.1,960.4,39.6,50.7,779.5,90.5,1045.7063829787232,-25.45708693299041,Deficient,923.5,54.5,898.3333333333335,955.9799999999999,8.542193534530357
Jharkhand,2006,0.3,0.2,22.4,15.7,107.4,198.3,447.1,337.2,298.7,24.6,7.4,0.0,1459.5,0.5,145.5,1281.4,32.0,1045.7063829787232,22.539177426640272,Excess,779.5,-144.0,857.3333333333335,901.2,10.128207658868059
Jharkhand,2007,1.7,48.4,25.5,22.3,58.1,125.4,430.4,353.6,324.7,39.6,7.6,0.0,1437.3,50.1,105.8,1234.1,47.2,1045.7063829787232,18.01591919948239,Normal,1281.4,501.9000000000001,994.8000000000002,951.18,20.250560349045436
Jharkhand,2008,19.4,3.6,6.2,10.7,42.9,366.3,377.9,310.5,152.9,34.0,1.0,0.0,1325.3,22.9,59.7,1207.7,35.0,1045.7063829787232,15.49130995641755,Normal,1234.1,-47.30000000000018,1098.3333333333335,1017.5,22.199721927384815
Jharkhand,2009,1.8,0.8,2.0,0.8,78.1,62.7,266.6,248.0,248.8,82.2,4.0,0.5,996.1,2.6,80.8,826.1,86.6,1045.7063829787232,-21.000769102428965,Deficient,1207.7,-26.399999999999864,1241.0666666666668,1085.24,20.359325661717012
Jharkhand,2010,0.2,2.3,0.9,6.3,29.2,92.6,170.2,155.1,160.5,55.1,4.7,20.0,697.1,2.5,36.4,578.4,79.8,1045.7063829787232,-44.68810658376094,Deficient,826.1,-381.6,1089.3000000000002,1065.76,22.71221046851274
Jharkhand,2011,3.3,2.5,6.4,25.4,55.0,349.0,181.8,403.2,324.6,23.3,0.0,0.1,1374.7,5.8,86.8,1258.7,23.4,1045.7063829787232,20.368395994156472,Excess,578.4,-247.70000000000005,870.7333333333336,1025.54,30.127721205361173
Jharkhand,2012,34.6,10.3,1.5,9.6,6.6,121.1,287.2,282.4,217.6,37.8,48.6,7.6,1065.0,45.0,17.7,908.3,94.0,1045.7063829787232,-13.14005395924977,Normal,1258.7,680.3000000000001,887.7333333333336,1021.0,29.814435612160096
Jharkhand,2013,1.1,17.9,1.6,22.3,85.0,181.5,211.1,278.1,173.8,281.1,0.0,0.0,1253.6,19.0,109.0,844.5,281.1,1045.7063829787232,-19.24119296332316,Normal,908.3,-350.4000000000001,915.1333333333336,955.8399999999999,29.438552644823023
Jharkhand,2014,9.9,47.5,22.9,1.9,98.2,139.7,321.3,290.9,178.2,44.9,0.0,1.2,1156.6,57.4,123.1,930.1,46.1,1045.7063829787232,-11.05533875096136,Normal,844.5,-63.799999999999955,1003.8333333333335,883.2,27.693285897861635
Jharkhand,2015,12.2,2.6,21.6,55.5,25.5,183.3,429.7,240.7,85.1,22.7,0.2,2.7,1081.8,14.8,102.6,938.8,25.6,1045.7063829787232,-10.223365250405903,Normal,930.1,85.60000000000002,894.3000000000002,904.0,26.873212248872658
Jharkhand,2016,12.6,7.6,17.5,1.0,72.8,122.9,301.0,395.6,287.5,45.6,0.0,0.0,1264.0,20.2,91.3,1107.0,45.6,1045.7063829787232,5.86145576033305,Normal,938.8,8.699999999999932,904.4666666666668,976.0800000000002,16.621444543605396
Jharkhand,2017,5.1,0.1,4.5,6.1,55.9,116.0,492.1,246.0,134.0,103.4,2.3,0.2,1165.8,5.2,66.6,988.2,105.9,1045.7063829787232,-5.499285833458785,Normal,1107.0,168.20000000000005,991.9666666666668,945.74,10.299059512578026
Kerala,1901,28.7,44.7,51.6,160.0,174.7,824.6,743.0,357.5,197.7,266.9,350.8,48.4,3248.6,73.4,386.2,2122.8,666.1,1919.740425531915,10.577449522209346,Normal,,,,,
Kerala,1902,6.7,2.6,57.3,83.9,134.5,390.9,1205.0,315.8,491.6,358.4,158.3,121.5,3326.6,9.3,275.7,2403.4,638.2,1919.740425531915,25.194008941811724,Excess,2122.8,,,,
Kerala,1903,3.2,18.6,3.1,83.6,249.7,558.6,1022.5,420.2,341.8,354.1,157.0,59.0,3271.2,21.7,336.3,2343.0,570.1,1919.740425531915,22.047750249922967,Excess,2403.4,280.5999999999999,,,
Kerala,1904,23.7,3.0,32.2,71.5,235.7,1098.2,725.5,351.8,222.7,328.1,33.9,3.3,3129.7,26.7,339.4,2398.2,365.3,1919.740425531915,24.92313898820539,Excess,2343.0,-60.40000000000009,2289.7333333333336,,
Kerala,1905,1.2,22.3,9.4,105.9,263.3,850.2,520.5,293.6,217.2,383.5,74.4,0.2,2741.6,23.4,378.5,1881.5,458.1,1919.740425531915,-1.9919581326376168,Normal,2398.2,55.19999999999982,2381.5333333333333,,
Kerala,1906,26.7,7.4,9.9,59.4,160.8,414.9,954.2,442.8,131.2,251.7,163.1,86.0,2708.0,34.1,230.0,1943.1,500.8,1919.740425531915,1.2168090100833575,Normal,1881.5,-516.6999999999998,2207.566666666667,2229.7799999999997,10.12976393033379
Kerala,1907,18.8,4.8,55.7,170.8,101.4,770.9,760.4,981.5,225.0,309.7,219.1,52.8,3671.1,23.7,328.0,2737.8,581.7,1919.740425531915,42.61303057372562,Excess,1943.1,61.59999999999991,2074.266666666667,2193.8399999999997,11.806441925714777
Kerala,1908,8.0,20.8,38.2,102.9,142.6,592.6,902.2,352.9,175.9,253.3,47.9,11.0,2648.3,28.8,283.7,2023.6,312.2,1919.740425531915,5.41008425341191,Normal,2737.8,794.7000000000003,2187.4666666666667,2260.72,15.607136374263861
Kerala,1909,54.1,11.8,61.3,93.8,473.2,704.7,782.3,258.0,195.4,212.1,171.1,32.3,3050.2,65.9,628.3,1940.4,415.5,1919.740425531915,1.0761649957108566,Normal,2023.6,-714.2000000000003,2234.8333333333335,2196.8399999999997,16.522840158033304
Kerala,1910,2.7,25.7,23.3,124.5,148.8,680.0,484.1,473.8,248.6,356.6,280.4,0.1,2848.6,28.4,296.7,1886.5,637.0,1919.740425531915,-1.7315062541700053,Normal,1940.4,-83.19999999999982,2233.933333333333,2105.28,16.966050887734742
Kerala,1911,3.0,4.3,18.2,51.0,180.6,990.0,705.3,178.6,60.2,302.3,145.7,87.6,2726.7,7.3,249.7,1934.0,535.7,1919.740425531915,0.7427865912723084,Normal,1886.5,-53.90000000000009,1950.1666666666667,2106.28,16.921106785351487
Kerala,1912,1.9,15.0,11.2,122.7,217.3,948.2,833.6,534.4,136.8,469.5,138.7,22.0,3451.3,16.9,351.1,2453.1,630.2,1919.740425531915,27.782900613779777,Excess,1934.0,47.5,1920.3,2104.46,16.986264539322963
Kerala,1913,3.1,5.2,20.7,75.7,198.8,541.7,763.2,247.2,176.9,422.5,109.9,45.8,2610.8,8.3,295.2,1729.0,578.3,1919.740425531915,-9.935740425899782,Normal,2453.1,519.0999999999999,2091.2000000000003,2047.52,11.332365406046836
Kerala,1914,0.7,6.8,18.1,32.7,164.2,565.3,857.7,402.2,241.0,374.4,100.9,135.2,2899.1,7.6,215.0,2066.1,610.5,1919.740425531915,7.623925220386611,Normal,1729.0,-724.0999999999999,2038.7,1988.6,13.745858941234612
Kerala,1915,16.9,23.5,42.7,106.0,154.5,696.1,775.6,298.8,396.6,196.6,302.5,14.9,3024.5,40.4,303.1,2167.0,514.0,1919.740425531915,12.879844127863027,Normal,2066.1,337.0999999999999,2082.733333333333,2013.7400000000002,13.58612175751292
Kerala,1916,0.0,7.8,22.0,82.4,199.0,920.2,513.9,396.9,339.3,320.7,134.3,8.9,2945.3,7.8,303.4,2170.2,463.9,1919.740425531915,13.046533330082289,Normal,2167.0,100.90000000000009,1987.3666666666668,2069.84,13.030313574190025
Kerala,1917,2.9,47.6,79.4,38.1,122.9,703.7,342.7,335.1,470.3,264.1,256.4,41.6,2704.8,50.5,240.4,1851.7,562.1,1919.740425531915,-3.5442513283045827,Normal,2170.2,3.199999999999818,2134.433333333333,2117.08,12.304394322796428
Kerala,1918,42.9,5.0,32.8,51.3,683.0,464.3,167.5,376.0,96.4,233.2,295.4,54.1,2501.9,47.9,767.0,1104.3,582.6,1919.740425531915,-42.47659812164322,Deficient,1851.7,-318.4999999999998,2062.9666666666667,1996.8,9.909316763016598
Kerala,1919,43.0,6.1,33.9,65.9,247.0,636.8,648.0,484.2,255.9,249.2,280.1,53.0,3003.3,49.2,346.8,2025.0,582.3,1919.740425531915,5.483010779382846,Normal,1104.3,-747.4000000000001,1708.7333333333333,1871.86,23.942092441373177
Kerala,1920,35.2,5.5,24.1,172.0,87.7,964.3,940.8,235.0,178.0,350.1,302.3,8.2,3303.1,40.6,283.7,2318.2,660.6,1919.740425531915,20.755908932723603,Excess,2025.0,920.7,1660.3333333333333,1863.64,23.827956544958127
Kerala,1921,43.0,4.7,15.0,171.3,104.1,489.1,639.8,641.9,156.7,302.4,136.2,15.8,2719.9,47.8,290.3,1927.5,454.3,1919.740425531915,0.4041991492644128,Normal,2318.2,293.1999999999998,1815.8333333333333,1893.8799999999999,25.029438384780146
Kerala,1922,30.5,21.4,16.3,89.6,293.6,663.1,1025.1,320.6,222.4,266.3,293.7,25.1,3267.6,51.9,399.4,2231.2,585.1,1919.740425531915,16.224046247387154,Normal,1927.5,-390.6999999999998,2090.233333333333,1845.3400000000001,24.41290986470935
Kerala,1923,24.7,0.7,78.9,43.5,80.0,722.5,1008.7,943.0,254.3,203.1,83.9,41.6,3484.7,25.3,202.3,2928.4,328.6,1919.740425531915,52.54145618091098,Excess,2231.2,303.6999999999998,2158.9666666666667,1921.2400000000002,25.1223981153938
Kerala,1924,19.3,2.9,66.6,111.0,185.4,1011.7,1526.5,624.0,289.1,176.5,162.9,50.4,4226.4,22.2,363.0,3451.3,389.9,1919.740425531915,79.77951363105385,Large Excess,2928.4,697.2000000000003,2362.366666666667,2286.0600000000004,17.129331468839034
Kerala,1925,4.1,16.5,76.9,93.4,258.2,688.8,593.5,554.1,158.8,295.4,223.7,98.8,3062.1,20.5,428.5,1995.2,617.9,1919.740425531915,3.9307175837158814,Normal,3451.3,522.9000000000001,2870.2999999999997,2571.3199999999997,23.78471925595243
Kerala,1926,28.6,5.8,23.1,55.8,222.6,563.9,885.2,536.0,322.7,216.7,88.8,16.2,2965.4,34.4,301.5,2307.8,321.7,1919.740425531915,20.21416902551099,Excess,1995.2,-1456.1000000000001,2791.633333333333,2506.7200000000003,26.33455451037853
Kerala,1927,18.8,35.3,49.6,86.5,265.4,720.2,888.2,315.0,335.6,135.8,137.6,6.8,2994.7,54.1,401.4,2258.9,280.2,1919.740425531915,17.66694965409774,Normal,2307.8,312.60000000000014,2584.766666666667,2582.78,23.054697807016428
Kerala,1928,12.7,65.9,51.3,121.1,81.9,590.7,420.6,553.2,75.9,321.5,155.2,52.7,2502.8,78.6,254.3,1640.4,529.4,1919.740425531915,-14.55094771234586,Normal,2258.9,-48.90000000000009,2187.2999999999997,2588.32,22.851846568173343
Kerala,1929,12.8,29.8,58.9,210.7,148.0,946.6,844.0,293.9,268.9,350.4,158.2,39.4,3361.6,42.6,417.6,2353.5,548.0,1919.740425531915,22.594699194704955,Excess,1640.4,-618.5,2069.0333333333333,2330.7200000000003,29.18261813744713
Kerala,1930,10.8,10.8,39.0,102.7,404.9,633.1,401.7,273.4,411.5,433.9,207.0,89.2,3018.0,21.6,546.5,1719.7,730.2,1919.740425531915,-10.420180919849535,Normal,2353.5,713.0999999999999,2084.266666666667,2111.1600000000003,14.09694802308733
Kerala,1931,3.3,0.3,19.2,126.9,131.7,541.7,653.9,1199.2,163.2,149.3,164.3,106.5,3259.6,3.6,277.8,2558.0,420.1,1919.740425531915,33.24718102403028,Excess,1719.7,-633.8,1904.5333333333335,2056.0600000000004,16.82891645730459
Kerala,1932,0.1,19.3,28.6,113.0,646.5,341.0,716.4,423.2,317.3,543.2,223.2,31.3,3403.0,19.4,788.1,1797.8,797.7,1919.740425531915,-6.3519225781854445,Normal,2558.0,838.3,2210.4,2106.1,19.212990885012527
Kerala,1933,1.0,9.3,36.9,139.5,738.8,859.3,773.4,479.5,469.7,397.0,126.1,42.3,4072.9,10.3,915.2,2581.9,565.5,1919.740425531915,34.49214100310547,Excess,1797.8,-760.2,2025.1666666666667,2013.8799999999999,20.535492351710673
Kerala,1934,74.5,1.7,47.7,92.4,106.7,852.9,415.0,337.2,48.4,335.9,93.4,4.9,2410.7,76.2,246.8,1653.5,434.2,1919.740425531915,-13.868563790760724,Normal,2581.9,784.1000000000001,2312.566666666667,2202.1800000000003,18.860043432680893
Kerala,1935,23.9,8.3,18.1,120.7,56.6,431.3,687.3,280.9,283.3,403.8,153.0,30.9,2498.2,32.3,195.4,1682.9,587.6,1919.740425531915,-12.33710674537116,Normal,1653.5,-928.4000000000001,2011.0666666666668,2062.1800000000003,22.617351670031464
Kerala,1936,1.2,16.5,116.0,34.0,466.5,620.8,672.1,367.9,286.7,231.7,211.1,18.6,3043.3,17.7,616.6,1947.5,461.5,1919.740425531915,1.4460066631348607,Normal,1682.9,29.40000000000009,1972.766666666667,2054.82,23.038703321556795
Kerala,1937,6.5,21.2,58.7,175.5,137.1,485.6,970.5,281.2,139.8,401.9,121.0,19.1,2818.2,27.7,371.3,1877.1,542.0,1919.740425531915,-2.2211557856891204,Normal,1947.5,264.5999999999999,1761.3000000000004,1932.72,19.706127622547296
Kerala,1938,0.3,79.0,53.3,164.5,179.6,681.6,648.6,287.9,223.2,223.7,69.5,22.9,2634.1,79.4,397.3,1841.3,316.1,1919.740425531915,-4.08599123551722,Normal,1877.1,-70.40000000000009,1835.8333333333337,1948.58,19.268082800595707
Kerala,1939,13.6,3.6,24.9,172.8,105.1,625.8,749.6,459.9,134.1,339.8,298.1,10.2,2937.5,17.2,302.8,1969.4,648.1,1919.740425531915,2.586785890823006,Normal,1841.3,-35.799999999999955,1888.6333333333334,1800.4599999999998,7.057248108314916
Kerala,1940,0.6,1.5,3.8,126.5,217.4,606.4,877.3,610.8,68.2,257.7,287.5,60.1,3117.8,2.1,347.6,2162.7,605.3,1919.740425531915,12.655855512380873,Normal,1969.4,128.10000000000014,1895.9333333333336,1863.64,6.09235151288223
Kerala,1941,15.9,4.6,12.7,101.9,417.5,797.6,517.9,458.5,257.9,221.6,220.5,84.6,3111.1,20.5,532.0,2031.8,526.7,1919.740425531915,5.837225334098796,Normal,2162.7,193.29999999999973,1991.133333333334,1959.6,6.368290908932759
Kerala,1942,2.4,4.7,23.2,180.3,191.9,813.6,828.8,329.3,99.8,374.4,84.7,117.9,3050.9,7.0,395.4,2071.4,577.0,1919.740425531915,7.90000421156229,Normal,2031.8,-130.89999999999986,2054.6333333333337,1976.4599999999998,6.496073847741006
Kerala,1943,83.5,14.6,38.4,107.5,478.4,794.5,831.6,183.3,257.6,427.2,223.4,24.3,3464.2,98.1,624.3,2067.0,674.9,1919.740425531915,7.670806558510787,Normal,2071.4,39.600000000000136,2088.6333333333337,2015.3199999999997,5.950719887972522
Kerala,1944,6.4,26.6,61.6,61.6,212.7,498.9,614.1,230.7,155.0,289.0,244.1,89.2,2490.0,33.0,336.0,1498.7,622.3,1919.740425531915,-21.932153948117985,Deficient,2067.0,-4.400000000000091,2056.733333333334,2060.46,3.408443218519536
Kerala,1945,4.4,9.9,12.7,104.1,53.4,549.8,704.0,351.8,110.9,253.8,259.5,18.0,2432.4,14.3,170.2,1716.5,531.4,1919.740425531915,-10.586870122068811,Normal,1498.7,-568.3,1879.0333333333338,1966.3199999999997,13.52005017585297
Kerala,1946,1.8,5.4,108.4,139.8,83.0,919.0,671.7,695.6,199.4,266.1,273.0,202.3,3565.5,7.3,331.2,2485.7,741.3,1919.740425531915,29.48104686138861,Excess,1716.5,217.79999999999995,1760.7333333333338,1877.08,13.756865696396863
Kerala,1947,22.2,27.3,98.0,142.2,85.7,556.1,669.3,739.6,394.5,183.7,32.4,47.0,2998.1,49.5,325.9,2359.5,263.2,1919.740425531915,22.907241448866085,Excess,2485.7,769.1999999999998,1900.3000000000004,1967.86,19.216487486719398
Kerala,1948,43.0,8.3,48.2,125.0,212.3,910.2,619.0,487.9,166.6,183.9,215.6,19.2,3039.2,51.3,385.5,2183.7,418.7,1919.740425531915,13.749753401944838,Normal,2359.5,-126.19999999999982,2187.233333333334,2025.48,20.624759681930733
Kerala,1949,0.6,1.8,4.5,98.1,440.0,536.3,758.7,445.2,354.5,229.1,71.9,1.8,2942.6,2.4,542.6,2094.7,302.8,1919.740425531915,9.113709965221348,Normal,2183.7,-175.80000000000018,2342.966666666667,2048.8199999999997,20.688267887631774
Kerala,1950,0.1,53.7,31.1,68.5,242.0,638.3,905.7,387.3,411.6,250.4,149.2,8.8,3146.6,53.8,341.5,2342.9,408.4,1919.740425531915,22.04254121235362,Excess,2094.7,-89.0,2212.6333333333337,2168.0199999999995,13.586880092030269
Kerala,1951,6.6,6.5,41.6,175.9,148.5,774.1,544.6,190.6,313.8,250.6,229.6,23.2,2705.5,13.1,366.0,1823.0,503.5,1919.740425531915,-5.039245110708677,Normal,2342.9,248.20000000000027,2207.1000000000004,2293.2999999999997,6.731139244283882
Kerala,1952,5.2,48.2,20.8,112.2,214.6,576.7,430.0,413.6,57.4,339.6,49.6,66.9,2334.8,53.4,347.6,1477.7,456.1,1919.740425531915,-23.02605183768196,Deficient,1823.0,-519.9000000000001,2086.8666666666672,2160.7599999999998,10.130052861671945
Kerala,1953,13.1,22.6,18.5,132.4,55.4,340.5,1027.6,356.4,100.5,410.5,62.2,5.1,2544.9,35.7,206.3,1825.1,477.8,1919.740425531915,-4.929855321752285,Normal,1477.7,-345.29999999999995,1881.2000000000007,1984.4,17.14852561545632
Kerala,1954,23.5,2.8,90.6,136.9,179.5,798.3,640.5,467.0,201.6,303.1,31.6,62.5,2938.0,26.3,407.0,2107.4,397.2,1919.740425531915,9.775257736529095,Normal,1825.1,347.39999999999986,1708.6000000000006,1912.6799999999998,17.004747369061327
Kerala,1955,4.2,6.3,28.2,125.9,544.2,782.4,392.8,236.0,438.5,378.2,178.1,19.8,3134.7,10.5,698.3,1849.7,576.1,1919.740425531915,-3.648432079691627,Normal,2107.4,282.3000000000002,1803.4000000000005,1915.22,17.077293506224212
Kerala,1956,7.9,11.7,15.1,151.6,351.3,755.4,466.8,319.5,178.4,353.3,178.2,9.1,2798.4,19.6,518.0,1720.1,540.6,1919.740425531915,-10.399344769572137,Normal,1849.7,-257.70000000000005,1927.4000000000005,1816.5800000000004,12.328487698009008
Kerala,1957,1.2,16.0,25.7,70.2,381.2,872.0,835.3,358.8,41.3,280.1,192.5,28.9,3103.3,17.2,477.2,2107.4,501.5,1919.740425531915,9.775257736529095,Normal,1720.1,-129.60000000000014,1892.4000000000005,1796.0,12.689997303676057
Kerala,1958,4.4,19.3,57.3,135.1,353.5,713.3,622.7,526.6,86.1,191.0,206.1,7.7,2923.1,23.7,545.9,1948.7,404.8,1919.740425531915,1.50851511396709,Normal,2107.4,387.3000000000002,1892.4000000000005,1921.94,9.16564388484954
Kerala,1959,3.0,21.4,6.3,150.7,347.2,872.8,1155.7,397.3,405.5,200.4,151.9,34.0,3746.0,24.3,504.2,2831.2,386.3,1919.740425531915,47.478271663500585,Excess,1948.7,-158.70000000000005,1925.4000000000005,1946.6600000000003,8.611552807619265
Kerala,1960,9.4,8.4,44.4,206.6,540.0,480.3,750.9,336.8,371.2,255.9,358.0,23.7,3385.5,17.8,791.0,1939.2,637.5,1919.740425531915,1.0136565448786272,Normal,2831.2,882.4999999999998,2295.766666666667,2091.4199999999996,20.899406005971603
Kerala,1961,13.7,31.3,11.4,94.1,500.5,1005.2,1146.5,678.3,399.3,274.2,85.9,17.5,4257.8,45.0,606.0,3229.3,377.6,1919.740425531915,68.21545022709188,Large Excess,1939.2,-891.9999999999998,2239.7000000000003,2109.3199999999997,20.216135009265876
Kerala,1962,28.4,54.7,39.6,95.1,472.4,244.9,951.1,510.7,394.9,475.6,31.5,76.9,3375.8,83.1,607.1,2101.6,584.0,1919.740425531915,9.473133557506657,Normal,3229.3,1290.1000000000001,2666.566666666667,2411.16,24.313280671300856
Kerala,1963,30.2,24.8,69.8,96.3,157.1,393.3,720.2,511.0,223.9,282.6,93.4,48.4,2651.1,55.0,323.2,1848.5,424.4,1919.740425531915,-3.710940530523856,Normal,2101.6,-1127.7000000000003,2423.3666666666672,2409.9999999999995,24.356376570922983
Kerala,1964,1.1,7.8,67.2,83.3,94.8,379.4,754.2,548.0,398.2,325.7,191.7,17.8,2869.1,8.8,245.2,2079.8,535.2,1919.740425531915,8.337563367387883,Normal,1848.5,-253.0999999999999,2393.1333333333337,2389.96,25.440129411178514
Kerala,1965,9.1,0.9,28.3,109.8,214.5,597.7,465.1,296.1,150.1,183.7,131.7,155.5,2342.4,10.0,352.6,1508.9,470.9,1919.740425531915,-21.40083211604405,Deficient,2079.8,231.30000000000018,2009.9666666666672,2239.68,25.131664878057624
Kerala,1966,3.0,6.9,67.7,167.4,95.2,496.2,601.9,202.1,293.2,392.3,245.4,50.5,2621.7,9.9,330.3,1593.3,688.2,1919.740425531915,-17.004404407510773,Normal,1508.9,-570.9000000000001,1812.4000000000008,2153.62,30.038573709275163
Kerala,1967,14.3,0.1,24.6,70.1,244.9,541.7,741.4,508.4,145.8,172.7,74.0,31.1,2569.1,14.4,339.6,1937.3,277.8,1919.740425531915,0.91468483106093,Normal,1593.3,84.39999999999986,1727.333333333334,1826.42,14.883482858191238
Kerala,1968,7.3,30.5,89.2,133.3,90.0,696.4,1308.9,380.7,325.4,178.9,119.4,32.7,3392.7,37.8,312.5,2711.4,331.0,1919.740425531915,41.23784465541662,Excess,1937.3,344.0,1679.833333333334,1793.56,13.274743125411593
Kerala,1969,2.7,6.4,19.4,117.2,227.4,550.5,818.8,284.8,216.4,235.6,119.4,66.3,2665.0,9.1,364.0,1870.6,421.3,1919.740425531915,-2.559743227697016,Normal,2711.4,774.1000000000001,2080.6666666666674,1966.14,24.355512328926395
Kerala,1970,12.9,17.6,25.8,132.7,289.1,535.3,558.1,554.8,212.5,278.3,80.5,5.7,2703.5,30.5,447.7,1860.7,364.6,1919.740425531915,-3.0754379470628805,Normal,1870.6,-840.8000000000002,2173.1000000000004,1924.3,24.714331175011807
Kerala,1971,31.6,18.5,20.0,113.0,317.5,889.6,648.6,385.2,331.2,220.9,38.3,62.3,3076.8,50.1,450.6,2254.6,321.5,1919.740425531915,17.442961038615586,Normal,1860.7,-9.899999999999864,2147.5666666666675,1994.6599999999999,21.14306521384565
Kerala,1972,2.6,7.5,2.5,87.5,436.0,401.8,714.4,294.9,185.7,351.5,140.5,114.3,2739.4,10.2,526.0,1596.8,606.4,1919.740425531915,-16.822088092583446,Normal,2254.6,393.89999999999986,1995.3000000000004,2126.92,17.121436008824354
Kerala,1973,0.0,0.3,12.3,131.5,119.9,617.0,583.5,487.5,61.3,260.8,84.5,53.8,2412.5,0.3,263.8,1749.2,399.2,1919.740425531915,-8.883514836890626,Normal,1596.8,-657.8,1904.0333333333338,2058.8199999999997,21.064743546189938
Kerala,1974,1.6,5.4,16.0,128.0,221.5,266.9,1004.2,533.6,383.6,142.1,61.0,3.6,2767.4,7.0,365.6,2188.2,206.6,1919.740425531915,13.984160092565691,Normal,1749.2,152.4000000000001,1866.866666666667,1866.3799999999999,13.04665657109651
Kerala,1975,5.2,21.4,63.4,123.8,162.2,864.4,531.3,675.9,457.7,368.9,204.3,19.9,3498.4,26.6,349.3,2529.3,593.1,1919.740425531915,31.7521872416262,Excess,2188.2,438.9999999999998,1844.7333333333338,1929.9,14.668313704519687
Kerala,1976,0.1,1.5,21.0,134.5,75.8,196.8,641.5,342.6,116.2,221.3,286.7,30.8,2068.8,1.6,231.3,1297.1,538.8,1919.740425531915,-32.43357368793211,Deficient,2529.3,341.10000000000036,2155.566666666667,2063.62,18.5418373749243
Kerala,1977,1.1,15.7,28.3,102.3,306.4,599.6,753.3,234.2,201.3,437.0,361.7,6.7,3047.6,16.8,436.9,1788.5,805.4,1919.740425531915,-6.8363630721352,Normal,1297.1,-1232.2000000000003,2004.8666666666675,1872.1200000000001,26.07730050702162
Kerala,1978,3.3,14.7,31.4,73.9,396.8,758.1,686.7,516.8,119.4,171.0,365.6,39.0,3176.7,18.0,502.1,2081.1,575.6,1919.740425531915,8.405280855789448,Normal,1788.5,491.4000000000001,1871.633333333334,1910.4599999999998,24.512035639206648
Kerala,1979,2.4,30.0,11.7,42.0,127.7,582.9,662.2,383.7,211.7,163.8,261.7,23.3,2503.0,32.4,181.3,1840.5,448.8,1919.740425531915,-4.127663536072036,Normal,2081.1,292.5999999999999,1722.2333333333338,1976.8400000000001,23.432109030134967
Kerala,1980,0.0,0.9,20.8,114.8,105.3,745.9,754.0,438.1,139.5,282.3,162.3,39.5,2803.4,0.9,240.9,2077.5,484.1,1919.740425531915,8.217755503292771,Normal,1840.5,-240.5999999999999,1903.3666666666675,1907.3,23.56456387505451
Kerala,1981,7.0,6.8,28.5,75.9,166.3,912.4,489.8,495.6,376.6,265.0,138.6,43.3,3005.9,13.8,270.8,2274.4,446.9,1919.740425531915,18.474350477347336,Normal,2077.5,237.0,1999.7000000000007,1816.94,17.604923261371653
Kerala,1982,0.7,0.1,21.9,60.4,148.2,612.2,511.5,495.0,70.6,164.4,127.5,10.8,2223.3,0.8,230.6,1689.2,302.7,1919.740425531915,-12.008937378501972,Normal,2274.4,196.9000000000001,2064.1333333333337,2012.4,9.85362261386449
Kerala,1983,0.2,1.5,0.9,13.1,76.0,322.8,583.2,579.9,421.1,136.2,116.5,69.1,2320.3,1.7,89.9,1906.9,321.8,1919.740425531915,-0.6688625900221437,Normal,1689.2,-585.2,2013.7000000000007,1992.5399999999997,11.489401124163479
Kerala,1984,36.8,60.0,95.3,162.1,84.6,842.6,653.6,284.4,171.1,286.0,67.7,18.0,2762.1,96.8,342.0,1951.6,371.7,1919.740425531915,1.6595772034782976,Normal,1906.9,217.70000000000005,1956.833333333334,1957.7,11.50894967004716
Kerala,1985,61.2,6.1,29.3,66.6,254.2,828.7,388.9,315.3,117.6,204.0,74.9,44.0,2390.5,67.3,350.0,1650.4,322.8,1919.740425531915,-14.030043955410637,Normal,1951.6,44.69999999999982,1849.2333333333338,1979.92,10.917373496329045
Kerala,1986,5.6,18.7,11.2,63.1,126.7,597.9,324.8,340.3,235.4,165.5,194.7,9.5,2093.2,24.3,200.9,1498.4,369.6,1919.740425531915,-21.94778106082604,Deficient,1650.4,-301.1999999999998,1836.3000000000009,1894.5,13.182127208954972
Kerala,1987,0.6,0.8,4.3,57.2,108.3,572.6,221.0,396.6,157.0,272.1,216.0,131.1,2137.6,1.4,169.7,1347.2,619.2,1919.740425531915,-29.82384586568663,Deficient,1498.4,-152.0,1700.133333333334,1739.3,10.817776167734323
Kerala,1988,0.8,17.5,38.1,177.6,157.2,511.3,502.8,379.8,451.7,68.5,67.0,31.1,2403.5,18.3,372.9,1845.7,166.6,1919.740425531915,-3.8567935824657167,Normal,1347.2,-151.20000000000005,1498.6666666666672,1670.9,15.533022227232948
Kerala,1989,10.3,0.0,30.1,141.5,169.4,657.5,450.7,285.5,271.1,308.0,92.9,5.6,2422.7,10.3,341.1,1664.7,406.5,1919.740425531915,-13.28515158299327,Normal,1845.7,498.5,1563.7666666666673,1658.6600000000003,14.876905791827571
Kerala,1990,14.9,4.8,18.0,41.8,488.5,528.6,635.4,370.8,103.3,323.2,158.8,5.2,2693.1,19.7,548.3,1638.0,487.2,1919.740425531915,-14.67596461401032,Normal,1664.7,-181.0,1619.2000000000007,1601.28,11.738155263367664
Kerala,1991,10.9,4.4,33.2,97.0,113.4,1096.1,905.5,465.5,48.5,307.8,99.9,2.3,3184.5,15.3,243.6,2515.6,410.0,1919.740425531915,31.03854909462493,Excess,1638.0,-26.700000000000045,1716.133333333334,1598.8,11.710720146044174
Kerala,1992,2.4,0.9,0.1,43.0,218.4,819.3,767.8,508.0,297.5,290.7,287.6,3.7,3239.5,3.4,261.6,2392.5,582.1,1919.740425531915,24.626223846752325,Excess,2515.6,877.5999999999999,1939.433333333334,1802.2400000000002,24.2452013902803
Kerala,1993,0.0,17.8,20.1,66.5,159.0,657.1,776.1,301.9,88.0,431.2,153.8,46.2,2717.7,17.8,245.6,1823.1,631.3,1919.740425531915,-5.03403607313933,Normal,2392.5,-123.09999999999991,2182.033333333334,2011.3,20.598044465798193
Kerala,1994,24.3,27.1,18.1,154.5,141.3,845.0,955.5,479.9,212.6,428.4,117.6,6.5,3410.8,51.4,313.9,2493.0,552.5,1919.740425531915,29.861306603951327,Excess,1823.1,-569.4000000000001,2243.733333333334,2006.78,20.76278285214725
Kerala,1995,10.3,6.5,37.3,134.9,355.6,493.4,702.5,457.3,280.0,198.3,182.6,0.1,2858.8,16.8,527.8,1933.2,380.9,1919.740425531915,0.7011142907174929,Normal,2493.0,669.9000000000001,2236.2000000000007,2172.44,18.931757068758
Kerala,1996,2.8,9.1,14.4,124.3,74.3,572.4,696.0,327.4,342.7,294.1,89.9,62.5,2610.0,11.8,213.0,1938.5,446.6,1919.740425531915,0.9771932818931592,Normal,1933.2,-559.8,2083.100000000001,2231.48,14.706508025274093
Kerala,1997,2.1,1.5,36.1,60.6,133.6,544.2,970.5,536.0,292.2,288.9,298.4,88.4,3252.4,3.7,230.2,2342.9,675.7,1919.740425531915,22.04254121235362,Excess,1938.5,5.2999999999999545,2121.5666666666675,2116.06,14.35912561559462
Kerala,1998,6.0,2.1,8.1,61.1,151.6,732.5,641.4,371.8,517.6,444.8,135.0,79.4,3151.5,8.0,220.8,2263.4,659.3,1919.740425531915,17.90135634471859,Normal,2342.9,404.4000000000001,2071.533333333334,2106.1400000000003,13.9206765635981
Kerala,1999,1.8,23.8,21.4,111.6,453.2,607.3,700.4,266.3,88.0,567.9,68.1,4.9,2914.6,25.5,586.2,1661.9,640.9,1919.740425531915,-13.431004634935128,Normal,2263.4,-79.5,2181.600000000001,2194.2,11.386499883245
Kerala,2000,11.7,57.8,21.5,96.3,124.5,633.8,343.2,566.5,195.8,214.2,78.1,69.1,2412.6,69.5,242.3,1739.4,361.5,1919.740425531915,-9.394000518687143,Normal,1661.9,-601.5,2089.400000000001,2027.98,13.629634096352076
Kerala,2001,16.5,28.3,7.0,238.0,238.6,715.3,598.5,361.3,216.8,319.6,181.0,10.1,2931.1,44.7,483.7,1892.0,510.7,1919.740425531915,-1.445009187855632,Normal,1739.4,77.5,1888.2333333333338,1989.22,15.338516682628441
Kerala,2002,4.7,8.7,35.7,117.3,330.8,503.1,318.7,438.2,99.0,511.7,137.5,2.1,2507.4,13.3,483.7,1359.0,651.3,1919.740425531915,-29.209179432503067,Deficient,1892.0,152.5999999999999,1764.4333333333336,1979.92,15.54338618121708
Kerala,2003,0.7,50.9,82.1,134.4,91.0,566.7,532.0,350.3,93.6,407.0,76.4,9.7,2394.9,51.6,307.5,1542.6,493.1,1919.740425531915,-19.64538645517236,Normal,1359.0,-533.0,1663.4666666666672,1783.14,18.578917203556575
Kerala,2004,2.4,8.1,37.9,113.2,610.9,673.4,385.4,417.9,192.8,320.6,120.7,2.7,2886.1,10.5,762.0,1669.5,444.0,1919.740425531915,-13.035117779664365,Normal,1542.6,183.5999999999999,1597.866666666667,1638.9800000000002,12.290352641979945
Kerala,2005,19.8,7.0,25.3,205.9,134.8,619.2,832.7,291.0,414.7,240.1,184.3,56.4,3031.1,26.8,366.0,2157.6,480.7,1919.740425531915,12.39019459634391,Normal,1669.5,126.90000000000009,1523.7000000000005,1640.5,12.293882015681646
Kerala,2006,8.1,0.5,90.7,65.3,521.2,482.4,804.0,432.6,474.8,376.4,162.8,1.8,3420.6,8.6,677.2,2193.8,541.0,1919.740425531915,14.275866196449437,Normal,2157.6,488.0999999999999,1789.9000000000003,1724.14,18.001810375490255
Kerala,2007,0.5,5.6,7.3,138.5,192.7,705.9,966.3,489.6,526.7,357.2,87.4,11.9,3489.6,6.1,338.4,2688.5,456.5,1919.740425531915,40.04497505203496,Excess,2193.8,36.20000000000027,2006.9666666666672,1784.5,20.958569257844882
Kerala,2008,0.8,30.3,217.2,108.4,81.2,469.9,505.1,349.0,347.0,343.4,55.4,17.0,2524.5,31.1,406.7,1670.9,415.7,1919.740425531915,-12.962191253693428,Normal,2688.5,494.6999999999998,2346.6333333333337,2050.4,22.37855191061517
Kerala,2009,3.3,1.5,62.6,69.0,191.6,438.2,924.9,269.3,326.5,205.2,274.4,44.2,2810.6,4.8,323.1,1958.9,523.8,1919.740425531915,2.039836946041021,Normal,1670.9,-1017.5999999999999,2184.4,2076.06,20.507421350131697
Kerala,2010,18.6,1.0,31.4,138.9,190.6,667.5,629.0,356.0,275.6,441.4,335.1,46.8,3131.8,19.6,360.9,1928.0,823.3,1919.740425531915,0.430244337111174,Normal,1958.9,288.0,2106.100000000001,2133.94,17.48268386417843
Kerala,2011,20.5,45.7,24.1,165.2,124.2,788.5,536.8,492.7,391.2,227.2,169.7,49.5,3035.1,66.2,313.5,2209.1,446.3,1919.740425531915,15.072848944560311,Normal,1928.0,-30.90000000000009,1852.6000000000004,2088.02,18.362687337686612
Kerala,2012,7.4,11.0,21.0,171.1,95.3,430.3,362.6,501.6,241.1,187.5,112.9,9.4,2151.1,18.3,287.4,1535.6,309.8,1919.740425531915,-20.010019085027015,Deficient,2209.1,281.0999999999999,2032.0000000000007,2091.0800000000004,18.389123740551998
Kerala,2013,3.9,40.1,49.9,49.3,119.3,1042.7,830.2,369.7,318.6,259.9,154.9,17.0,3255.4,43.9,218.5,2561.2,431.8,1919.740425531915,33.41387022624954,Excess,1535.6,-673.5,1890.9000000000005,1860.5,14.151124147395059
Kerala,2014,4.6,10.3,17.9,95.7,251.0,454.4,677.8,733.9,298.8,355.5,99.5,47.2,3046.4,14.9,364.5,2164.8,502.1,1919.740425531915,12.765245301337286,Normal,2561.2,1025.6,2101.966666666667,2038.56,18.578776463050755
Kerala,2015,3.1,5.8,50.1,214.1,201.8,563.6,406.0,252.2,292.9,308.1,223.6,79.4,2600.6,8.9,465.9,1514.7,611.1,1919.740425531915,-21.09870793702163,Deficient,2164.8,-396.39999999999964,2087.2000000000003,2079.7400000000002,18.228542439249793
Kerala,2016,3.0,16.4,22.4,33.3,258.4,595.7,441.5,231.0,84.1,105.1,57.9,22.0,1870.9,19.3,314.2,1352.3,185.0,1919.740425531915,-29.558184949649668,Deficient,1514.7,-650.1000000000001,2080.233333333334,1997.08,22.90493147715545
Kerala,2017,12.7,0.3,87.8,52.8,213.3,579.8,378.5,462.6,435.5,228.0,152.1,61.4,2664.9,13.0,353.9,1856.5,441.5,1919.740425531915,-3.294217524975677,Normal,1352.3,-162.4000000000001,1677.266666666667,1825.72,28.208523075839377
Konkan & Goa,1901,5.6,0.1,0.4,35.7,19.9,746.1,1075.5,748.0,117.4,38.6,5.4,0.1,2792.9,5.7,56.0,2687.0,44.1,2839.540425531915,-5.372011053631695,Normal,,,,,
Konkan & Goa,1902,0.3,0.0,0.0,0.4,7.6,428.2,943.6,515.1,613.8,74.3,42.7,48.0,2673.9,0.3,8.0,2500.6,165.0,2839.540425531915,-11.936453606517093,Normal,2687.0,,,,
Konkan & Goa,1903,0.0,0.0,0.1,0.0,201.1,470.5,1298.6,673.9,285.1,140.8,12.4,1.7,3084.3,0.0,201.2,2728.2,154.9,2839.540425531915,-3.9210720344317114,Normal,2500.6,-186.4000000000001,,,
Konkan & Goa,1904,0.0,0.1,6.6,6.3,4.6,975.8,771.7,321.3,217.0,90.3,0.0,0.0,2393.7,0.1,17.5,2285.8,90.3,2839.540425531915,-19.501058007588878,Normal,2728.2,227.5999999999999,2638.6,,
Konkan & Goa,1905,0.1,0.1,0.0,0.4,8.6,293.7,770.6,305.5,208.3,83.5,12.1,0.0,1682.8,0.2,9.0,1578.1,95.5,2839.540425531915,-44.42410518933241,Deficient,2285.8,-442.39999999999964,2504.866666666667,,
Konkan & Goa,1906,5.0,0.9,0.0,0.0,2.9,547.4,1090.9,506.7,222.5,31.6,10.2,0.7,2418.9,5.9,2.9,2367.5,42.6,2839.540425531915,-16.623831845728706,Normal,1578.1,-707.7000000000003,2197.3666666666663,2355.94,19.898250666555413
Konkan & Goa,1907,1.7,1.0,0.0,20.1,0.0,583.1,1170.9,811.5,164.0,11.4,1.9,0.9,2766.6,2.8,20.1,2729.5,14.2,2839.540425531915,-3.875289978000637,Normal,2367.5,789.4000000000001,2077.133333333333,2292.04,18.881644846964992
Konkan & Goa,1908,0.9,1.1,0.0,2.3,1.0,440.0,1391.8,649.8,222.4,24.6,1.6,0.0,2735.5,2.0,3.3,2704.0,26.2,2839.540425531915,-4.773322623379272,Normal,2729.5,362.0,2225.0333333333333,2337.8199999999997,20.13797285594994
Konkan & Goa,1909,0.1,0.0,0.1,0.3,7.8,759.5,1301.8,381.5,384.4,17.5,7.4,0.1,2860.5,0.1,8.2,2827.2,25.0,2839.540425531915,-0.4345923523734815,Normal,2704.0,-25.5,2600.3333333333335,2332.9800000000005,19.96894909217282
Konkan & Goa,1910,0.0,0.0,0.3,0.0,2.6,832.4,407.8,763.2,374.6,121.4,41.7,0.0,2544.0,0.0,2.9,2378.0,163.1,2839.540425531915,-16.254053697631623,Normal,2827.2,123.19999999999982,2753.566666666666,2441.2599999999998,21.00249719592272
Konkan & Goa,1911,0.2,0.0,3.2,0.0,17.1,543.6,585.6,750.3,175.5,34.2,21.4,3.6,2134.7,0.2,20.4,2055.0,59.1,2839.540425531915,-27.629133872427666,Deficient,2378.0,-449.1999999999998,2636.3999999999996,2601.2400000000002,8.212341491270411
Konkan & Goa,1912,0.0,0.0,0.0,4.1,28.9,671.0,1242.9,541.7,135.2,71.9,97.5,0.0,2793.3,0.0,33.0,2590.8,169.5,2839.540425531915,-8.759883229530695,Normal,2055.0,-323.0,2420.066666666666,2538.7400000000002,12.560767428008232
Konkan & Goa,1913,0.0,0.0,0.0,1.3,18.7,897.9,1074.3,321.8,194.4,107.5,1.6,0.0,2617.4,0.0,20.0,2488.4,109.1,2839.540425531915,-12.366100597639411,Normal,2590.8,535.8000000000002,2341.266666666667,2511.0,12.099530966347995
Konkan & Goa,1914,0.0,0.8,0.0,0.8,1.6,706.9,1370.3,797.6,549.9,21.9,11.2,3.6,3464.6,0.8,2.5,3424.7,36.6,2839.540425531915,20.60754512267492,Excess,2488.4,-102.40000000000009,2378.066666666667,2467.88,11.517935255280962
Konkan & Goa,1915,0.0,4.7,5.9,10.2,7.7,845.1,734.4,355.1,412.2,137.4,12.8,0.3,2525.8,4.8,23.8,2346.7,150.5,2839.540425531915,-17.356344748625794,Normal,3424.7,936.2999999999997,2834.6333333333337,2587.38,19.690036819182815
Konkan & Goa,1916,0.0,0.0,0.0,2.4,39.9,832.7,765.6,851.1,620.1,204.7,86.1,0.0,3402.6,0.0,42.3,3069.5,290.8,2839.540425531915,8.098478627047829,Normal,2346.7,-1078.0,2753.2666666666664,2581.12,19.869398815418595
Konkan & Goa,1917,0.0,18.4,1.2,0.3,17.5,807.6,675.1,902.5,567.7,408.0,32.6,0.0,3430.9,18.4,19.0,2952.9,440.6,2839.540425531915,3.992180334845916,Normal,3069.5,722.8000000000002,2946.9666666666667,2784.02,16.143146333528243
Konkan & Goa,1918,0.1,0.0,3.3,0.1,345.4,334.1,424.7,578.1,123.6,5.8,52.0,0.0,1867.3,0.1,348.8,1460.4,57.9,2839.540425531915,-48.5691421446683,Deficient,2952.9,-116.59999999999991,2789.7000000000003,2856.4399999999996,15.388931672598833
Konkan & Goa,1919,2.5,0.0,0.0,0.0,9.6,643.6,1120.2,643.5,276.8,124.5,20.6,10.5,2851.7,2.5,9.6,2684.0,155.6,2839.540425531915,-5.477661953088004,Normal,1460.4,-1492.5,2494.266666666667,2650.8399999999997,29.068359003161103
Konkan & Goa,1920,14.0,1.2,0.0,12.0,5.1,424.9,824.0,360.8,226.7,52.4,2.9,0.0,1924.1,15.3,17.2,1836.4,55.3,2839.540425531915,-35.32756274614412,Deficient,2684.0,1223.6,2365.766666666667,2502.7,25.79876901073881
Konkan & Goa,1921,0.3,0.0,0.1,4.8,0.0,658.1,1102.5,611.8,450.4,57.5,13.7,0.0,2899.2,0.3,5.0,2822.7,71.2,2839.540425531915,-0.5930687015579464,Normal,1836.4,-847.5999999999999,1993.5999999999997,2400.6400000000003,29.712093557843357
Konkan & Goa,1922,0.0,0.0,0.0,6.3,13.4,774.3,1290.6,339.3,261.1,41.4,90.0,1.2,2817.5,0.0,19.7,2665.3,132.5,2839.540425531915,-6.1362192263656645,Normal,2822.7,986.2999999999997,2447.7000000000003,2351.2799999999997,28.16032660205688
Konkan & Goa,1923,0.0,0.5,4.7,1.3,7.8,259.4,1643.9,480.7,363.7,8.3,0.1,0.0,2770.5,0.5,13.8,2747.7,8.4,2839.540425531915,-3.234341187965696,Normal,2665.3,-157.39999999999964,2441.4666666666667,2293.7599999999998,26.46290068664776
Konkan & Goa,1924,0.0,0.0,0.1,0.1,0.4,522.5,932.2,641.7,324.4,19.0,3.8,0.0,2444.3,0.0,0.6,2420.9,22.8,2839.540425531915,-14.743245835406388,Normal,2747.7,82.39999999999964,2745.2333333333336,2551.2200000000003,15.848340812134726
Konkan & Goa,1925,0.1,0.0,7.4,5.2,121.0,800.9,655.5,501.5,120.4,74.6,18.6,0.0,2305.1,0.1,133.6,2078.3,93.2,2839.540425531915,-26.80857855331698,Deficient,2420.9,-326.7999999999997,2611.2999999999997,2498.6,16.00179239783934
Konkan & Goa,1926,31.8,0.0,0.0,0.0,1.5,306.1,1203.6,1149.6,432.9,39.2,1.1,0.0,3165.9,31.8,1.5,3092.3,40.3,2839.540425531915,8.901425462915789,Normal,2078.3,-342.5999999999999,2415.6333333333337,2546.98,11.874243527944273
Konkan & Goa,1927,0.0,0.2,0.2,0.0,5.5,785.6,1030.3,416.6,240.9,178.8,87.3,1.6,2747.0,0.2,5.7,2473.4,267.6,2839.540425531915,-12.89435509492096,Normal,3092.3,1014.0,2530.5000000000005,2600.9,14.547998161745971
Konkan & Goa,1928,0.0,1.3,0.2,3.1,1.1,657.0,1159.4,939.9,264.5,137.9,7.7,0.4,3172.4,1.3,4.4,3020.8,145.9,2839.540425531915,6.383412359207069,Normal,2473.4,-618.9000000000001,2548.0,2562.5200000000004,14.826919899098295
Konkan & Goa,1929,1.0,0.0,3.2,14.9,6.2,773.8,767.6,516.0,250.9,152.4,11.2,12.1,2509.4,1.0,24.3,2308.3,175.8,2839.540425531915,-18.70867626166655,Normal,3020.8,547.4000000000001,2862.1666666666665,2617.1400000000003,16.415016861209136
Konkan & Goa,1930,0.0,0.2,0.1,0.3,12.5,1024.9,690.5,427.3,542.6,136.2,10.6,0.6,2845.7,0.2,12.8,2685.3,147.4,2839.540425531915,-5.43187989665693,Normal,2308.3,-712.5,2600.8333333333335,2594.6200000000003,17.156010515641338
Konkan & Goa,1931,0.0,0.0,0.1,1.7,1.8,344.9,1867.2,944.9,307.1,458.9,51.5,21.2,3999.3,0.0,3.6,3464.2,531.5,2839.540425531915,21.99861529884967,Excess,2685.3,377.0,2671.466666666667,2716.02,12.492860387172882
Konkan & Goa,1932,0.5,0.0,0.0,2.9,45.9,435.3,1248.1,485.6,456.2,259.1,21.1,8.2,2962.9,0.5,48.7,2625.2,288.5,2839.540425531915,-7.548419582431687,Normal,3464.2,778.8999999999996,2819.2666666666664,2790.4,16.530274428464043
Konkan & Goa,1933,0.0,0.1,1.6,15.3,129.2,816.5,909.0,758.6,485.8,179.7,19.2,28.4,3343.4,0.1,146.2,2969.8,227.3,2839.540425531915,4.587347068449799,Normal,2625.2,-839.0,2924.9,2820.7599999999998,15.586939827311546
Konkan & Goa,1934,0.7,0.0,0.3,2.7,0.7,1060.2,893.0,870.7,329.7,60.3,53.5,0.5,3272.3,0.7,3.7,3153.5,114.4,2839.540425531915,11.056703811824509,Normal,2969.8,344.60000000000036,3019.733333333333,2810.56,15.457045889394383
Konkan & Goa,1935,0.2,0.1,0.0,0.0,0.0,700.3,879.9,466.5,419.7,64.3,11.0,0.6,2542.7,0.3,0.1,2466.4,75.9,2839.540425531915,-13.14087386031902,Normal,3153.5,183.69999999999982,2916.1666666666665,2979.6,11.594365750053075
Konkan & Goa,1936,0.0,0.0,0.1,0.3,23.2,993.2,712.9,534.9,376.2,62.1,79.1,1.3,2783.4,0.0,23.7,2617.2,142.5,2839.540425531915,-7.8301553143151805,Normal,2466.4,-687.0999999999999,2863.2333333333336,2935.82,13.673314207285644
Konkan & Goa,1937,0.0,4.0,0.1,53.5,2.4,826.9,1492.9,270.1,378.1,159.2,4.0,0.7,3192.0,4.0,56.0,2968.0,163.9,2839.540425531915,4.523956528776007,Normal,2617.2,150.79999999999973,2745.7000000000003,2766.42,10.278569377593483
Konkan & Goa,1938,0.0,0.4,4.0,2.1,55.2,1118.1,908.2,634.8,345.6,400.0,27.0,0.1,3495.5,0.4,61.3,3006.7,427.1,2839.540425531915,5.8868531317624,Normal,2968.0,350.8000000000002,2683.866666666667,2834.98,9.98631383019946
Konkan & Goa,1939,0.2,0.0,0.4,5.8,0.1,509.6,1116.8,817.1,227.9,58.0,22.7,0.0,2758.6,0.2,6.3,2671.4,80.8,2839.540425531915,-5.921395730804504,Normal,3006.7,38.69999999999982,2863.9666666666667,2842.3599999999997,10.130410735170706
Konkan & Goa,1940,4.8,6.1,2.8,1.9,7.9,668.3,1105.9,987.1,328.9,172.7,26.7,0.6,3313.7,10.8,12.6,3090.2,200.0,2839.540425531915,8.82746983329636,Normal,2671.4,-335.2999999999997,2882.0333333333333,2745.9399999999996,8.493519351116584
Konkan & Goa,1941,17.1,0.2,0.1,1.0,5.1,602.7,718.0,282.0,194.6,61.4,0.2,7.3,1889.6,17.3,6.2,1797.3,68.8,2839.540425531915,-36.70454613572469,Deficient,3090.2,418.7999999999997,2922.7666666666664,2870.7,7.392149389112291
Konkan & Goa,1942,0.0,0.0,0.0,3.3,2.6,987.6,1386.3,536.7,312.0,37.1,1.4,12.4,3279.5,0.0,5.9,3222.7,51.0,2839.540425531915,13.493717892616717,Normal,1797.3,-1292.8999999999999,2519.633333333333,2706.7200000000003,19.667874641562907
Konkan & Goa,1943,3.6,0.0,0.1,0.0,200.0,788.0,1313.1,281.8,468.4,168.4,27.8,0.0,3251.3,3.6,200.1,2851.3,196.2,2839.540425531915,0.4141365399255548,Normal,3222.7,1425.3999999999999,2703.4,2757.66,20.820229199489518
Konkan & Goa,1944,0.1,0.0,0.7,0.0,17.5,542.5,1456.0,658.6,85.7,177.0,14.1,0.0,2952.1,0.1,18.2,2742.7,191.1,2839.540425531915,-3.41042602039288,Normal,2851.3,-371.39999999999964,2623.766666666667,2726.58,20.588556777361156
Konkan & Goa,1945,8.8,0.0,0.0,0.9,1.1,733.2,1394.2,709.4,348.4,44.9,3.6,0.0,3244.5,8.8,2.0,3185.2,48.5,2839.540425531915,12.173081649412843,Normal,2742.7,-108.60000000000036,2938.9,2740.84,20.450529616002587
Konkan & Goa,1946,0.0,0.0,0.0,14.4,30.0,787.9,1085.7,878.9,334.0,47.3,170.4,10.4,3358.9,0.0,44.4,3086.5,228.0,2839.540425531915,8.69716705730025,Normal,3185.2,442.5,2926.4,2759.8399999999997,20.895988994001687
Konkan & Goa,1947,4.9,0.0,5.8,67.3,7.5,398.3,1133.9,919.2,497.5,50.8,2.0,2.9,3090.1,4.9,80.6,2948.8,55.8,2839.540425531915,3.847790772255629,Normal,3086.5,-98.69999999999982,3004.7999999999997,3017.68,6.993002855813608
Konkan & Goa,1948,10.5,0.0,0.2,2.3,7.2,599.3,1080.4,797.3,376.6,77.7,168.1,0.0,3119.8,10.5,9.8,2853.6,245.9,2839.540425531915,0.4951355628420495,Normal,2948.8,-137.69999999999982,3073.5,2962.9,5.986250357838504
Konkan & Goa,1949,0.2,0.0,0.1,1.3,128.9,442.2,1147.3,594.7,782.3,108.3,8.4,0.0,3213.7,0.2,130.3,2966.4,116.7,2839.540425531915,4.467609382399311,Normal,2853.6,-95.20000000000027,2962.9666666666667,2963.3599999999997,5.973200613385985
Konkan & Goa,1950,0.0,0.0,0.2,0.2,21.3,364.1,1336.1,302.6,777.5,119.1,8.1,0.0,2929.2,0.0,21.7,2780.3,127.1,2839.540425531915,-2.086268080540448,Normal,2966.4,112.80000000000018,2922.933333333333,3008.1,4.290759272153412
Konkan & Goa,1951,0.0,0.0,2.5,9.8,22.7,730.4,1114.7,507.6,129.0,296.3,36.3,0.0,2849.4,0.0,35.1,2481.7,332.6,2839.540425531915,-12.602054273091849,Normal,2780.3,-186.0999999999999,2866.7666666666664,2927.12,3.983217453003825
Konkan & Goa,1952,0.0,0.0,0.0,2.8,23.5,729.4,1013.1,512.3,87.5,151.5,0.0,1.8,2522.0,0.0,26.3,2342.3,153.4,2839.540425531915,-17.511299401161708,Normal,2481.7,-298.60000000000036,2742.7999999999997,2806.16,6.997181729999276
Konkan & Goa,1953,0.0,0.0,0.0,15.4,0.0,910.3,1321.9,713.3,210.5,156.1,0.2,0.0,3327.8,0.0,15.4,3156.0,156.3,2839.540425531915,11.1447462280381,Normal,2342.3,-139.39999999999964,2534.766666666667,2684.86,9.77426276483096
Konkan & Goa,1954,0.0,2.4,3.5,7.2,3.9,581.5,1470.8,912.8,750.7,48.9,0.1,8.6,3790.3,2.4,14.6,3715.7,57.5,2839.540425531915,30.855682369936996,Excess,3156.0,813.6999999999998,2660.0,2745.34,12.226646608677688
Konkan & Goa,1955,0.2,0.0,2.2,11.6,34.2,779.2,995.9,1299.8,463.0,297.1,14.2,0.0,3897.5,0.2,48.0,3537.9,311.3,2839.540425531915,24.594105728826364,Excess,3715.7,559.6999999999998,3071.3333333333335,2895.2,19.16203150847989
Konkan & Goa,1956,0.0,0.3,0.0,5.8,176.4,780.2,1325.8,700.8,433.4,195.0,46.0,0.0,3663.7,0.3,182.2,3240.2,241.0,2839.540425531915,14.11001480611186,Normal,3537.9,-177.79999999999973,3469.866666666667,3046.7200000000003,20.207573767192024
Konkan & Goa,1957,0.0,0.0,0.0,1.7,30.6,593.8,1175.0,1051.7,130.6,86.6,52.9,0.6,3123.5,0.0,32.3,2951.1,140.1,2839.540425531915,3.928789795172124,Normal,3240.2,-297.7000000000003,3497.933333333333,3198.42,16.53903030168019
Konkan & Goa,1958,0.2,0.1,0.2,9.0,34.8,1044.5,1280.2,1177.9,383.7,54.8,14.7,0.2,4000.2,0.3,44.0,3886.3,69.7,2839.540425531915,36.8636968523525,Excess,2951.1,-289.0999999999999,3243.066666666667,3320.1800000000003,9.202404948901028
Konkan & Goa,1959,0.0,0.0,0.0,6.0,36.2,750.1,1357.1,690.9,521.8,201.4,24.8,0.3,3588.6,0.0,42.2,3319.9,226.5,2839.540425531915,16.91680703500117,Normal,3886.3,935.2000000000003,3359.2000000000003,3466.2400000000002,10.797261158952587
Konkan & Goa,1960,0.0,0.0,0.0,1.1,81.0,920.1,1140.9,501.8,285.1,82.0,15.3,0.5,3027.7,0.0,82.1,2847.8,97.7,2839.540425531915,0.2908771572265264,Normal,3319.9,-566.4000000000001,3385.7666666666664,3387.0799999999995,10.313676694879408
Konkan & Goa,1961,0.0,5.2,0.0,2.3,182.2,738.0,1543.3,712.6,486.1,248.9,2.4,0.0,3921.0,5.2,184.5,3480.1,251.3,2839.540425531915,22.55856506596812,Excess,2847.8,-472.0999999999999,3351.3333333333335,3249.06,12.511238769360197
Konkan & Goa,1962,0.2,0.0,0.1,0.7,129.5,435.5,1355.1,880.4,525.9,48.8,12.8,96.2,3485.1,0.2,130.3,3196.8,157.9,2839.540425531915,12.58159846064392,Normal,3480.1,632.2999999999997,3215.933333333333,3297.04,12.7129640404741
Konkan & Goa,1963,0.0,0.1,0.1,1.1,7.6,594.5,1178.8,1414.7,306.3,91.9,11.7,0.0,3606.8,0.1,8.8,3494.3,103.6,2839.540425531915,23.05864599006133,Excess,3196.8,-283.2999999999997,3174.9,3346.1800000000003,11.39011584406262
Konkan & Goa,1964,0.0,0.0,0.0,0.9,5.2,690.3,908.3,1031.8,378.9,158.0,18.9,0.4,3192.7,0.0,6.1,3009.4,177.3,2839.540425531915,5.981938941273088,Normal,3494.3,297.5,3390.4,3267.78,8.104123216197882
Konkan & Goa,1965,3.4,0.0,0.0,5.7,0.1,817.6,1393.7,608.8,147.5,8.9,2.2,83.7,3071.5,3.4,5.8,2967.6,94.8,2839.540425531915,4.509869742181829,Normal,3009.4,-484.9000000000001,3233.5,3205.68,8.895812326996968
Konkan & Goa,1966,0.0,0.0,0.0,0.2,64.7,370.0,1168.8,224.1,443.5,43.9,111.3,1.1,2427.5,0.0,64.8,2206.4,156.3,2839.540425531915,-22.29728514653255,Deficient,2967.6,-41.80000000000018,3157.1,3229.6400000000003,7.756641067318724
Konkan & Goa,1967,0.0,0.0,7.7,0.8,7.5,768.9,1109.2,416.9,317.1,109.6,0.7,14.0,2752.3,0.0,16.0,2612.0,124.2,2839.540425531915,-8.013283540039444,Normal,2206.4,-761.1999999999998,2727.7999999999997,2974.9,16.040632299308875
Konkan & Goa,1968,0.0,0.3,0.1,6.0,1.5,556.9,1134.7,318.7,202.1,130.4,8.6,0.0,2359.4,0.3,7.6,2212.4,139.0,2839.540425531915,-22.08598334761993,Deficient,2612.0,405.5999999999999,2595.3333333333335,2857.94,16.82545113225497
Konkan & Goa,1969,0.0,0.0,0.0,1.1,2.4,666.5,1282.2,527.1,586.0,37.9,23.2,0.9,3127.4,0.0,3.5,3061.8,62.1,2839.540425531915,7.827307985109972,Normal,2212.4,-399.5999999999999,2343.6,2601.56,14.986380633358712
Konkan & Goa,1970,0.0,0.0,0.0,1.5,74.5,963.3,993.8,1164.8,312.7,85.8,0.0,0.2,3596.6,0.0,76.0,3434.6,86.0,2839.540425531915,20.95619309088075,Excess,3061.8,849.4000000000001,2628.733333333333,2612.04,15.468009785505677
Konkan & Goa,1971,0.0,0.0,0.0,0.3,85.1,1011.9,650.8,602.0,362.6,40.4,0.9,0.0,2754.0,0.0,85.4,2627.2,41.3,2839.540425531915,-7.477985649460813,Normal,3434.6,372.7999999999997,2902.933333333334,2705.44,19.90089273610144
Konkan & Goa,1972,0.0,0.1,0.0,0.6,10.7,662.0,731.6,293.9,138.8,8.5,26.8,0.0,1873.0,0.1,11.3,1826.2,35.4,2839.540425531915,-35.686775804295564,Deficient,2627.2,-807.4000000000001,3041.2000000000003,2789.6,16.825331844450925
Konkan & Goa,1973,0.0,0.4,0.0,0.0,3.1,455.9,922.1,910.6,437.4,103.6,2.9,0.2,2836.3,0.4,3.2,2726.1,106.7,2839.540425531915,-3.9950276640511246,Normal,1826.2,-800.9999999999998,2629.3333333333335,2632.44,24.429690141105816
Konkan & Goa,1974,0.7,0.0,0.0,6.8,73.9,508.2,1133.0,774.4,351.1,238.6,0.0,0.0,3086.7,0.7,80.7,2766.7,238.6,2839.540425531915,-2.5652188247423995,Normal,2726.1,899.8999999999999,2393.1666666666665,2735.1799999999994,21.889549315153605
Konkan & Goa,1975,0.0,0.1,0.0,1.0,13.6,856.9,1027.0,848.0,556.0,192.7,20.2,0.0,3515.4,0.1,14.6,3287.8,212.9,2839.540425531915,15.786342410818657,Normal,2766.7,40.59999999999991,2439.6666666666665,2676.16,21.39036338849006
Konkan & Goa,1976,0.0,0.0,1.6,0.4,4.5,635.1,1279.2,690.1,360.7,20.3,71.0,0.0,3063.0,0.0,6.6,2965.1,91.3,2839.540425531915,4.421827325968237,Normal,3287.8,521.1000000000004,2926.8666666666663,2646.8,19.8605704162295
Konkan & Goa,1977,0.0,0.0,0.8,1.3,10.3,583.0,1384.6,580.5,386.9,77.0,78.8,0.2,3103.3,0.0,12.3,2935.0,156.0,2839.540425531915,3.3617966347565966,Normal,2965.1,-322.7000000000003,3006.5333333333333,2714.38,20.038576986353966
Konkan & Goa,1978,0.0,0.0,0.0,8.3,86.6,946.2,907.2,575.4,243.0,67.2,48.8,2.8,2885.6,0.0,95.0,2671.8,118.8,2839.540425531915,-5.9073089442103255,Normal,2935.0,-30.09999999999991,3062.633333333333,2936.14,7.564694617333882
Konkan & Goa,1979,0.0,0.7,0.1,0.0,0.3,653.1,797.2,687.2,266.5,26.8,77.3,0.0,2509.2,0.7,0.4,2404.0,104.1,2839.540425531915,-15.33841256901027,Normal,2671.8,-263.1999999999998,2857.2999999999997,2925.2799999999997,8.062470599073702
Konkan & Goa,1980,0.0,0.0,0.0,3.5,2.9,877.7,749.9,851.8,166.4,20.7,26.1,25.2,2724.3,0.0,6.4,2645.8,72.1,2839.540425531915,-6.822950072831679,Normal,2404.0,-267.8000000000002,2670.2666666666664,2852.7400000000002,11.662714094431474
Konkan & Goa,1981,0.6,0.0,0.0,0.1,4.2,773.9,1073.0,708.6,480.6,59.1,24.5,0.1,3124.7,0.6,4.3,3036.1,83.7,2839.540425531915,6.92223194643424,Normal,2645.8,241.80000000000018,2573.866666666667,2724.34,8.487966273216493
Konkan & Goa,1982,0.0,0.0,0.0,0.0,14.5,558.4,987.1,810.8,216.3,42.1,69.6,0.0,2698.9,0.0,14.5,2572.6,111.7,2839.540425531915,-9.400832019565652,Normal,3036.1,390.2999999999997,2695.3,2738.54,9.167403009953684
Konkan & Goa,1983,0.0,0.0,0.0,0.3,0.4,655.3,1073.2,1331.2,638.8,102.4,9.7,3.2,3814.5,0.0,0.7,3698.6,115.2,2839.540425531915,30.25347224303603,Excess,2572.6,-463.5,2751.5,2666.0600000000004,8.691610820498616
Konkan & Goa,1984,0.0,0.2,0.1,0.9,0.3,728.0,1090.5,421.4,220.5,118.7,2.9,0.3,2583.6,0.2,1.2,2460.4,121.8,2839.540425531915,-13.35217565923164,Normal,3698.6,1126.0,3102.433333333333,2871.4199999999996,18.012348651456552
Konkan & Goa,1985,0.0,0.0,0.0,0.4,23.3,1000.0,921.3,663.1,153.1,204.8,2.5,0.0,2968.5,0.0,23.7,2737.5,207.3,2839.540425531915,-3.593554246117144,Normal,2460.4,-1238.1999999999998,2910.5333333333333,2882.7,17.51611151207811
Konkan & Goa,1986,0.0,0.0,0.0,0.1,1.0,777.2,543.2,670.9,65.0,15.6,53.6,1.0,2127.7,0.0,1.1,2056.3,70.3,2839.540425531915,-27.583351815996583,Deficient,2737.5,277.0999999999999,2965.5,2901.04,17.089157103349773
Konkan & Goa,1987,0.0,0.0,0.0,0.6,9.0,612.0,832.2,835.6,149.3,166.8,20.2,9.3,2635.0,0.0,9.6,2429.1,196.3,2839.540425531915,-14.454466710225814,Normal,2056.3,-681.1999999999998,2418.066666666667,2705.08,22.535523028246836
Konkan & Goa,1988,0.0,0.0,0.0,4.3,1.3,506.1,1432.1,664.4,617.9,66.9,0.0,0.0,3293.0,0.0,5.6,3220.6,66.9,2839.540425531915,13.419762262997304,Normal,2429.1,372.7999999999997,2407.6333333333337,2676.38,23.190941642956332
Konkan & Goa,1989,0.0,0.0,0.6,1.0,4.0,733.1,943.0,704.9,300.5,80.7,3.6,0.0,2771.5,0.0,5.6,2681.5,84.4,2839.540425531915,-5.565704369301597,Normal,3220.6,791.5,2568.6666666666665,2580.7799999999997,16.739262478008797
Konkan & Goa,1990,0.0,0.0,0.1,0.0,193.9,802.1,873.7,1164.2,323.2,190.0,20.8,0.0,3568.0,0.0,194.0,3163.2,210.8,2839.540425531915,11.398308386733236,Normal,2681.5,-539.0999999999999,2777.066666666667,2625.0,16.300849107719912
Konkan & Goa,1991,0.0,0.0,0.0,6.4,14.7,759.2,1461.4,598.8,92.7,20.3,0.8,0.3,2954.6,0.0,21.2,2912.1,21.4,2839.540425531915,2.5553281022400944,Normal,3163.2,481.6999999999998,3021.7666666666664,2710.14,18.199802112864173
Konkan & Goa,1992,0.0,0.0,0.0,0.0,6.2,493.0,822.9,1093.1,343.4,79.0,2.8,0.0,2840.4,0.0,6.2,2752.4,81.8,2839.540425531915,-3.068821445484134,Normal,2912.1,-251.0999999999999,2918.933333333333,2881.3,11.510151083489962
Konkan & Goa,1993,0.0,0.0,0.6,0.1,11.4,587.7,1394.1,648.7,597.2,227.6,9.4,4.0,3480.9,0.0,12.1,3227.8,241.0,2839.540425531915,13.673324421692456,Normal,2752.4,-159.69999999999982,2942.566666666666,2945.96,8.160376968574983
Konkan & Goa,1994,1.3,0.0,0.0,12.5,11.7,784.8,1168.5,654.4,406.5,137.9,2.2,0.0,3179.8,1.3,24.2,3014.1,140.1,2839.540425531915,6.147458683754634,Normal,3227.8,475.4000000000001,2964.1000000000004,2947.4,8.226588251292103
Konkan & Goa,1995,3.5,0.0,0.0,3.3,15.3,345.9,1171.2,606.5,419.5,196.5,4.4,0.0,2766.0,3.5,18.6,2543.0,200.9,2839.540425531915,-10.443254227534574,Normal,3014.1,-213.70000000000027,2998.1,3013.9199999999996,6.3560217857457415
Konkan & Goa,1996,0.1,0.0,0.0,0.6,1.4,535.7,1232.0,594.6,308.4,245.9,1.2,0.9,2920.7,0.1,1.9,2670.8,248.0,2839.540425531915,-5.942525910695762,Normal,2543.0,-471.0999999999999,2928.3000000000006,2889.88,8.979274036222161
Konkan & Goa,1997,2.6,0.0,0.8,1.8,0.2,757.9,1072.6,847.6,215.2,21.8,47.1,59.6,3027.2,2.6,2.8,2893.4,128.5,2839.540425531915,1.8967708289624348,Normal,2670.8,127.80000000000018,2742.633333333333,2841.62,9.720638533446241
Konkan & Goa,1998,0.0,0.0,0.0,0.0,9.7,671.3,909.1,758.3,561.8,280.0,44.3,0.1,3234.7,0.0,9.7,2900.6,324.4,2839.540425531915,2.1503329876575727,Normal,2893.4,222.5999999999999,2702.4,2869.82,9.478053449765005
Konkan & Goa,1999,0.0,0.0,0.0,0.0,67.1,978.7,1105.1,283.7,297.1,179.7,0.7,0.0,2912.1,0.0,67.1,2664.5,180.4,2839.540425531915,-6.16439279955402,Normal,2900.6,7.199999999999818,2821.6,2804.38,6.8434712973077945
Konkan & Goa,2000,1.2,0.0,0.0,0.9,190.3,739.4,1200.4,789.5,111.9,91.8,1.6,6.2,3133.2,1.2,191.2,2841.2,99.7,2839.540425531915,0.0584451784226317,Normal,2664.5,-236.0999999999999,2819.5,2734.46,5.737817942528236
Konkan & Goa,2001,5.6,0.0,0.0,2.8,59.6,540.1,873.4,611.3,207.9,91.6,3.1,0.0,2395.4,5.6,62.4,2232.7,94.7,2839.540425531915,-21.371078927965577,Deficient,2841.2,176.69999999999982,2802.1,2794.1,4.2127152356057165
Konkan & Goa,2002,0.0,0.0,0.1,2.8,9.4,942.0,452.8,834.5,217.1,75.3,3.0,0.3,2537.2,0.0,12.3,2446.4,78.6,2839.540425531915,-13.845213190027753,Normal,2232.7,-608.5,2579.4666666666667,2706.48,10.401487768002495
Konkan & Goa,2003,0.5,0.6,0.8,1.2,11.2,865.3,1013.9,593.7,298.7,54.4,1.9,0.0,2842.3,1.2,13.2,2771.6,56.3,2839.540425531915,-2.3926556889637567,Normal,2446.4,213.70000000000027,2506.7666666666664,2617.08,10.632926753245018
Konkan & Goa,2004,0.0,0.0,0.0,10.4,46.9,678.6,902.3,1011.5,293.3,32.9,10.2,0.0,2985.9,0.0,57.2,2885.5,43.1,2839.540425531915,1.618556793727482,Normal,2771.6,325.1999999999998,2483.5666666666666,2591.2799999999997,9.64593365479926
Konkan & Goa,2005,1.3,0.1,1.9,4.0,9.8,730.2,1340.9,772.2,678.8,76.5,0.0,0.1,3615.7,1.4,15.6,3522.2,76.6,2839.540425531915,24.041199355005,Excess,2885.5,113.90000000000009,2701.1666666666665,2635.48,10.754599968453325
Konkan & Goa,2006,0.0,0.0,9.9,0.0,211.8,683.1,1066.2,886.4,399.9,202.4,22.5,0.0,3482.2,0.0,221.7,3035.6,224.9,2839.540425531915,6.9046234631915215,Normal,3522.2,636.6999999999998,3059.7666666666664,2771.6800000000003,17.790209066256757
Konkan & Goa,2007,0.0,0.0,0.1,3.3,33.4,939.3,841.3,980.2,609.0,45.6,16.0,0.1,3468.5,0.0,36.9,3369.9,61.7,2839.540425531915,18.677655359273004,Normal,3035.6,-486.5999999999999,3147.7666666666664,2932.2599999999998,13.456438348916294
Konkan & Goa,2008,0.0,0.1,31.5,0.3,11.1,798.5,766.6,833.1,551.2,57.3,0.9,2.4,3053.1,0.1,43.0,2949.3,60.6,2839.540425531915,3.8653992554983474,Normal,3369.9,334.3000000000002,3309.2333333333336,3116.96,10.24213246900069
Konkan & Goa,2009,0.0,0.0,0.3,0.1,5.6,330.6,1271.2,292.9,387.5,307.4,121.0,0.0,2716.6,0.0,5.9,2282.2,428.5,2839.540425531915,-19.62783908693646,Normal,2949.3,-420.5999999999999,3118.2666666666664,3152.5,8.833357253595961
Konkan & Goa,2010,2.7,0.0,0.0,1.5,8.2,680.8,1405.3,850.0,531.3,190.2,106.7,1.4,3778.1,2.7,9.7,3467.4,298.3,2839.540425531915,22.11130959160308,Excess,2282.2,-667.1000000000004,2867.133333333333,3031.84,15.8484926528208
Konkan & Goa,2011,0.0,0.0,0.0,3.4,1.1,857.0,1384.1,987.9,468.3,120.3,3.1,0.0,3825.2,0.0,4.5,3697.3,123.5,2839.540425531915,30.207690186604967,Excess,3467.4,1185.2000000000003,2899.633333333333,3020.88,15.45754379178572
Konkan & Goa,2012,0.0,0.0,0.0,0.6,1.1,633.0,928.5,762.5,515.3,175.1,2.3,0.0,3018.4,0.0,1.7,2839.3,177.4,2839.540425531915,-0.0084670578996851,Normal,3697.3,229.9000000000001,3148.9666666666667,3153.2200000000003,17.6712108950437
Konkan & Goa,2013,1.8,5.4,0.1,0.1,18.5,1028.3,1478.5,497.6,340.7,149.3,2.1,1.5,3524.0,7.3,18.7,3345.2,152.8,2839.540425531915,17.80779628708271,Normal,2839.3,-858.0,3334.6666666666665,3047.1000000000004,18.251917061405134
Konkan & Goa,2014,1.3,5.3,1.8,0.7,21.3,238.2,1293.2,658.0,419.5,98.7,8.0,11.7,2757.5,6.6,23.8,2608.8,118.4,2839.540425531915,-8.125977832792836,Normal,3345.2,505.89999999999964,3293.933333333334,3126.2799999999997,18.1311069114294
Konkan & Goa,2015,2.7,0.0,36.8,3.6,11.3,764.0,526.5,377.3,240.9,91.4,27.3,0.0,2082.0,2.7,51.7,1908.7,118.8,2839.540425531915,-32.781376069247045,Deficient,2608.8,-736.3999999999996,2931.1,3191.6000000000004,14.17902946765815
Konkan & Goa,2016,0.0,0.1,2.0,0.3,2.1,806.5,1327.3,817.0,600.2,106.3,2.0,0.1,3663.9,0.1,4.4,3551.0,108.5,2839.540425531915,25.055447989785577,Excess,1908.7,-700.1000000000001,2620.9,2879.8599999999997,23.950814549054932
Konkan & Goa,2017,0.0,0.0,0.0,0.0,47.0,840.4,1095.3,731.2,546.9,156.9,0.7,25.0,3443.4,0.0,47.0,3213.8,182.6,2839.540425531915,13.180286890896346,Normal,3551.0,1642.3,2689.5,2850.6,22.741148544899925
Lakshadweep,1901,22.6,86.4,114.8,263.8,37.3,459.0,0.0,0.0,46.7,183.7,229.9,15.0,1459.2,109.0,415.9,505.7,428.6,1022.3382978723404,-50.53496469295461,Deficient,,,,,
Lakshadweep,1902,99.3,9.6,32.6,40.4,179.1,374.2,413.3,170.0,214.3,384.2,192.8,49.0,2158.8,108.9,252.1,1171.8,626.0,1022.3382978723404,14.619593381047608,Normal,505.7,,,,
Lakshadweep,1903,63.5,95.0,0.0,29.5,144.1,212.4,261.8,202.0,292.1,79.1,,,,158.5,173.6,968.3,,1022.3382978723404,-5.285755017180067,Normal,1171.8,666.0999999999999,,,
Lakshadweep,1904,0.0,0.0,13.5,13.2,143.3,261.3,256.0,38.9,219.9,153.6,8.3,68.9,1176.9,0.0,170.0,776.1,230.8,1022.3382978723404,-24.085794143171995,Deficient,968.3,-203.5,881.9333333333334,,
Lakshadweep,1905,62.4,0.0,0.0,0.0,166.7,400.7,68.7,377.5,107.5,232.1,159.3,0.0,1574.9,62.4,166.7,954.4,391.4,1022.3382978723404,-6.645383237009867,Normal,776.1,-192.19999999999993,972.0666666666667,,
Lakshadweep,1906,17.8,0.0,24.4,33.8,213.0,465.0,348.6,260.5,25.9,252.3,106.5,63.8,1811.6,17.8,271.2,1100.0,422.6,1022.3382978723404,7.5964778282577,Normal,954.4,178.29999999999995,899.6,875.26,28.520799980019255
Lakshadweep,1907,60.6,49.3,0.0,123.5,77.0,241.1,199.5,165.6,25.8,176.3,292.7,47.4,1458.8,109.9,200.5,632.0,516.4,1022.3382978723404,-38.18093273867376,Deficient,1100.0,145.60000000000002,943.5,994.1200000000001,15.301632615150792
Lakshadweep,1908,18.0,9.2,5.6,162.0,150.9,471.7,184.9,73.9,437.0,251.2,98.0,96.7,1959.1,27.2,318.5,1167.5,445.9,1022.3382978723404,14.198988967718968,Normal,632.0,-468.0,895.4666666666667,886.1600000000001,20.642088498154244
Lakshadweep,1909,70.4,0.0,34.2,92.4,48.4,204.0,122.4,368.8,105.1,340.5,45.0,32.3,1463.5,70.4,175.0,800.3,417.8,1022.3382978723404,-21.71867163095033,Deficient,1167.5,535.5,966.5,926.0,24.045412001575357
Lakshadweep,1910,2.3,0.0,32.8,34.3,201.1,340.4,155.2,292.4,301.8,317.1,171.8,0.0,1849.2,2.3,268.2,1089.8,488.9,1022.3382978723404,6.598765033850215,Normal,800.3,-367.20000000000005,866.6,930.8399999999999,23.507517255884324
Lakshadweep,1911,22.4,0.0,0.0,0.0,104.2,425.3,245.5,60.3,67.9,316.1,276.0,170.0,1687.7,22.4,104.2,799.0,762.1,1022.3382978723404,-21.84583110474736,Deficient,1089.8,289.5,1019.1999999999999,957.9200000000001,24.065368374123707
Lakshadweep,1912,11.4,54.6,8.1,118.6,165.1,417.8,171.7,152.2,68.9,267.8,126.2,92.5,1654.9,66.0,291.8,810.6,486.5,1022.3382978723404,-20.71117733855846,Deficient,799.0,-290.79999999999995,896.3666666666667,897.72,24.87835470662926
Lakshadweep,1913,77.0,1.8,50.3,53.4,244.0,251.8,215.5,235.5,38.6,154.3,111.4,84.9,1518.5,78.8,347.7,741.4,350.6,1022.3382978723404,-27.47997394375431,Deficient,810.6,11.600000000000023,899.8000000000001,933.4399999999999,19.32234874658592
Lakshadweep,1914,10.4,0.0,53.3,10.2,120.7,377.1,347.5,220.4,26.5,437.0,172.0,258.9,2034.0,10.4,184.2,971.5,867.9,1022.3382978723404,-4.972747081679676,Normal,741.4,-69.20000000000005,783.6666666666666,848.22,16.24046379278508
Lakshadweep,1915,0.0,0.0,22.9,50.5,143.3,183.4,461.6,76.0,222.1,151.6,155.8,78.3,1545.5,0.0,216.7,943.1,385.7,1022.3382978723404,-7.7506925092456,Normal,971.5,230.10000000000002,841.1666666666666,882.46,16.318153072811057
Lakshadweep,1916,0.3,13.2,32.0,28.7,130.5,327.6,445.9,31.8,275.4,85.2,17.5,10.4,1398.5,13.5,191.2,1080.7,113.1,1022.3382978723404,5.708648717271001,Normal,943.1,-28.399999999999977,885.3333333333334,853.1199999999999,11.6228763186913
Lakshadweep,1917,,68.6,,,,,,,,,,,,,,,,1022.3382978723404,,Unknown,1080.7,137.60000000000002,998.4333333333334,909.4599999999998,14.784929212977973
Lakshadweep,1919,74.4,1.3,39.4,25.6,249.8,352.1,367.4,175.6,196.9,181.0,150.2,112.8,1926.5,75.7,314.8,1092.0,444.0,1022.3382978723404,6.813957989506735,Normal,,,,,
Lakshadweep,1920,82.6,,35.6,49.4,203.1,530.0,134.2,116.9,247.6,258.8,359.6,33.1,,,288.1,1028.7,651.5,1022.3382978723404,0.6222697653897283,Normal,1092.0,,,,
Lakshadweep,1921,37.6,0.0,16.8,82.4,156.3,326.2,163.7,235.5,,170.3,110.3,93.0,,37.6,255.5,,373.6,1022.3382978723404,,Unknown,1028.7,-63.299999999999955,,,
Lakshadweep,1922,17.8,56.7,0.0,214.1,112.8,232.9,258.0,190.4,425.2,152.7,210.0,57.9,1928.5,74.5,326.9,1106.5,420.6,1022.3382978723404,8.23227519724286,Normal,,,,,
Lakshadweep,1923,43.7,1.6,25.0,0.0,13.5,372.8,314.6,198.9,189.3,149.7,65.2,197.9,1572.2,45.3,38.5,1075.6,412.8,1022.3382978723404,5.209792320067248,Normal,1106.5,,,,
Lakshadweep,1924,23.8,1.0,4.7,57.6,224.9,567.3,339.2,396.4,236.8,96.5,15.2,8.6,1972.0,24.8,287.2,1539.7,120.3,1022.3382978723404,50.60572446560763,Excess,1075.6,-30.90000000000009,,,
Lakshadweep,1925,2.3,7.5,15.5,32.6,244.2,327.5,192.3,295.3,63.5,109.3,144.9,242.0,1676.9,9.8,292.3,878.6,496.2,1022.3382978723404,-14.059758709175258,Normal,1539.7,464.10000000000014,1240.6000000000001,,
Lakshadweep,1926,262.8,16.0,33.6,60.2,335.8,392.0,303.9,118.2,97.2,83.4,119.3,13.8,1836.2,278.8,429.6,911.3,216.5,1022.3382978723404,-10.861208868280691,Normal,878.6,-661.1,1164.6333333333334,,
Lakshadweep,1927,108.2,14.7,40.7,40.4,229.0,181.2,,42.0,256.0,,,,,122.9,310.1,,,1022.3382978723404,,Unknown,911.3,32.69999999999993,1109.8666666666666,1102.34,23.93994492253721
Lakshadweep,1928,42.5,66.6,,1.4,212.3,206.9,268.8,174.9,53.8,124.1,116.3,139.3,,109.1,,704.4,379.7,1022.3382978723404,-31.099128197977528,Deficient,,,,,
Lakshadweep,1929,6.1,66.6,49.5,91.0,248.0,259.3,452.7,34.2,186.3,100.2,,28.8,,72.7,388.5,932.5,,1022.3382978723404,-8.78753129559063,Normal,704.4,,,,
Lakshadweep,1930,14.0,24.6,14.2,0.0,110.6,277.5,115.5,186.4,193.0,170.6,79.6,72.4,1258.4,38.6,124.8,772.4,322.6,1022.3382978723404,-24.447709568594323,Deficient,932.5,228.10000000000002,,,
Lakshadweep,1931,,0.0,0.0,28.5,194.6,262.0,290.4,347.9,167.1,102.0,118.3,96.1,,,223.1,1067.4,316.4,1022.3382978723404,4.407709485347526,Normal,772.4,-160.10000000000002,803.1,,
Lakshadweep,1932,0.0,0.2,4.8,0.4,372.6,239.4,435.0,286.7,63.5,256.3,178.1,56.7,1893.7,0.2,377.8,1024.6,491.1,1022.3382978723404,0.2212283480298453,Normal,1067.4,295.0000000000001,924.1,,
Lakshadweep,1933,6.1,34.5,16.5,44.5,660.8,200.3,366.0,334.8,390.0,157.9,85.1,17.6,2314.1,40.6,721.8,1291.1,260.6,1022.3382978723404,26.288920476421367,Excess,1024.6,-42.80000000000018,954.7999999999998,900.2599999999999,17.48788761281664
Lakshadweep,1934,122.3,5.7,5.1,30.8,37.4,305.1,197.1,71.4,76.3,161.5,74.9,0.3,1087.9,128.0,73.3,649.9,236.7,1022.3382978723404,-36.43004459946848,Deficient,1291.1,266.5,1127.7,1017.6,18.690532685096343
Lakshadweep,1935,9.2,7.7,0.0,41.1,15.8,351.8,309.1,277.5,136.4,142.8,145.4,92.4,1529.2,16.9,56.9,1074.8,380.6,1022.3382978723404,5.131540336192156,Normal,649.9,-641.1999999999999,988.5333333333332,961.0799999999999,26.35789765556539
Lakshadweep,1936,0.5,1.0,41.1,18.8,354.8,464.2,177.1,161.1,219.1,70.1,177.1,59.2,1744.1,1.5,414.7,1021.5,306.4,1022.3382978723404,-0.0819980894861447,Normal,1074.8,424.9,1005.2666666666668,1021.5599999999998,22.733138380209116
Lakshadweep,1937,8.3,2.5,1.5,15.8,79.7,371.8,391.0,80.0,101.3,167.9,191.0,32.8,1443.6,10.8,97.0,944.1,391.7,1022.3382978723404,-7.652877529401731,Normal,1021.5,-53.299999999999955,915.4,1012.3799999999999,22.804759397565434
Lakshadweep,1938,6.8,6.3,8.0,74.0,113.8,145.4,230.3,385.8,132.8,113.3,210.8,120.3,1547.6,13.1,195.8,894.3,444.4,1022.3382978723404,-12.524063525626495,Normal,944.1,-77.39999999999998,1013.4666666666667,996.28,23.347448373058395
Lakshadweep,1939,9.0,0.5,0.0,2.5,20.3,412.7,220.1,248.0,47.0,114.6,126.8,5.8,1207.3,9.5,22.8,927.8,247.2,1022.3382978723404,-9.247261700856829,Normal,894.3,-49.80000000000007,953.3000000000001,916.9199999999998,17.95475884110257
Lakshadweep,1940,14.8,0.4,0.0,19.2,61.4,292.5,267.2,242.0,36.4,237.7,194.3,40.8,1406.7,15.2,80.6,838.1,472.8,1022.3382978723404,-18.02126539285202,Normal,927.8,33.5,922.0666666666667,972.5,7.588762095494686
Lakshadweep,1941,44.4,16.5,2.7,1.0,227.6,213.3,142.0,182.4,138.5,78.1,72.9,44.0,1163.4,60.9,231.3,676.2,195.0,1022.3382978723404,-33.85751062957467,Deficient,838.1,-89.69999999999993,886.7333333333335,925.1600000000001,7.286796192846635
Lakshadweep,1942,40.0,3.8,15.1,69.1,154.1,539.7,346.6,207.3,90.1,120.5,39.2,160.7,1786.2,43.8,238.3,1183.7,320.4,1022.3382978723404,15.783591641189677,Normal,676.2,-161.89999999999998,814.0333333333334,856.1,12.666098972164242
Lakshadweep,1943,112.6,57.4,0.0,,146.0,422.3,346.0,203.1,154.8,309.3,142.8,55.5,,170.0,,1126.2,507.6,1022.3382978723404,10.159230300167115,Normal,1183.7,507.5,899.3333333333335,904.0200000000001,20.331296354872524
Lakshadweep,1944,25.4,67.9,5.8,16.6,174.5,261.4,247.3,99.1,272.6,175.9,234.9,86.7,1668.1,93.3,196.9,880.4,497.5,1022.3382978723404,-13.883691745456296,Normal,1126.2,-57.5,995.3666666666668,950.4,21.92255869429655
Lakshadweep,1945,16.8,1.3,0.0,0.9,54.2,362.0,341.0,148.8,42.8,132.8,155.1,65.6,1321.3,18.1,55.1,894.6,353.5,1022.3382978723404,-12.494719031673329,Normal,880.4,-245.80000000000007,1063.4333333333336,940.9200000000001,22.39323862075763
Lakshadweep,1946,15.7,1.5,9.5,32.0,,,,,,,,,,17.2,,,,1022.3382978723404,,Unknown,894.6,14.200000000000045,967.0666666666667,952.22,21.555340344827332
Lakshadweep,1947,20.1,9.1,24.3,140.2,87.9,364.8,303.6,504.6,168.8,74.2,28.4,29.9,1755.9,29.2,252.4,1341.8,132.5,1022.3382978723404,31.248139954505618,Excess,,,,,
Lakshadweep,1948,70.0,5.7,0.2,17.2,121.0,278.5,159.0,124.8,39.5,356.7,118.5,34.2,1325.3,75.7,138.4,601.8,509.4,1022.3382978723404,-41.13494512995865,Deficient,1341.8,,,,
Lakshadweep,1949,2.2,1.0,0.0,2.4,372.5,380.5,476.7,242.5,188.5,80.1,,8.8,,3.2,374.9,1288.2,,1022.3382978723404,26.00525703487416,Excess,601.8,-740.0,,,
Lakshadweep,1950,8.5,38.7,25.1,69.9,158.6,203.1,405.0,266.5,135.3,52.7,31.0,99.7,1494.1,47.2,253.6,1009.9,183.4,1022.3382978723404,-1.2166518556750463,Normal,1288.2,686.4000000000001,1077.2666666666667,,
Lakshadweep,1951,24.3,28.9,35.3,129.9,108.4,445.1,524.2,43.7,156.0,68.6,103.6,47.3,1715.3,53.2,273.6,1169.0,219.5,1022.3382978723404,14.345711437484772,Normal,1009.9,-278.30000000000007,966.6333333333333,,
Lakshadweep,1952,21.3,11.2,0.8,11.6,152.4,343.5,157.9,79.6,38.3,273.0,12.2,22.7,1124.5,32.5,164.8,619.3,307.9,1022.3382978723404,-39.42318298269092,Deficient,1169.0,159.10000000000002,1155.7,1082.1399999999999,27.46652688877111
Lakshadweep,1953,10.4,40.8,9.3,35.0,15.3,205.8,537.0,69.4,125.5,452.4,95.6,9.7,1606.2,51.2,59.6,937.7,557.7,1022.3382978723404,-8.2788934004025,Normal,619.3,-549.7,932.7333333333332,937.64,33.547131109712915
Lakshadweep,1954,74.1,0.0,14.6,39.8,122.3,375.2,259.5,232.9,123.5,256.2,34.1,23.3,1555.5,74.1,176.7,991.1,313.6,1022.3382978723404,-3.0555734767398097,Normal,937.7,318.4000000000001,908.6666666666666,1004.82,25.39308436082613
Lakshadweep,1955,11.4,39.1,0.0,105.4,235.2,345.5,215.4,63.2,302.5,155.9,61.2,13.5,1548.3,50.5,340.6,926.6,230.6,1022.3382978723404,-9.364639676669466,Normal,991.1,53.39999999999998,849.3666666666667,945.4,21.329288419079646
Lakshadweep,1956,13.6,27.7,1.3,40.8,269.5,356.1,109.8,91.6,148.0,175.6,48.5,4.9,1287.4,41.3,311.6,705.5,229.0,1022.3382978723404,-30.99153172014927,Deficient,926.6,-64.5,951.8000000000001,928.74,21.36236884525696
Lakshadweep,1957,0.9,11.4,34.6,23.7,195.6,309.9,129.1,149.6,47.5,215.2,198.5,31.2,1347.2,12.3,253.9,636.1,444.9,1022.3382978723404,-37.77989132131388,Deficient,705.5,-221.10000000000002,874.4,836.04,19.526041156716857
Lakshadweep,1958,0.2,1.6,0.0,8.0,116.0,269.4,84.5,238.2,54.0,133.4,51.1,36.2,992.6,1.8,124.0,646.1,220.7,1022.3382978723404,-36.80174152287518,Deficient,636.1,-69.39999999999998,756.0666666666667,839.4,18.793135576737686
Lakshadweep,1959,15.0,0.0,8.0,51.6,320.5,337.7,205.8,151.2,183.2,183.8,97.8,29.0,1583.6,15.0,380.1,877.9,310.6,1022.3382978723404,-14.12822919506597,Normal,646.1,10.0,662.5666666666667,781.08,21.253743628531367
Lakshadweep,1960,29.6,40.0,3.3,85.4,497.1,176.8,257.3,168.4,221.3,169.7,235.9,17.0,1901.8,69.6,585.8,823.8,422.6,1022.3382978723404,-19.420019604619373,Normal,877.9,231.79999999999995,720.0333333333333,758.44,17.804390264710843
Lakshadweep,1961,60.3,47.4,0.0,31.3,421.1,593.2,297.3,228.2,215.8,148.1,98.8,93.8,2235.3,107.7,452.4,1334.5,340.7,1022.3382978723404,30.534090601645364,Excess,823.8,-54.10000000000002,782.6,737.88,14.66207897996377
Lakshadweep,1962,11.1,0.0,0.0,81.5,331.2,149.3,204.5,286.7,201.8,210.9,33.5,76.1,1586.6,11.1,412.7,842.3,320.5,1022.3382978723404,-17.610442477507767,Normal,1334.5,510.70000000000005,1012.0666666666666,863.68,32.88121429198311
Lakshadweep,1963,126.7,112.9,6.5,72.6,204.6,233.0,367.0,249.9,121.8,113.5,211.5,82.1,1902.1,239.6,283.7,971.7,407.1,1022.3382978723404,-4.953184085710898,Normal,842.3,-492.20000000000005,1000.1999999999999,904.9199999999998,28.32293532684852
Lakshadweep,1964,2.5,3.5,5.2,40.4,64.2,376.1,407.0,174.6,342.5,120.9,90.8,24.0,1651.7,6.0,109.8,1300.2,235.7,1022.3382978723404,27.17903679300061,Excess,971.7,129.4000000000001,1049.5,970.04,21.80921120836913
Lakshadweep,1965,0.2,7.3,8.3,35.0,162.5,200.6,164.2,267.7,92.4,69.2,77.9,320.6,1405.9,7.5,205.8,724.9,467.7,1022.3382978723404,-29.09392111117818,Deficient,1300.2,328.5,1038.0666666666668,1054.5,23.415727163809684
Lakshadweep,1966,21.3,0.2,6.2,4.4,34.9,376.7,421.9,158.9,225.4,266.1,158.0,67.5,1741.5,21.5,45.5,1182.9,491.6,1022.3382978723404,15.705339657314584,Normal,724.9,-575.3000000000001,998.9333333333335,1034.7199999999998,26.349281751826332
Lakshadweep,1967,7.8,2.7,0.0,0.0,148.3,301.2,380.1,196.9,100.4,92.3,24.5,33.1,1287.3,10.5,148.3,978.6,149.9,1022.3382978723404,-4.278260724788193,Normal,1182.9,458.0000000000001,1069.3333333333335,1004.4,23.604043843463128
Lakshadweep,1968,8.7,1.8,30.6,45.4,16.6,393.8,439.8,84.1,202.8,46.5,31.4,42.9,1344.4,10.5,92.6,1120.5,120.8,1022.3382978723404,9.60168491505705,Normal,978.6,-204.30000000000007,962.1333333333336,1031.66,21.42921554391844
Lakshadweep,1969,30.0,4.1,0.0,63.3,237.9,125.6,149.0,225.3,95.9,162.3,157.5,165.2,1416.1,34.1,301.2,595.8,485.0,1022.3382978723404,-41.72183500902188,Deficient,1120.5,141.89999999999998,1094.0000000000002,1061.42,20.821408585422336
Lakshadweep,1970,18.7,6.3,13.8,32.3,164.9,322.1,484.4,284.6,228.9,126.9,81.2,18.9,1783.0,25.0,211.0,1320.0,227.0,1022.3382978723404,29.11577339390924,Excess,595.8,-524.7,898.3000000000002,920.54,27.477577743917927
Lakshadweep,1971,3.8,12.3,5.4,25.0,271.6,333.9,308.1,349.6,281.8,113.8,63.0,133.1,1901.4,16.1,302.0,1273.4,309.9,1022.3382978723404,24.55759533318488,Excess,1320.0,724.2,1012.1,1039.56,26.62275423273827
Lakshadweep,1972,0.0,1.1,0.0,11.4,81.3,349.2,197.3,172.5,152.0,219.2,94.2,9.4,1287.6,1.1,92.7,871.0,322.8,1022.3382978723404,-14.803152555988676,Normal,1273.4,-46.59999999999991,1063.0666666666668,1057.66,27.519903970856692
Lakshadweep,1973,0.3,5.8,0.0,40.7,96.3,260.5,299.9,437.9,57.3,150.9,108.1,99.7,1557.4,6.1,137.0,1055.6,358.7,1022.3382978723404,3.253492723189835,Normal,871.0,-402.4000000000001,1154.8000000000002,1036.1399999999999,29.16021733017538
Lakshadweep,1974,0.0,16.8,0.8,35.4,171.9,277.6,491.6,165.7,258.3,65.9,20.1,7.2,1511.3,16.8,208.1,1193.2,93.2,1022.3382978723404,16.71283394970645,Normal,1055.6,184.5999999999999,1066.6666666666667,1023.1600000000001,29.22203176756523
Lakshadweep,1975,8.6,0.7,18.4,92.9,282.2,250.0,278.0,348.4,299.5,111.6,155.2,45.0,1890.5,9.3,393.5,1175.9,311.8,1022.3382978723404,15.020634798407489,Normal,1193.2,137.60000000000014,1039.9333333333334,1142.6399999999999,15.926782770960878
Lakshadweep,1976,10.3,0.0,1.1,72.9,85.3,260.7,329.2,344.1,36.6,189.2,161.6,11.1,1502.1,10.3,159.3,970.6,361.9,1022.3382978723404,-5.060780563539158,Normal,1175.9,-17.299999999999955,1141.5666666666668,1113.8200000000002,14.050959987921813
Lakshadweep,1977,1.4,38.2,16.5,27.6,256.8,460.7,337.4,125.3,90.7,248.4,243.8,1.4,1848.2,39.6,300.9,1014.1,493.6,1022.3382978723404,-0.8058289403307852,Normal,970.6,-205.30000000000007,1113.2333333333336,1053.26,12.972939880667589
Lakshadweep,1978,0.2,6.5,0.6,44.1,309.5,568.3,224.7,303.5,105.1,92.1,294.2,18.6,1967.4,6.7,354.2,1201.6,404.9,1022.3382978723404,17.53447978039495,Normal,1014.1,43.5,1053.5333333333335,1081.88,9.115178947931772
Lakshadweep,1979,14.9,1.3,10.0,15.4,23.1,367.1,451.3,127.3,221.1,173.6,378.1,42.2,1825.4,16.2,48.5,1166.8,593.9,1022.3382978723404,14.130518481828256,Normal,1201.6,187.4999999999999,1062.1000000000001,1111.08,9.88788879198481
Lakshadweep,1980,7.5,10.5,13.1,19.7,123.5,233.6,185.0,217.6,67.0,122.1,98.5,113.6,1211.7,18.0,156.3,703.2,334.2,1022.3382978723404,-31.216506173790165,Deficient,1166.8,-34.799999999999955,1127.5000000000002,1105.8,9.538415890064122
Lakshadweep,1981,1.8,20.4,0.6,22.3,208.6,421.5,168.9,213.3,281.4,167.4,76.6,34.6,1617.4,22.2,231.5,1085.1,278.6,1022.3382978723404,6.139034628584019,Normal,703.2,-463.5999999999999,1023.8666666666668,1011.26,19.59003657222317
Lakshadweep,1982,1.6,0.4,0.6,0.4,106.8,321.6,254.5,326.1,121.3,70.7,178.6,9.4,1392.0,2.0,107.8,1023.5,258.7,1022.3382978723404,0.1136318702015965,Normal,1085.1,381.89999999999986,985.0333333333334,1034.16,19.227925265733646
Lakshadweep,1983,1.4,0.0,0.0,0.2,113.5,215.0,277.0,375.0,219.8,77.6,71.2,52.5,1403.2,1.4,113.7,1086.8,201.3,1022.3382978723404,6.305320094318604,Normal,1023.5,-61.59999999999991,937.2666666666668,1036.04,19.17443182515108
Lakshadweep,1984,71.1,114.9,96.7,65.1,46.7,318.9,271.5,124.9,83.1,218.3,155.4,25.0,1591.6,186.0,208.5,798.4,398.7,1022.3382978723404,-21.904520092653687,Deficient,1086.8,63.299999999999955,1065.1333333333334,1013.0799999999999,17.821366061645158
Lakshadweep,1985,6.4,0.0,27.4,11.1,182.9,326.1,152.1,203.0,206.4,42.0,62.3,83.7,1303.4,6.4,221.4,887.6,188.0,1022.3382978723404,-13.179423890580422,Normal,798.4,-288.4,969.5666666666667,939.4,18.870622359423912
Lakshadweep,1986,12.4,3.0,25.3,6.5,102.1,399.2,193.3,218.3,179.9,128.6,147.8,49.5,1465.9,15.4,133.9,990.7,325.9,1022.3382978723404,-3.094699468677356,Normal,887.6,89.20000000000005,924.2666666666668,976.28,13.13653805883055
Lakshadweep,1987,1.9,1.5,0.0,16.5,72.9,389.3,29.4,284.7,183.4,133.0,47.7,128.3,1288.6,3.4,89.4,886.8,309.0,1022.3382978723404,-13.257675874455524,Normal,990.7,103.10000000000002,892.2333333333336,957.4,11.952002413568051
Lakshadweep,1988,0.8,7.0,0.9,54.0,142.8,352.5,293.6,240.9,240.9,28.9,82.7,5.8,1450.8,7.8,197.7,1127.9,117.4,1022.3382978723404,10.3255157659017,Normal,886.8,-103.90000000000009,921.7000000000002,930.0599999999998,11.930992731756913
Lakshadweep,1989,20.6,0.0,4.4,93.0,106.7,473.5,387.5,167.3,216.3,172.4,69.2,3.5,1714.4,20.6,204.1,1244.6,245.1,1022.3382978723404,21.740523913681383,Excess,1127.9,241.10000000000014,1001.8000000000002,938.28,13.427206032778969
Lakshadweep,1990,38.9,0.3,21.4,0.0,191.1,181.6,334.0,123.5,98.9,160.4,155.4,5.0,1310.5,39.2,212.5,738.0,320.8,1022.3382978723404,-27.812544875223477,Deficient,1244.6,116.69999999999982,1086.4333333333334,1027.52,15.228227882942072
Lakshadweep,1991,12.3,0.0,18.7,12.3,68.0,604.3,241.1,253.8,45.7,222.7,75.5,28.6,1583.0,12.3,99.0,1144.9,326.8,1022.3382978723404,11.9883704232475,Normal,738.0,-506.5999999999999,1036.8333333333333,997.6,19.903718915261177
Lakshadweep,1992,4.0,0.1,0.0,3.3,128.1,346.6,363.0,373.3,95.1,120.4,69.3,31.7,1534.9,4.1,131.4,1178.0,221.4,1022.3382978723404,15.22604625607961,Normal,1144.9,406.9000000000001,1042.5000000000002,1028.44,20.3146920917353
Lakshadweep,1993,1.2,0.5,0.2,0.2,56.5,276.1,346.7,154.4,161.0,131.6,280.5,40.8,1449.7,1.7,56.9,938.2,452.9,1022.3382978723404,-8.229985910480565,Normal,1178.0,33.09999999999991,1020.3000000000002,1086.6799999999998,18.40148797143152
Lakshadweep,1994,12.4,66.6,34.8,88.8,78.9,361.1,240.2,219.7,76.2,213.5,153.7,1.2,1547.1,79.0,202.5,897.2,368.4,1022.3382978723404,-12.24040008407926,Normal,938.2,-239.79999999999995,1087.0333333333335,1048.74,19.835528244130238
Lakshadweep,1995,131.3,18.5,0.3,315.4,179.6,286.0,486.7,384.8,71.8,81.0,72.2,3.3,2030.9,149.8,495.3,1229.3,156.5,1022.3382978723404,20.24395472207017,Excess,897.2,-41.0,1004.4666666666668,979.26,18.659962500997935
Lakshadweep,1996,44.7,1.1,1.6,17.4,50.0,427.1,335.3,197.3,230.4,109.0,60.5,131.6,1606.0,45.8,69.0,1190.1,301.1,1022.3382978723404,16.409607512190437,Normal,1229.3,332.0999999999999,1021.566666666667,1077.52,13.889794771647828
Lakshadweep,1997,2.2,0.1,4.9,33.8,62.3,307.0,459.6,216.8,144.0,213.5,200.8,119.7,1764.7,2.3,101.0,1127.4,534.0,1022.3382978723404,10.276608275979765,Normal,1190.1,-39.200000000000045,1105.5333333333335,1086.56,14.355792933434047
Lakshadweep,1998,52.0,0.0,1.8,40.3,68.2,382.0,388.8,196.7,274.7,184.8,144.1,253.5,1986.9,52.0,110.3,1242.2,582.4,1022.3382978723404,21.50576796205611,Excess,1127.4,-62.69999999999982,1182.2666666666667,1076.44,13.944029448023521
Lakshadweep,1999,47.8,2.5,18.3,20.6,416.7,279.6,459.4,133.8,73.4,305.0,51.2,49.0,1857.3,50.3,455.6,946.2,405.2,1022.3382978723404,-7.447466071729599,Normal,1242.2,114.79999999999995,1186.5666666666668,1137.24,12.435633039643035
Lakshadweep,2000,83.3,18.9,3.4,47.9,204.6,225.4,95.5,319.9,164.5,141.4,56.3,11.0,1372.1,102.2,255.9,805.3,208.7,1022.3382978723404,-21.229596731730982,Deficient,946.2,-296.0,1105.2666666666667,1147.04,10.533996022239386
Lakshadweep,2001,4.4,20.4,0.0,104.6,187.3,283.9,198.9,144.3,213.5,105.2,101.5,16.6,1380.6,24.8,291.9,840.6,223.3,1022.3382978723404,-17.77672794324234,Normal,805.3,-140.9000000000001,997.9000000000002,1062.24,17.1314740051346
Lakshadweep,2002,10.8,16.8,7.2,23.4,189.8,261.8,81.3,143.9,50.0,178.2,52.9,17.4,1033.5,27.6,220.4,537.0,248.5,1022.3382978723404,-47.473355823841466,Deficient,840.6,35.30000000000007,864.0333333333334,992.3400000000001,18.907098492967954
Lakshadweep,2003,11.8,18.2,28.5,18.1,109.6,364.5,400.6,92.1,84.3,191.6,206.1,7.5,1532.9,30.0,156.2,941.5,405.2,1022.3382978723404,-7.907196476995796,Normal,537.0,-303.6,727.6333333333336,874.26,29.172457814144657
Lakshadweep,2004,7.2,1.5,1.9,7.7,330.2,251.2,280.8,169.5,200.0,193.4,107.6,2.2,1553.2,8.7,339.8,901.5,303.2,1022.3382978723404,-11.819795670750622,Normal,941.5,404.5,773.0333333333334,814.12,20.484357831758118
Lakshadweep,2005,17.6,11.1,0.0,37.0,92.8,248.5,378.9,102.4,278.0,164.2,218.3,26.6,1575.4,28.7,129.8,1007.8,409.1,1022.3382978723404,-1.4220633133471767,Normal,901.5,-40.0,793.3333333333335,805.18,19.738522543187383
Lakshadweep,2006,20.1,0.0,33.0,0.3,327.9,286.9,172.3,150.7,318.5,119.1,158.9,10.9,1598.6,20.1,361.2,928.4,288.9,1022.3382978723404,-9.188572712950505,Normal,1007.8,106.29999999999995,950.2666666666669,845.68,21.634009831398572
Lakshadweep,2007,2.5,4.2,0.2,22.2,166.2,573.4,427.4,294.7,457.5,256.1,47.6,109.6,2361.6,6.7,188.6,1753.0,413.3,1022.3382978723404,71.46965966630523,Large Excess,928.4,-79.39999999999998,945.9000000000002,863.24,21.607401542372028
Lakshadweep,2008,5.5,19.8,120.7,15.8,180.4,254.6,363.9,206.6,108.9,252.9,67.6,130.1,1726.8,25.3,316.9,934.0,450.6,1022.3382978723404,-8.640808825824825,Normal,1753.0,824.6,1229.7333333333336,1106.44,32.85760620690483
Lakshadweep,2009,4.7,1.5,0.1,18.1,162.1,401.2,266.4,185.0,145.1,87.4,166.2,132.3,1570.1,6.2,180.3,997.7,385.9,1022.3382978723404,-2.4099946097702616,Normal,934.0,-819.0,1205.1333333333334,1104.94,32.98050716192033
Lakshadweep,2010,18.8,0.0,1.2,35.6,79.0,318.9,336.7,335.1,161.5,155.4,201.5,81.5,1725.2,18.8,115.8,1152.2,438.4,1022.3382978723404,12.702419776107751,Normal,997.7,63.700000000000045,1228.2333333333336,1124.1799999999998,31.43272551923337
Lakshadweep,2011,5.1,2.8,3.1,85.9,107.2,153.6,350.2,254.0,255.2,117.4,184.3,14.9,1533.7,7.9,196.2,1013.0,316.6,1022.3382978723404,-0.9134254181590452,Normal,1152.2,154.5,1027.966666666667,1153.06,30.121593954309862
Lakshadweep,2012,19.2,0.1,1.6,76.8,21.2,327.0,231.5,381.2,179.8,145.9,12.4,8.8,1405.5,19.3,99.6,1119.5,167.1,1022.3382978723404,9.503869935213178,Normal,1013.0,-139.20000000000005,1054.3000000000002,1169.98,28.67561239966369
Lakshadweep,2013,26.2,34.4,37.5,5.3,88.3,426.2,296.4,154.4,180.0,72.8,78.1,26.7,1426.3,60.6,131.1,1057.0,177.6,1022.3382978723404,3.390433694971263,Normal,1119.5,106.5,1094.9000000000003,1043.2800000000002,8.654495936421778
Lakshadweep,2014,53.2,16.1,4.4,14.9,57.4,244.1,116.1,466.1,132.2,169.2,59.0,62.3,1395.0,69.3,76.7,958.5,290.5,1022.3382978723404,-6.2443418196499945,Normal,1057.0,-62.5,1063.1666666666667,1067.88,6.252045106546151
Lakshadweep,2015,2.2,0.5,3.7,87.1,133.1,296.6,257.5,146.4,160.4,165.4,231.0,159.0,1642.9,2.7,223.9,860.9,555.4,1022.3382978723404,-15.791083852411772,Normal,958.5,-98.5,1045.0000000000002,1060.0400000000002,7.392200004388171
Lakshadweep,2016,59.6,12.1,3.2,2.6,77.4,321.1,262.6,86.2,75.6,58.6,32.0,74.7,1065.7,71.7,83.2,745.4,165.4,1022.3382978723404,-27.08871402437883,Deficient,860.9,-97.60000000000002,958.8000000000002,1001.78,9.825460948612761
Lakshadweep,2017,21.3,0.9,100.2,1.8,145.7,521.9,164.2,206.2,216.0,137.1,63.5,160.1,1738.9,22.2,247.8,1108.3,360.7,1022.3382978723404,8.408342160961823,Normal,745.4,-115.5,854.9333333333334,948.2599999999999,15.821638961012226
Madhya Maharashtra,1901,18.8,0.6,7.7,36.6,30.4,107.7,215.9,194.1,83.7,68.7,4.4,0.5,769.0,19.4,74.7,601.4,73.5,770.1595744680851,-21.912286760135373,Deficient,,,,,
Madhya Maharashtra,1902,7.8,0.0,0.1,5.0,9.8,102.6,210.9,114.5,169.5,60.4,40.5,62.9,784.0,7.8,14.9,597.5,163.8,770.1595744680851,-22.418675322881416,Deficient,601.4,,,,
Madhya Maharashtra,1903,7.6,0.0,0.0,3.2,77.2,86.3,281.8,155.5,142.3,74.2,7.6,2.2,837.9,7.6,80.4,665.9,84.1,770.1595744680851,-13.537398991643071,Normal,597.5,-3.8999999999999773,,,
Madhya Maharashtra,1904,0.4,4.7,1.7,3.0,18.7,114.6,126.5,59.5,183.0,91.1,0.0,0.4,603.5,5.1,23.4,483.6,91.4,770.1595744680851,-37.2078182194903,Deficient,665.9,68.39999999999998,621.6,,
Madhya Maharashtra,1905,0.0,1.2,0.0,2.3,23.6,65.0,252.8,79.0,52.6,52.9,8.3,0.0,537.8,1.2,25.9,449.5,61.2,770.1595744680851,-41.63547206298778,Deficient,483.6,-182.29999999999995,582.3333333333334,,
Madhya Maharashtra,1906,10.5,0.8,0.0,0.1,9.3,184.8,199.3,205.0,88.8,19.1,15.5,11.1,744.3,11.3,9.4,677.8,45.8,770.1595744680851,-11.99226465916155,Normal,449.5,-34.10000000000002,533.0,559.58,16.078861059196132
Madhya Maharashtra,1907,0.5,3.7,1.5,54.5,0.6,118.0,262.3,267.8,94.1,7.6,3.6,0.9,815.1,4.2,56.6,742.3,12.1,770.1595744680851,-3.6173768906692514,Normal,677.8,228.29999999999995,536.9666666666667,574.8599999999999,18.128333443522685
Madhya Maharashtra,1908,0.3,0.0,4.7,6.3,5.8,85.1,263.0,169.9,166.6,16.3,4.0,0.0,722.0,0.3,16.8,684.6,20.3,770.1595744680851,-11.109330754886384,Normal,742.3,64.5,623.1999999999999,603.8199999999999,21.397205720862285
Madhya Maharashtra,1909,1.2,0.1,0.7,1.4,38.5,179.6,247.0,101.6,146.2,31.1,3.1,4.7,755.2,1.3,40.6,674.4,38.9,770.1595744680851,-12.433731611299129,Normal,684.6,-57.69999999999993,701.5666666666666,607.56,21.675804727554592
Madhya Maharashtra,1910,0.0,0.0,1.0,0.0,13.1,204.6,172.0,228.6,195.7,70.0,30.2,0.0,915.2,0.0,14.0,800.9,100.3,770.1595744680851,3.991435872643135,Normal,674.4,-10.200000000000045,700.4333333333333,645.72,17.519929855503396
Madhya Maharashtra,1911,2.0,0.1,2.2,0.2,12.0,136.9,137.7,153.2,29.9,23.6,42.9,3.8,544.3,2.1,14.3,457.6,70.3,770.1595744680851,-40.5837419711306,Deficient,800.9,126.5,719.9666666666667,716.0,7.673770805287665
Madhya Maharashtra,1912,0.0,0.4,0.0,9.0,20.9,88.3,307.6,150.0,34.7,86.0,67.7,0.3,764.9,0.5,29.9,580.5,153.9,770.1595744680851,-24.62601008356931,Deficient,457.6,-343.29999999999995,644.3000000000001,671.96,19.359145492349334
Madhya Maharashtra,1913,0.0,0.2,0.0,8.4,34.0,259.9,210.8,86.6,82.8,43.7,0.6,5.5,732.5,0.2,42.4,640.1,49.8,770.1595744680851,-16.887354099039985,Normal,580.5,122.89999999999998,613.0,639.6,20.063521475318748
Madhya Maharashtra,1914,0.0,0.4,0.3,3.7,15.2,188.3,348.8,204.3,211.6,22.1,36.6,7.6,1039.0,0.4,19.2,953.0,66.3,770.1595744680851,23.74058981973893,Excess,640.1,59.60000000000002,559.4,630.7,19.969265757347525
Madhya Maharashtra,1915,8.6,6.6,13.9,21.9,12.1,195.2,225.4,80.0,228.5,76.8,20.9,18.0,908.1,15.3,48.0,729.1,115.7,770.1595744680851,-5.331307410732783,Normal,953.0,312.9,724.5333333333333,686.42,28.20147574217374
Madhya Maharashtra,1916,0.0,0.2,0.4,4.9,55.2,144.8,257.6,185.9,217.5,136.8,69.1,0.1,1072.4,0.2,60.5,805.9,206.0,770.1595744680851,4.640651978727809,Normal,729.1,-223.89999999999998,774.0666666666666,672.06,27.595446061925657
Madhya Maharashtra,1917,0.1,20.0,4.8,7.7,15.6,174.3,120.6,187.0,205.2,169.5,33.4,0.0,938.2,20.1,28.1,687.1,203.0,770.1595744680851,-10.784722701844048,Normal,805.9,76.79999999999995,829.3333333333334,741.72,19.680755646828395
Madhya Maharashtra,1918,5.1,0.6,2.6,1.0,90.5,51.7,68.4,112.4,55.1,13.3,30.0,7.5,438.0,5.6,94.0,287.6,50.8,770.1595744680851,-62.657089578009526,Large Deficient,687.1,-118.79999999999995,740.6999999999999,763.04,16.04481797324202
Madhya Maharashtra,1919,3.0,0.5,1.2,2.7,38.2,173.5,198.9,153.8,231.7,45.1,28.4,1.9,879.1,3.5,42.2,757.9,75.5,770.1595744680851,-1.5918226396850648,Normal,287.6,-399.5,593.5333333333334,692.54,35.81140909136059
Madhya Maharashtra,1920,41.5,0.2,0.1,9.7,8.0,120.7,185.9,94.1,113.8,26.0,0.3,0.0,600.3,41.7,17.8,514.5,26.3,770.1595744680851,-33.195662683887015,Deficient,757.9,470.29999999999995,577.5333333333333,653.52,31.99239338953924
Madhya Maharashtra,1921,1.6,0.0,0.3,9.0,1.1,105.8,291.6,125.0,128.7,47.5,23.7,0.0,734.3,1.6,10.4,651.1,71.2,770.1595744680851,-15.459078665653704,Normal,514.5,-243.39999999999998,520.0,610.6,34.66968223335067
Madhya Maharashtra,1922,18.3,2.6,0.0,16.7,27.4,161.7,218.2,79.4,97.1,41.2,141.1,1.4,805.2,20.9,44.1,556.5,183.7,770.1595744680851,-27.74224739277574,Deficient,651.1,136.60000000000002,641.1666666666666,579.64,32.039847505687
Madhya Maharashtra,1923,1.9,1.7,32.7,8.7,10.5,30.7,290.0,126.5,169.5,6.4,0.0,2.3,680.9,3.5,51.9,616.7,8.7,770.1595744680851,-19.925685475516257,Normal,556.5,-94.60000000000002,574.0333333333333,553.5200000000001,31.74949656029546
Madhya Maharashtra,1924,2.1,0.0,2.8,19.7,4.6,80.3,173.8,220.6,185.8,49.7,3.6,5.3,748.2,2.1,27.1,660.4,58.6,770.1595744680851,-14.251536708336216,Normal,616.7,60.200000000000045,608.1,619.3399999999999,15.13677613496116
Madhya Maharashtra,1925,0.0,0.0,3.1,1.5,38.9,177.7,152.0,115.2,94.7,33.9,40.7,4.0,661.8,0.0,43.5,539.6,78.6,770.1595744680851,-29.936597831341945,Deficient,660.4,43.69999999999993,611.1999999999999,599.84,10.457928399507777
Madhya Maharashtra,1926,34.3,0.6,0.1,0.2,11.2,85.9,230.6,258.0,147.7,8.1,8.3,2.2,787.1,34.9,11.5,722.2,18.6,770.1595744680851,-6.227225637129631,Normal,539.6,-120.79999999999995,605.5666666666667,604.86,9.040472180156481
Madhya Maharashtra,1927,0.0,1.0,0.9,4.6,9.3,184.9,318.7,85.4,183.6,51.3,83.3,2.0,925.2,1.0,14.9,772.7,136.6,770.1595744680851,0.3298570343255802,Normal,722.2,182.60000000000002,640.7333333333333,619.0799999999999,12.136287419614572
Madhya Maharashtra,1928,0.1,10.3,3.7,8.0,0.3,143.3,217.7,159.6,209.0,62.5,3.1,14.1,831.7,10.3,12.0,729.7,79.6,770.1595744680851,-5.253401478002619,Normal,772.7,50.5,678.1666666666667,662.3199999999999,13.69604867602867
Madhya Maharashtra,1929,1.0,6.4,2.0,37.1,6.4,155.9,168.2,73.7,151.6,82.5,3.4,2.2,690.4,7.4,45.5,549.4,88.1,770.1595744680851,-28.664134263415985,Deficient,729.7,-43.0,741.5333333333334,684.9200000000001,13.225015491764234
Madhya Maharashtra,1930,0.0,0.0,0.7,3.2,29.8,178.1,233.7,106.5,247.0,87.4,37.7,5.0,929.1,0.0,33.6,765.3,130.1,770.1595744680851,-0.6309828026797496,Normal,549.4,-180.30000000000007,683.9333333333334,662.72,16.550137232861818
Madhya Maharashtra,1931,0.0,0.0,0.6,14.0,2.9,109.7,316.3,233.5,178.9,180.9,70.2,25.3,1132.4,0.0,17.5,838.5,276.3,770.1595744680851,8.873540990399889,Normal,765.3,215.89999999999998,681.4666666666667,707.86,12.888939260063268
Madhya Maharashtra,1932,0.0,0.5,8.6,22.3,27.3,67.3,351.7,221.3,162.8,148.4,30.8,4.0,1045.1,0.5,58.3,803.1,183.2,770.1595744680851,4.277090959320398,Normal,838.5,73.20000000000005,717.7333333333332,731.1200000000001,14.897305441627456
Madhya Maharashtra,1933,1.4,0.5,3.4,8.5,76.5,182.3,194.7,259.4,286.1,93.3,24.0,22.3,1152.4,1.9,88.4,922.5,139.6,770.1595744680851,19.780371572622418,Excess,803.1,-35.39999999999998,802.2999999999998,737.2,15.274636194049176
Madhya Maharashtra,1934,3.7,0.0,1.9,7.3,8.0,138.2,217.0,222.3,136.8,41.2,82.0,0.0,858.3,3.7,17.2,714.2,123.2,770.1595744680851,-7.26597140686511,Normal,922.5,119.39999999999998,854.7000000000002,775.76,17.950419476416
Madhya Maharashtra,1935,2.5,0.0,0.0,3.7,1.4,149.6,208.6,195.5,126.7,119.4,7.7,3.9,819.0,2.6,5.1,680.3,131.0,770.1595744680851,-11.667656606119213,Normal,714.2,-208.29999999999995,813.2666666666668,808.72,9.71351674249937
Madhya Maharashtra,1936,1.3,6.2,4.3,3.8,21.1,169.2,113.9,106.3,161.5,17.2,130.4,0.3,735.6,7.5,29.2,550.9,147.9,770.1595744680851,-28.469369431590582,Deficient,680.3,-33.90000000000009,772.3333333333334,791.72,12.285785215209314
Madhya Maharashtra,1937,0.0,2.0,2.0,47.7,4.7,146.7,319.4,63.6,219.9,96.1,1.3,11.0,914.4,2.0,54.4,749.5,108.4,770.1595744680851,-2.6825056979073145,Normal,550.9,-129.39999999999998,648.4666666666667,734.2,18.910626051146586
Madhya Maharashtra,1938,0.6,1.0,23.5,12.2,50.4,239.9,286.6,169.4,191.5,141.3,7.6,2.3,1126.3,1.6,86.1,887.4,151.2,770.1595744680851,15.222874507908005,Normal,749.5,198.60000000000002,660.2333333333332,723.48,18.546907427877628
Madhya Maharashtra,1939,0.2,0.2,4.1,6.3,1.1,127.6,303.9,219.9,88.5,41.8,27.3,0.8,821.9,0.5,11.5,740.0,70.0,770.1595744680851,-3.916016299468196,Normal,887.4,137.89999999999998,729.2666666666668,716.46,16.956352724458892
Madhya Maharashtra,1940,1.3,1.8,0.5,16.5,15.8,191.3,215.9,188.7,132.0,95.2,30.1,4.2,893.2,3.1,32.8,727.9,129.4,770.1595744680851,-5.487119276193111,Normal,740.0,-147.39999999999998,792.2999999999998,721.6200000000001,16.894301898575463
Madhya Maharashtra,1941,28.2,8.0,1.8,5.4,4.2,96.1,338.6,103.7,143.3,44.5,0.1,0.4,774.3,36.2,11.4,681.7,45.0,770.1595744680851,-11.485876096415492,Normal,727.9,-12.100000000000023,785.0999999999999,731.14,16.374174550949157
Madhya Maharashtra,1942,0.2,2.5,0.2,6.7,10.0,213.3,364.7,191.6,93.8,20.0,1.3,36.9,941.3,2.8,17.0,863.4,58.2,770.1595744680851,12.106637198701565,Normal,681.7,-46.19999999999993,716.5333333333333,757.3,10.199775005083039
Madhya Maharashtra,1943,4.1,0.0,1.5,3.5,63.4,150.5,316.4,80.9,166.2,196.0,10.6,0.0,993.2,4.1,68.4,713.9,206.7,770.1595744680851,-7.304924373230199,Normal,863.4,181.69999999999993,757.6666666666666,780.0799999999999,11.549305624768575
Madhya Maharashtra,1944,0.8,0.7,10.3,0.1,21.4,132.2,421.7,227.8,142.1,115.3,13.6,0.0,1086.0,1.6,31.8,923.7,128.9,770.1595744680851,19.936183438082747,Excess,713.9,-149.5,753.0,745.38,9.321291154160576
Madhya Maharashtra,1945,4.2,0.0,0.0,9.8,5.2,125.6,263.7,209.0,132.4,37.1,6.3,0.0,793.4,4.2,15.0,730.7,43.4,770.1595744680851,-5.123558256785684,Normal,923.7,209.80000000000007,833.6666666666666,782.12,13.459904876894846
Madhya Maharashtra,1946,0.0,2.9,0.0,22.0,34.3,138.4,288.5,255.9,170.3,23.1,152.8,15.4,1103.6,2.9,56.3,853.1,191.3,770.1595744680851,10.76925202016714,Normal,730.7,-193.0,789.4333333333334,782.6800000000001,13.405086447635185
Madhya Maharashtra,1947,18.7,1.4,4.4,31.0,19.6,63.0,230.6,272.8,216.2,23.0,10.3,14.6,905.7,20.0,55.0,782.7,48.0,770.1595744680851,1.628289246494929,Normal,853.1,122.39999999999998,835.8333333333334,816.96,11.104225013767678
Madhya Maharashtra,1948,16.9,0.7,4.3,7.6,8.9,191.0,239.6,181.4,162.0,66.6,137.1,0.1,1016.3,17.6,20.7,774.1,203.8,770.1595744680851,0.5116375440292862,Normal,782.7,-70.39999999999998,788.8333333333334,800.82,10.927714715091872
Madhya Maharashtra,1949,0.0,0.0,2.0,4.8,58.4,102.0,201.3,174.0,323.1,82.2,5.7,0.0,953.7,0.0,65.3,800.4,87.9,770.1595744680851,3.9265142620346674,Normal,774.1,-8.600000000000023,803.3000000000001,812.86,9.3422123347979
Madhya Maharashtra,1950,0.0,0.2,1.5,5.9,23.2,59.5,400.2,102.9,248.8,87.3,2.2,0.8,932.6,0.2,30.6,811.4,90.3,770.1595744680851,5.35478969542095,Normal,800.4,26.299999999999955,785.7333333333332,788.2,5.636915748528583
Madhya Maharashtra,1951,0.1,0.0,0.5,9.3,29.5,150.1,250.2,136.3,71.7,128.9,20.1,0.0,797.0,0.1,39.4,608.3,149.1,770.1595744680851,-21.016368533738525,Deficient,811.4,11.0,795.3000000000001,804.34,3.8448824668201578
Madhya Maharashtra,1952,0.0,1.9,0.0,8.9,18.9,131.2,268.8,139.1,57.1,56.7,0.0,0.8,683.3,1.9,27.8,596.2,57.5,770.1595744680851,-22.587471510463423,Deficient,608.3,-203.10000000000002,740.0333333333333,755.38,11.055106764639124
Madhya Maharashtra,1953,1.2,0.0,0.1,24.5,2.0,186.3,216.5,220.2,126.8,116.1,0.0,0.0,893.6,1.2,26.5,749.8,116.1,770.1595744680851,-2.64355273154224,Normal,596.2,-12.099999999999909,671.9666666666667,718.08,14.857480819152357
Madhya Maharashtra,1954,2.0,0.4,16.0,6.0,15.8,158.5,305.3,171.7,263.0,30.1,0.0,16.2,985.1,2.4,37.8,898.5,46.4,770.1595744680851,16.66413426341598,Normal,749.8,153.5999999999999,651.4333333333333,713.22,14.584392752866416
Madhya Maharashtra,1955,3.2,0.0,6.8,12.2,25.8,140.9,149.6,254.3,218.9,159.0,10.4,0.0,981.0,3.2,44.7,763.7,169.4,770.1595744680851,-0.8387319566268335,Normal,898.5,148.70000000000005,748.1666666666666,732.8399999999999,17.802499577198684
Madhya Maharashtra,1956,1.5,0.2,1.1,11.3,91.2,111.0,360.5,252.0,165.8,148.0,90.1,1.1,1233.8,1.7,103.6,889.3,239.2,770.1595744680851,15.469576628220176,Normal,763.7,-134.79999999999995,804.0,723.3,17.269297214123323
Madhya Maharashtra,1957,0.1,0.0,4.8,20.9,36.9,177.8,196.4,202.2,98.7,85.1,26.8,0.1,849.8,0.1,62.6,675.1,112.0,770.1595744680851,-12.342841356447266,Normal,889.3,125.59999999999991,850.5,779.5,15.835522689729636
Madhya Maharashtra,1958,1.6,0.0,5.4,23.6,32.9,101.9,393.3,296.6,112.1,57.4,29.2,0.1,1054.1,1.6,61.9,903.9,86.7,770.1595744680851,17.365287657987427,Normal,675.1,-214.19999999999993,776.0333333333334,795.28,12.093971137399528
Madhya Maharashtra,1959,2.4,0.0,0.0,16.8,39.3,174.7,344.3,199.0,202.7,84.7,54.9,0.1,1118.9,2.4,56.1,920.7,139.7,770.1595744680851,19.54665377443194,Excess,903.9,228.79999999999995,822.7666666666665,826.1,12.401585734748446
Madhya Maharashtra,1960,3.6,0.0,3.0,5.1,61.3,146.4,235.0,138.0,229.0,44.9,18.8,0.8,885.9,3.6,69.5,748.4,64.4,770.1595744680851,-2.825333241245946,Normal,920.7,16.800000000000068,833.2333333333335,830.54,12.854518993773716
Madhya Maharashtra,1961,0.3,0.1,0.5,9.8,104.2,163.5,411.9,135.0,104.8,128.0,10.0,2.5,1070.5,0.4,114.5,815.2,140.4,770.1595744680851,5.848193936045313,Normal,748.4,-172.30000000000007,857.6666666666666,827.4799999999999,13.214174093457284
Madhya Maharashtra,1962,0.2,0.1,6.7,12.9,57.2,46.8,287.5,164.0,199.9,51.9,23.0,48.8,899.0,0.3,76.8,698.3,123.6,770.1595744680851,-9.330478624214386,Normal,815.2,66.80000000000007,828.1,812.6600000000001,12.766669562518423
Madhya Maharashtra,1963,0.8,4.3,14.0,12.0,23.3,138.6,252.3,268.7,72.7,93.5,19.1,0.6,899.9,5.1,49.3,732.3,113.2,770.1595744680851,-4.9158091028386,Normal,698.3,-116.90000000000009,753.9666666666667,817.3,11.784125238846165
Madhya Maharashtra,1964,0.0,0.0,4.1,6.2,7.0,139.8,238.9,242.3,223.1,60.0,23.3,0.9,945.7,0.0,17.3,844.0,84.3,770.1595744680851,9.587678707093032,Normal,732.3,34.0,748.6,782.98,11.232555258235134
Madhya Maharashtra,1965,5.8,0.2,0.3,10.2,12.3,82.9,380.7,200.3,54.8,10.0,4.6,28.5,790.7,6.1,22.9,718.7,43.0,770.1595744680851,-6.681676911388903,Normal,844.0,111.70000000000005,758.1999999999999,767.64,7.84864523023166
Madhya Maharashtra,1966,1.9,0.5,1.4,2.1,81.5,83.8,315.0,94.0,149.0,14.5,82.6,11.2,837.3,2.4,85.0,641.7,108.3,770.1595744680851,-16.679604945092887,Normal,718.7,-125.29999999999995,765.0,761.7,8.39827244808642
Madhya Maharashtra,1967,0.0,0.1,4.7,13.3,7.8,130.4,367.4,139.0,146.7,43.1,2.1,58.6,913.0,0.1,25.8,783.4,103.7,770.1595744680851,1.7191795013467743,Normal,641.7,-77.0,734.8000000000001,727.0,10.17457809797621
Madhya Maharashtra,1968,1.6,3.6,9.4,11.2,2.5,95.4,238.9,213.3,172.1,60.6,15.1,0.3,824.0,5.2,23.2,719.6,76.0,770.1595744680851,-6.564818012293665,Normal,783.4,141.69999999999993,714.6,744.02,10.146158650838204
Madhya Maharashtra,1969,0.2,0.0,1.4,5.8,4.0,140.1,307.1,248.3,234.0,20.1,22.3,0.9,984.1,0.2,11.3,929.5,43.2,770.1595744680851,20.68927412114096,Excess,719.6,-63.799999999999955,714.9,741.48,10.275767670529994
Madhya Maharashtra,1970,1.0,0.0,0.6,17.9,39.1,195.4,200.1,254.9,161.3,70.9,0.0,0.0,941.4,1.0,57.6,811.8,70.9,770.1595744680851,5.406726983907721,Normal,929.5,209.89999999999998,810.8333333333334,758.58,14.228651917436203
Madhya Maharashtra,1971,0.0,0.0,0.1,3.8,43.3,155.6,124.9,204.0,185.6,56.0,0.0,0.0,773.2,0.0,47.1,670.1,56.0,770.1595744680851,-12.99205746253194,Normal,811.8,-117.70000000000005,820.2999999999998,777.2,13.814322584397642
Madhya Maharashtra,1972,0.0,0.2,0.0,4.0,13.8,90.4,195.1,99.3,88.1,7.3,21.6,0.1,519.9,0.2,17.8,472.8,29.0,770.1595744680851,-38.61012500863319,Deficient,670.1,-141.69999999999993,803.8000000000001,782.88,12.622006672806451
Madhya Maharashtra,1973,0.0,3.0,1.8,3.2,10.1,124.7,312.0,243.9,172.8,104.8,3.9,0.4,980.6,3.0,15.1,853.4,109.1,770.1595744680851,10.808204986532216,Normal,472.8,-197.3,651.5666666666667,720.76,23.618084601421632
Madhya Maharashtra,1974,0.0,0.1,2.5,14.6,60.9,77.5,217.9,184.7,201.5,152.0,0.1,0.0,911.8,0.1,78.1,681.6,152.1,770.1595744680851,-11.49886041853719,Normal,853.4,380.59999999999997,665.4333333333333,747.52,24.10971776006311
Madhya Maharashtra,1975,0.4,1.1,0.1,1.0,15.4,165.6,228.0,223.2,242.8,158.3,4.8,0.0,1040.7,1.5,16.4,859.7,163.1,770.1595744680851,11.626217280198912,Normal,681.6,-171.79999999999995,669.2666666666665,697.9399999999999,21.355509508928815
Madhya Maharashtra,1976,0.1,0.0,6.0,3.4,3.3,283.6,315.6,240.8,87.7,14.3,68.9,2.2,1025.8,0.1,12.7,927.7,85.4,770.1595744680851,20.45555632295049,Excess,859.7,178.10000000000002,798.2333333333332,707.52,22.526280192784032
Madhya Maharashtra,1977,0.0,0.1,7.1,9.9,31.3,209.0,262.5,150.4,94.6,64.4,112.1,5.7,947.2,0.2,48.3,716.5,182.3,770.1595744680851,-6.967331998066166,Normal,927.7,68.0,823.0,759.04,24.240138194226525
Madhya Maharashtra,1978,0.7,10.8,4.6,22.2,33.1,174.2,179.6,211.8,124.1,57.0,63.5,2.1,883.6,11.4,59.9,689.7,122.6,770.1595744680851,-10.447130326680014,Normal,716.5,-211.20000000000005,834.6333333333333,807.78,12.896662761362911
Madhya Maharashtra,1979,3.5,1.8,5.3,1.0,7.1,129.7,194.5,299.0,249.9,46.0,88.4,0.5,1026.8,5.3,13.4,873.2,134.9,770.1595744680851,13.379100766627536,Normal,689.7,-26.799999999999955,777.9666666666667,775.0400000000001,14.41298409615863
Madhya Maharashtra,1980,0.0,0.0,1.5,16.1,8.6,279.2,197.4,286.6,89.2,14.7,29.8,16.4,939.5,0.0,26.1,852.5,60.9,770.1595744680851,10.691346087436978,Normal,873.2,183.5,759.8000000000001,813.36,12.817683583851391
Madhya Maharashtra,1981,10.5,0.0,3.7,6.8,7.7,135.9,248.9,188.6,253.7,56.8,11.0,6.2,929.8,10.5,18.2,827.1,74.0,770.1595744680851,7.393328268526835,Normal,852.5,-20.700000000000045,805.1333333333333,811.92,12.747663675551616
Madhya Maharashtra,1982,2.1,0.2,0.2,6.3,33.8,114.6,187.7,186.6,119.5,55.2,45.8,0.0,751.9,2.3,40.3,608.4,101.0,770.1595744680851,-21.003384211616822,Deficient,827.1,-25.399999999999977,850.9333333333334,791.8,10.500506356062477
Madhya Maharashtra,1983,0.1,1.4,0.0,0.0,2.8,125.3,218.1,259.4,263.0,43.2,2.5,2.8,918.8,1.5,2.9,865.8,48.5,770.1595744680851,12.418260929622203,Normal,608.4,-218.70000000000005,762.6666666666666,770.1800000000001,14.985021881532527
Madhya Maharashtra,1984,0.6,11.2,3.7,4.6,0.6,109.6,260.8,140.0,133.2,109.1,4.7,1.7,779.9,11.8,8.9,643.7,115.5,770.1595744680851,-16.419918502659016,Normal,865.8,257.4,767.1,805.4,13.846042989546683
Madhya Maharashtra,1985,2.6,0.2,2.3,9.1,12.3,118.7,189.5,145.1,63.5,107.3,5.4,0.0,656.1,2.8,23.8,516.8,112.7,770.1595744680851,-32.89702327508807,Deficient,643.7,-222.0999999999999,705.9666666666667,759.5,16.227387501945405
Madhya Maharashtra,1986,1.6,2.7,0.3,2.4,8.6,200.8,126.1,157.9,101.0,8.9,19.4,14.6,644.1,4.3,11.2,585.7,42.8,770.1595744680851,-23.95082533324124,Deficient,516.8,-126.90000000000009,675.4333333333333,692.36,21.4806572170401
Madhya Maharashtra,1987,1.7,3.9,2.5,4.0,36.6,130.3,166.7,226.9,63.5,98.8,38.0,34.6,807.6,5.6,43.1,587.5,171.4,770.1595744680851,-23.717107535050765,Deficient,585.7,68.90000000000009,582.0666666666667,644.0799999999999,20.54506703487794
Madhya Maharashtra,1988,0.0,0.1,0.1,18.8,7.6,111.0,314.1,165.7,324.8,27.5,1.9,4.9,976.6,0.1,26.5,915.6,34.3,770.1595744680851,18.88445334622557,Normal,587.5,1.7999999999999545,563.3333333333334,639.9,20.949263322160522
Madhya Maharashtra,1989,0.0,0.0,16.3,3.3,11.8,153.5,271.9,152.1,181.6,22.9,1.4,1.7,816.6,0.0,31.4,759.1,26.0,770.1595744680851,-1.436010774224737,Normal,915.6,328.1,696.2666666666668,649.86,23.884269400894784
Madhya Maharashtra,1990,2.6,0.2,0.0,0.2,78.2,150.5,227.3,294.6,94.9,154.9,17.2,1.9,1022.5,2.8,78.4,767.3,174.1,770.1595744680851,-0.3712963602458798,Normal,759.1,-156.5,754.0666666666666,672.94,24.144675175708006
Madhya Maharashtra,1991,0.0,0.1,0.3,12.2,19.2,293.8,318.1,143.9,67.3,21.0,4.7,0.1,880.5,0.1,31.8,823.0,25.7,770.1595744680851,6.8609710615373976,Normal,767.3,8.199999999999932,814.0,723.04,19.26017160713846
Madhya Maharashtra,1992,0.0,0.0,0.0,2.1,5.1,146.9,190.6,248.6,132.1,55.6,10.1,0.0,791.3,0.0,7.3,718.2,65.7,770.1595744680851,-6.746598521997369,Normal,823.0,55.700000000000045,783.1333333333333,770.5,15.552583276749733
Madhya Maharashtra,1993,0.0,0.1,3.0,5.7,11.5,147.6,289.2,162.4,162.6,192.8,10.7,34.3,1019.8,0.1,20.1,761.9,237.7,770.1595744680851,-1.0724497548173253,Normal,718.2,-104.79999999999995,769.5,796.6400000000001,9.574125298226472
Madhya Maharashtra,1994,3.1,0.1,0.6,21.8,23.8,253.2,332.9,188.4,118.9,66.2,12.6,0.0,1021.5,3.2,46.2,893.4,78.8,770.1595744680851,16.001933835209613,Normal,761.9,43.69999999999993,767.6999999999999,765.9,4.885264367371141
Madhya Maharashtra,1995,20.0,0.2,5.4,6.7,24.0,63.6,253.1,82.7,194.3,121.5,4.9,0.0,776.4,20.3,36.0,593.7,126.4,770.1595744680851,-22.91207956350576,Deficient,893.4,131.5,791.1666666666666,792.76,8.509325394891581
Madhya Maharashtra,1996,0.1,0.0,0.1,4.1,5.7,162.3,281.0,184.1,161.4,171.3,4.8,0.4,975.2,0.1,9.9,788.7,176.5,770.1595744680851,2.407348573796538,Normal,593.7,-299.69999999999993,749.6666666666666,758.0400000000001,14.917935750819547
Madhya Maharashtra,1997,3.3,0.0,2.4,15.3,6.5,180.2,239.9,295.5,91.7,57.7,68.8,39.6,1000.9,3.3,24.3,807.4,166.0,770.1595744680851,4.835416810553212,Normal,788.7,195.0,758.6,751.1800000000001,14.527718150413213
Madhya Maharashtra,1998,0.2,0.0,0.6,2.5,18.4,147.1,264.1,226.4,257.2,162.5,22.1,0.0,1101.1,0.2,21.4,894.8,184.7,770.1595744680851,16.183714344913316,Normal,807.4,18.699999999999932,729.9333333333334,769.02,14.262263175503232
Madhya Maharashtra,1999,0.0,6.7,0.0,0.1,39.2,225.3,262.5,85.4,169.0,177.6,0.0,0.0,965.7,6.7,39.3,742.1,177.7,770.1595744680851,-3.6433455349126302,Normal,894.8,87.39999999999998,830.3000000000001,795.6,15.439571354762633
Madhya Maharashtra,2000,0.4,1.1,0.2,1.7,18.5,173.0,198.7,159.6,87.0,56.5,2.7,2.1,701.6,1.5,20.5,618.2,61.3,770.1595744680851,-19.730920643690855,Normal,742.1,-152.69999999999993,814.7666666666665,765.34,14.472574689240897
Madhya Maharashtra,2001,4.4,0.0,0.3,4.7,8.4,157.9,179.3,160.9,137.3,125.5,5.7,0.5,785.1,4.4,13.5,635.4,131.8,770.1595744680851,-17.497617238759585,Normal,618.2,-123.89999999999998,751.6999999999999,770.24,13.167450305386058
Madhya Maharashtra,2002,1.7,3.1,1.0,13.0,14.4,251.9,95.6,221.5,95.8,36.3,5.9,0.0,740.3,4.9,28.3,664.7,42.3,770.1595744680851,-13.693210857103386,Normal,635.4,17.199999999999932,665.2333333333333,739.58,15.751708972320344
Madhya Maharashtra,2003,0.8,2.2,1.5,5.7,15.1,210.8,208.7,178.4,116.2,29.5,3.5,0.1,772.6,3.0,22.3,714.2,33.1,770.1595744680851,-7.26597140686511,Normal,664.7,29.300000000000068,639.4333333333333,711.04,15.914683785086755
Madhya Maharashtra,2004,0.1,0.1,0.0,4.7,49.0,215.9,174.2,354.1,181.2,42.1,8.0,0.1,1029.5,0.2,53.7,925.5,50.2,770.1595744680851,20.169901236273223,Excess,714.2,49.5,671.4333333333333,674.92,7.748481520208005
Madhya Maharashtra,2005,3.6,0.4,1.6,11.1,7.8,240.5,361.2,256.1,276.4,62.7,0.0,0.0,1221.3,4.0,20.5,1134.2,62.7,770.1595744680851,47.268181504247536,Excess,925.5,211.29999999999995,768.1333333333333,711.6,17.564583974937932
Madhya Maharashtra,2006,0.0,0.0,7.1,0.2,42.3,205.3,416.4,421.7,217.0,60.1,25.5,0.0,1395.7,0.0,49.7,1260.4,85.6,770.1595744680851,63.65439602182472,Large Excess,1134.2,208.70000000000005,924.6333333333333,814.8,25.97009523403498
Madhya Maharashtra,2007,1.3,0.4,0.0,2.1,5.5,266.9,293.5,274.2,189.2,3.4,3.9,0.0,1040.4,1.7,7.6,1023.7,7.3,770.1595744680851,32.92050555977623,Excess,1260.4,126.20000000000005,1106.7,939.8,27.509277862648197
Madhya Maharashtra,2008,0.0,0.0,18.1,0.6,1.1,107.9,157.9,257.6,312.4,56.6,3.7,0.9,916.9,0.0,19.9,835.9,61.1,770.1595744680851,8.535948615235856,Normal,1023.7,-236.70000000000005,1139.4333333333334,1011.6,20.55450999627968
Madhya Maharashtra,2009,0.0,1.7,0.8,0.4,7.7,68.9,329.8,148.2,162.6,96.2,121.3,4.3,941.7,1.7,8.9,709.4,221.8,770.1595744680851,-7.889218868706406,Normal,835.9,-187.80000000000007,1040.0,1035.94,16.181501300569494
Madhya Maharashtra,2010,2.9,0.1,0.9,2.3,5.4,185.6,280.9,233.2,165.6,77.1,73.4,0.2,1027.5,3.0,8.6,865.3,150.6,770.1595744680851,12.353339319013736,Normal,709.4,-126.5,856.3333333333334,992.72,22.382965314213305
Madhya Maharashtra,2011,0.0,0.3,0.3,5.0,2.9,133.3,261.4,238.1,148.4,62.8,0.0,0.0,852.6,0.3,8.2,781.3,62.8,770.1595744680851,1.4465087367912082,Normal,865.3,155.89999999999998,803.5333333333333,938.9399999999999,22.54556535374965
Madhya Maharashtra,2012,0.0,0.0,0.0,3.0,1.4,67.9,203.0,187.8,129.5,95.2,2.2,0.0,689.8,0.0,4.4,588.1,97.3,770.1595744680851,-23.6392016023206,Deficient,781.3,-84.0,785.3333333333334,843.1200000000001,13.889690045962016
Madhya Maharashtra,2013,0.1,5.3,0.8,5.7,6.0,212.4,311.8,147.0,210.3,57.8,4.0,1.3,962.4,5.3,12.4,881.5,63.1,770.1595744680851,14.456799502728089,Normal,588.1,-193.19999999999993,744.9,756.0,14.689771325526408
Madhya Maharashtra,2014,3.1,6.2,24.4,7.5,29.8,44.0,277.9,240.3,120.4,38.5,32.8,13.1,838.0,9.3,61.7,682.6,84.4,770.1595744680851,-11.369017197320254,Normal,881.5,293.4,750.3000000000001,765.12,15.77651703423633
Madhya Maharashtra,2015,1.4,0.8,41.2,9.6,24.4,177.0,111.7,67.2,146.6,48.3,16.2,0.1,644.5,2.2,75.3,502.5,64.5,770.1595744680851,-34.75378133849023,Deficient,682.6,-198.89999999999998,717.4,759.76,16.366007970290582
Madhya Maharashtra,2016,0.0,0.7,7.1,1.4,7.7,100.7,319.6,232.7,171.9,62.4,1.1,0.9,906.3,0.7,16.2,824.9,64.4,770.1595744680851,7.107673181849572,Normal,502.5,-180.10000000000002,688.8666666666668,687.2,21.895915933334173
Madhya Maharashtra,2017,0.0,0.0,0.4,0.8,18.0,189.2,280.9,192.0,190.1,112.8,5.0,5.1,994.4,0.0,19.2,852.3,122.9,770.1595744680851,10.665377443193584,Normal,824.9,322.4,670.0,695.92,22.75300383436225
Matathwada,1901,15.8,3.3,32.1,48.5,26.5,193.1,184.1,249.8,74.0,81.6,0.0,0.0,908.7,19.1,107.1,700.9,81.6,641.8659574468086,9.197254016713224,Normal,,,,,
Matathwada,1902,1.3,0.0,0.4,7.2,0.8,52.4,120.9,85.2,273.3,61.3,84.4,56.9,744.1,1.3,8.4,531.8,202.7,641.8659574468086,-17.14781040649438,Normal,700.9,,,,
Matathwada,1903,2.6,0.8,0.0,1.7,58.3,104.4,264.2,281.9,173.3,139.9,0.3,5.3,1032.6,3.4,60.0,823.8,145.4,641.8659574468086,28.34455394345606,Excess,531.8,-169.10000000000002,,,
Matathwada,1904,0.0,0.9,12.1,0.3,7.2,79.2,118.4,57.3,339.0,76.2,0.0,0.0,690.5,0.9,19.5,593.9,76.2,641.8659574468086,-7.47289319371382,Normal,823.8,292.0,685.5,,
Matathwada,1905,1.3,2.0,0.0,6.6,4.8,84.6,94.8,137.6,157.8,15.4,0.9,0.0,505.9,3.3,11.4,474.8,16.3,641.8659574468086,-26.02816920083401,Deficient,593.9,-229.89999999999998,649.8333333333333,,
Matathwada,1906,19.8,0.0,0.1,0.0,0.2,220.6,254.9,156.9,82.1,19.8,3.9,12.4,770.7,19.8,0.3,714.5,36.1,641.8659574468086,11.316076465889005,Normal,474.8,-119.09999999999997,630.8333333333333,625.04,22.26901898131882
Matathwada,1907,1.0,6.6,1.1,61.3,0.0,90.4,198.9,155.2,34.7,5.0,0.0,3.7,557.9,7.6,62.4,479.2,8.7,641.8659574468086,-25.342667820218324,Deficient,714.5,239.7,594.4,627.76,22.486654499082828
Matathwada,1908,0.0,0.8,13.0,2.9,1.6,100.7,124.4,176.8,261.9,0.4,0.0,0.0,682.5,0.8,17.5,663.8,0.4,641.8659574468086,3.4172310119763667,Normal,479.2,-235.3,556.1666666666666,617.24,24.572334464130726
Matathwada,1909,5.5,1.6,8.4,4.2,22.2,217.2,194.3,173.8,223.5,21.4,0.4,20.3,892.7,7.2,34.7,808.8,42.0,641.8659574468086,26.007617418629835,Excess,663.8,184.59999999999997,619.1666666666666,585.24,18.40253444180974
Matathwada,1910,0.0,0.0,0.9,0.0,3.1,202.1,166.7,188.5,467.9,59.7,45.3,0.0,1134.4,0.0,4.0,1025.3,105.0,641.8659574468086,59.73740126028829,Large Excess,808.8,145.0,650.6,628.22,23.48429213218376
Matathwada,1911,6.4,0.0,0.0,0.0,3.0,85.5,231.9,175.0,68.6,0.2,41.8,0.0,612.4,6.4,3.0,561.0,42.0,641.8659574468086,-12.598573971499327,Normal,1025.3,216.5,832.6333333333332,738.3199999999999,27.1383180221522
Matathwada,1912,0.0,13.7,0.0,6.5,9.5,62.9,177.3,145.9,34.6,22.8,15.2,0.0,488.4,13.7,16.0,420.8,37.9,641.8659574468086,-34.44114069020841,Deficient,561.0,-464.29999999999995,798.3666666666667,707.62,30.535266029918873
Matathwada,1913,0.0,3.4,0.0,15.1,38.6,173.0,245.9,80.1,63.7,21.0,0.0,15.9,656.5,3.4,53.6,562.6,36.9,641.8659574468086,-12.349300742184528,Normal,420.8,-140.2,669.0333333333333,695.94,33.402968167141886
Matathwada,1914,0.0,10.4,5.2,0.9,16.3,297.0,177.2,151.7,258.3,23.9,20.9,27.3,989.1,10.4,22.3,884.2,72.1,641.8659574468086,37.75461835008966,Excess,562.6,141.8,514.8000000000001,675.7,35.55396665288591
Matathwada,1915,28.0,2.6,55.9,18.9,11.5,207.8,146.8,96.1,299.1,99.7,10.1,25.1,1001.6,30.6,86.3,749.8,134.9,641.8659574468086,16.815667087646702,Normal,884.2,321.6,622.5333333333334,690.78,36.58526692175176
Matathwada,1916,0.0,5.0,3.0,1.7,43.6,149.8,374.7,139.7,305.1,115.0,40.3,0.0,1177.9,5.0,48.3,969.3,155.3,641.8659574468086,51.0128382342704,Excess,749.8,-134.4000000000001,732.2000000000002,635.6800000000001,28.563775046641382
Matathwada,1917,1.7,63.5,10.8,7.0,17.1,176.8,144.6,259.3,348.7,101.2,37.5,0.0,1168.3,65.2,35.0,929.4,138.8,641.8659574468086,44.796587078232655,Excess,969.3,219.5,867.7666666666668,717.3399999999999,31.501905458008405
Matathwada,1918,0.7,0.0,0.2,0.6,121.4,93.5,65.9,78.6,89.9,4.7,9.8,20.7,486.1,0.7,122.2,327.9,35.3,641.8659574468086,-48.91456756729881,Deficient,929.4,-39.89999999999998,882.8333333333334,819.06,20.205893675852796
Matathwada,1919,11.9,0.9,0.3,5.1,11.2,149.7,119.9,85.3,228.0,28.0,21.4,1.1,662.8,12.8,16.6,583.0,50.4,641.8659574468086,-9.17106706842087,Normal,327.9,-601.5,742.1999999999999,772.12,33.89746294039927
Matathwada,1920,27.0,0.0,0.3,3.1,2.1,60.4,50.5,86.1,127.7,3.8,0.0,0.0,361.2,27.0,5.6,324.8,3.8,641.8659574468086,-49.39753444909622,Deficient,583.0,255.10000000000002,613.4333333333333,711.8799999999999,37.103828266699324
Matathwada,1921,2.1,0.0,0.0,2.4,0.0,151.0,174.8,70.2,113.4,41.9,6.6,0.0,562.4,2.1,2.4,509.4,48.5,641.8659574468086,-20.63763561690153,Deficient,324.8,-258.2,411.90000000000003,626.88,49.895437990662586
Matathwada,1922,54.4,1.9,0.0,2.8,19.3,220.3,119.5,39.4,206.4,47.8,122.7,1.4,836.1,56.4,22.2,585.6,171.9,641.8659574468086,-8.765998070784322,Normal,509.4,184.59999999999997,472.40000000000003,534.9,46.323187026448785
Matathwada,1923,4.0,0.5,55.9,9.9,0.6,20.5,300.4,72.0,300.1,0.2,0.0,0.8,765.0,4.5,66.4,693.0,1.0,641.8659574468086,7.966467446971418,Normal,585.6,76.20000000000005,473.26666666666665,466.14,28.15257228329728
Matathwada,1924,3.2,0.0,7.7,8.1,0.2,49.2,130.4,180.7,200.2,59.8,9.8,13.4,662.7,3.2,16.0,560.5,83.0,641.8659574468086,-12.676471855660202,Normal,693.0,107.39999999999998,596.0,539.1600000000001,25.32602995851973
Matathwada,1925,0.0,0.0,0.0,0.0,30.1,130.3,84.3,173.6,73.4,38.1,75.1,0.0,604.9,0.0,30.1,461.6,113.2,641.8659574468086,-28.08467334268108,Deficient,560.5,-132.5,613.0333333333333,534.6600000000001,25.26932794766834
Matathwada,1926,70.4,0.0,0.0,1.5,17.6,85.0,126.3,254.1,147.6,0.0,11.2,1.8,715.5,70.4,19.1,613.0,13.0,641.8659574468086,-4.497194018768428,Normal,461.6,-98.89999999999998,571.6999999999999,562.02,15.5541238069788
Matathwada,1927,0.0,3.2,10.2,7.5,0.0,173.0,143.5,67.0,175.7,37.2,126.9,0.4,744.6,3.2,17.7,559.2,164.5,641.8659574468086,-12.879006354478468,Normal,613.0,151.39999999999998,545.0333333333333,582.74,14.421460961647822
Matathwada,1928,0.0,28.3,9.5,2.0,0.0,160.5,141.7,135.0,288.1,58.8,0.0,1.7,825.8,28.3,11.6,725.4,60.5,641.8659574468086,13.014250340596051,Normal,559.2,-53.799999999999955,544.6,577.46,14.6576691455712
Matathwada,1929,0.0,31.6,0.9,21.6,1.7,165.8,104.7,48.2,179.0,51.7,0.0,4.2,609.4,31.6,24.1,497.7,55.9,641.8659574468086,-22.460446106265984,Deficient,725.4,166.19999999999993,632.5333333333334,583.94,16.4667795749925
Matathwada,1930,0.0,1.0,1.7,13.0,4.1,132.2,49.6,75.7,281.0,64.6,17.1,0.3,640.3,1.0,18.8,538.5,82.0,641.8659574468086,-16.10397875873866,Normal,497.7,-227.7,594.1,571.3799999999999,18.163460058155582
Matathwada,1931,0.0,0.0,3.8,4.4,7.7,134.5,295.1,142.8,242.1,175.1,70.1,13.1,1088.6,0.0,15.9,814.5,258.2,641.8659574468086,26.89565329806381,Excess,538.5,40.80000000000001,587.1999999999999,586.76,14.986438140114636
Matathwada,1932,0.0,2.5,7.7,7.7,20.1,111.5,276.6,161.3,161.6,54.6,34.3,6.3,844.1,2.5,35.5,710.9,95.2,641.8659574468086,10.755211699930706,Normal,814.5,276.0,616.9,627.0600000000001,21.688862330492285
Matathwada,1933,9.1,7.6,10.1,13.5,66.7,206.6,214.7,180.4,340.8,30.7,17.5,25.2,1122.9,16.7,90.3,942.5,73.3,641.8659574468086,46.837511643247566,Excess,710.9,-103.60000000000002,687.9666666666667,657.4,20.381052095825847
Matathwada,1934,6.0,0.0,0.0,11.9,1.3,95.8,248.6,256.8,159.9,16.8,79.5,0.0,876.6,6.0,13.2,761.2,96.3,641.8659574468086,18.591738846514644,Normal,942.5,231.60000000000002,822.6333333333333,700.8199999999999,26.603121444746904
Matathwada,1935,7.2,0.5,0.0,14.0,0.4,191.1,197.4,196.6,223.5,84.1,5.8,1.4,922.1,7.7,14.4,808.7,91.3,641.8659574468086,25.99203784179768,Excess,761.2,-181.29999999999995,804.8666666666667,753.5200000000001,19.632747956474578
Matathwada,1936,0.0,26.6,7.8,10.7,33.3,137.5,92.2,119.3,145.1,9.1,139.9,6.2,727.8,26.6,51.8,494.1,155.2,641.8659574468086,-23.02131087222427,Deficient,808.7,47.5,837.4666666666667,807.5600000000001,10.679319872596537
Matathwada,1937,0.0,13.2,11.3,43.8,1.1,75.8,277.3,35.8,152.8,106.4,0.3,20.5,738.2,13.2,56.2,541.7,127.2,641.8659574468086,-15.60543230010906,Normal,494.1,-314.6,688.0,743.4800000000001,22.042475404526332
Matathwada,1938,0.0,8.8,17.7,15.6,27.3,253.3,260.1,146.5,256.1,86.8,0.2,0.3,1072.7,8.8,60.6,916.0,87.3,641.8659574468086,42.70892378272124,Excess,541.7,47.60000000000002,614.8333333333334,709.6400000000001,26.490472480619303
Matathwada,1939,0.2,0.0,3.7,9.1,0.2,98.2,163.6,188.6,73.8,25.3,16.5,1.0,580.2,0.2,13.0,524.2,42.9,641.8659574468086,-18.331858245739653,Normal,916.0,374.29999999999995,650.6,704.34,25.55353740818279
Matathwada,1940,0.0,0.4,0.0,11.2,13.4,178.8,176.9,239.5,139.0,63.1,31.5,1.8,855.6,0.4,24.6,734.2,96.4,641.8659574468086,14.385253101827448,Normal,524.2,-391.79999999999995,660.6333333333333,656.9399999999999,29.236739180303957
Matathwada,1941,9.4,9.3,1.1,0.5,0.0,50.2,114.9,150.4,190.6,14.5,0.0,0.0,541.0,18.7,1.6,506.1,14.5,641.8659574468086,-21.15176165236329,Deficient,734.2,210.0,724.8000000000001,642.0400000000001,28.01271526136754
Matathwada,1942,0.0,24.3,0.0,6.6,3.9,221.0,227.2,311.4,124.9,11.1,0.0,72.6,1003.0,24.3,10.5,884.5,83.7,641.8659574468086,37.80135708058617,Excess,506.1,-228.10000000000002,588.1666666666666,644.44,27.535403776659308
Matathwada,1943,7.1,0.1,1.5,0.2,47.6,187.4,105.8,62.3,282.9,156.5,1.0,0.0,852.4,7.2,49.3,638.4,157.5,641.8659574468086,-0.5399815033960305,Normal,884.5,378.4,708.2666666666668,713.0,27.11661969015436
Matathwada,1944,0.4,12.2,32.6,0.0,5.2,85.1,230.7,116.0,167.0,94.5,15.2,0.0,759.0,12.6,37.8,598.9,109.7,641.8659574468086,-6.693914352105079,Normal,638.4,-246.10000000000002,676.3333333333334,657.48,23.863493333300873
Matathwada,1945,1.8,0.0,0.0,5.0,0.3,129.6,140.2,154.4,161.9,27.7,1.3,0.0,622.5,1.8,5.4,586.2,29.0,641.8659574468086,-8.672520609791269,Normal,598.9,-39.5,707.2666666666668,672.42,21.424942690769825
Matathwada,1946,0.0,9.7,1.9,21.3,16.3,165.6,212.4,114.5,180.1,6.8,98.2,21.9,848.7,9.7,39.4,672.6,127.0,641.8659574468086,4.788233773207761,Normal,586.2,-12.699999999999932,607.8333333333334,642.8199999999999,22.30818175656083
Matathwada,1947,28.0,22.0,7.7,11.5,2.0,65.7,164.5,276.0,253.3,13.6,2.1,8.6,854.8,49.9,21.2,759.4,24.2,641.8659574468086,18.311306463535487,Normal,672.6,86.39999999999998,619.2333333333333,676.1200000000001,17.948402342364854
Matathwada,1948,7.9,2.2,4.1,3.3,1.9,179.4,218.7,110.1,221.6,21.1,176.1,0.0,946.4,10.1,9.3,729.8,197.2,641.8659574468086,13.69975172121174,Normal,759.4,86.79999999999995,672.7333333333335,651.1,10.665477838369803
Matathwada,1949,2.9,0.5,0.1,0.7,35.2,188.9,189.5,89.8,369.1,32.3,5.2,0.0,914.2,3.4,36.0,837.3,37.6,641.8659574468086,30.44779681579966,Excess,729.8,-29.600000000000023,720.5999999999999,669.38,11.487380269968481
Matathwada,1950,0.0,11.9,4.1,0.4,7.1,67.6,141.1,113.9,271.0,38.8,0.0,1.6,657.4,11.9,11.5,593.6,40.4,641.8659574468086,-7.519631924210338,Normal,837.3,107.5,775.5,717.06,13.14051230318391
Matathwada,1951,0.4,0.0,6.2,10.6,11.2,159.5,271.0,101.3,89.3,78.4,3.5,0.0,731.4,0.4,28.0,621.1,81.9,641.8659574468086,-3.2352482953622648,Normal,593.6,-243.69999999999993,720.2333333333332,718.54,12.759180058275494
Matathwada,1952,0.2,18.8,0.0,3.3,21.7,95.4,144.6,87.2,136.1,36.4,0.0,2.3,546.1,19.1,25.1,463.2,38.7,641.8659574468086,-27.83540011336629,Deficient,621.1,27.5,684.0,708.24,14.202984484137978
Matathwada,1953,0.3,0.0,0.3,15.2,0.4,200.4,217.9,160.6,208.0,88.1,0.0,0.0,891.2,0.3,15.9,786.9,88.1,641.8659574468086,22.59569009238356,Excess,463.2,-157.90000000000003,559.3,649.0,21.838914983329165
Matathwada,1954,0.4,0.0,15.5,5.6,5.2,181.0,276.0,138.8,255.6,11.9,0.0,9.7,899.6,0.4,26.3,851.4,21.6,641.8659574468086,32.64451714913631,Excess,786.9,323.7,623.7333333333333,660.42,22.987550858021102
Matathwada,1955,6.5,0.0,2.4,3.4,12.2,229.8,213.2,364.7,208.6,109.3,1.2,0.0,1151.3,6.5,18.0,1016.2,110.5,641.8659574468086,58.319659768560406,Excess,851.4,64.5,700.5,663.24,23.520111146681202
Matathwada,1956,1.2,1.9,0.1,4.1,78.4,154.1,310.0,134.6,202.5,70.7,79.7,0.0,1037.3,3.1,82.6,801.2,150.4,641.8659574468086,24.823569579384568,Excess,1016.2,164.80000000000007,884.8333333333334,747.76,28.4752142243834
Matathwada,1957,1.5,2.1,13.9,14.5,30.0,126.9,255.1,294.6,104.7,53.7,3.6,0.0,900.7,3.6,58.5,781.3,57.3,641.8659574468086,21.72323378978177,Excess,801.2,-215.0,889.6,783.78,25.65068326923995
Matathwada,1958,0.1,0.0,4.4,25.2,12.7,92.2,264.4,456.1,79.8,41.2,48.3,0.0,1024.6,0.1,42.3,892.6,89.5,641.8659574468086,39.063302803992336,Excess,781.3,-19.90000000000009,866.2333333333332,847.4,11.603456682625739
Matathwada,1959,1.5,0.0,0.1,9.5,13.2,173.6,188.3,200.0,246.3,99.8,17.0,1.0,950.3,1.5,22.8,808.3,117.7,641.8659574468086,25.929719534468965,Excess,892.6,111.30000000000007,825.0333333333334,868.54,10.742484623636031
Matathwada,1960,3.6,0.0,18.1,1.0,49.2,163.6,136.6,66.8,206.8,78.5,14.0,0.1,738.3,3.6,68.3,573.8,92.6,641.8659574468086,-10.60438813698096,Normal,808.3,-84.30000000000007,827.4,859.9200000000001,11.30245399956988
Matathwada,1961,0.9,0.1,5.6,6.7,35.7,170.8,253.7,143.4,97.0,238.1,5.2,1.8,959.0,1.0,48.0,664.9,245.0,641.8659574468086,3.5886063571302937,Normal,573.8,-234.5,758.2333333333332,771.4399999999999,15.349099309310233
Matathwada,1962,0.6,2.8,2.7,37.8,43.4,67.3,164.7,192.2,304.7,41.4,33.5,54.6,945.7,3.4,84.0,728.9,129.4,641.8659574468086,13.559535529722169,Normal,664.9,91.10000000000002,682.3333333333334,744.18,16.84162260987398
Matathwada,1963,0.0,6.2,15.5,7.0,13.5,228.4,172.2,380.4,82.8,92.4,2.7,0.0,1001.2,6.2,36.1,863.8,95.1,641.8659574468086,34.576384676325986,Excess,728.9,64.0,655.8666666666667,733.7,16.85039762559557
Matathwada,1964,0.0,0.2,5.1,1.5,1.3,120.3,246.5,150.7,219.9,20.1,15.0,0.0,780.6,0.2,7.9,737.5,35.1,641.8659574468086,14.899379137289207,Normal,863.8,134.89999999999998,752.5333333333333,727.9399999999999,15.760597115393763
Matathwada,1965,5.4,1.5,0.0,9.5,0.8,129.3,218.7,180.0,69.4,5.9,0.4,10.4,631.4,7.0,10.3,597.4,16.7,641.8659574468086,-6.927608004587701,Normal,737.5,-126.29999999999995,776.7333333333332,713.78,14.906071253799444
Matathwada,1966,18.9,0.0,10.4,10.5,45.8,63.1,228.6,85.9,191.6,13.0,65.9,13.5,747.1,18.9,66.7,569.2,92.3,641.8659574468086,-11.321048671260987,Normal,597.4,-140.10000000000002,732.9,718.4999999999999,13.763834294898276
Matathwada,1967,0.0,0.0,4.0,1.0,5.9,146.0,224.0,104.1,136.0,26.4,0.0,112.4,759.8,0.0,10.8,610.1,138.9,641.8659574468086,-4.949001746901494,Normal,569.2,-28.199999999999932,634.6999999999999,699.36,17.024754482944925
Matathwada,1968,5.8,23.8,32.2,11.3,0.7,94.2,219.0,63.6,210.6,24.5,26.3,0.3,712.4,29.6,44.1,587.5,51.1,641.8659574468086,-8.469986110973004,Normal,610.1,40.89999999999998,592.2333333333333,675.6,18.275297633343122
Matathwada,1969,0.0,0.0,0.2,0.1,2.7,120.8,222.6,148.3,277.1,14.7,38.1,0.0,824.6,0.0,3.0,768.8,52.9,641.8659574468086,19.775786685759915,Excess,587.5,-22.600000000000023,588.9333333333334,620.3399999999999,10.829161872899677
Matathwada,1970,8.4,0.0,2.8,7.5,30.2,215.1,103.9,344.9,178.1,19.9,0.0,0.0,910.9,8.4,40.6,842.1,19.9,641.8659574468086,31.195616503744063,Excess,768.8,181.29999999999995,655.4666666666666,626.6,12.908496660487575
Matathwada,1971,0.2,0.1,1.3,0.1,38.8,83.2,24.3,220.0,131.5,108.4,0.0,0.0,607.9,0.3,40.2,458.9,108.4,641.8659574468086,-28.50532191714981,Deficient,842.1,73.30000000000007,732.8000000000001,675.5400000000001,18.096791520121684
Matathwada,1972,0.0,0.0,0.0,0.1,3.0,115.1,41.9,85.3,65.3,4.2,28.4,3.8,347.1,0.0,3.2,307.6,36.3,641.8659574468086,-52.07722166423029,Deficient,458.9,-383.20000000000005,689.9333333333334,653.4799999999999,23.3300454296756
Matathwada,1973,0.0,0.7,0.0,3.8,0.6,112.3,203.1,334.9,115.6,99.3,1.0,0.0,871.3,0.7,4.5,765.8,100.3,641.8659574468086,19.308399380794672,Excess,307.6,-151.29999999999995,536.1999999999999,592.98,36.98776371243911
Matathwada,1974,0.0,0.4,0.4,2.9,36.0,98.4,100.7,123.2,154.4,134.1,0.0,0.0,650.6,0.4,39.3,476.8,134.1,641.8659574468086,-25.71657766419052,Deficient,765.8,458.19999999999993,510.76666666666665,628.64,36.956899849202664
Matathwada,1975,2.1,8.3,7.3,0.0,11.3,117.2,249.0,231.7,309.9,113.9,0.1,0.0,1050.9,10.5,18.6,907.8,114.0,641.8659574468086,41.4313984824829,Excess,476.8,-288.99999999999994,516.7333333333333,570.24,39.43358159485321
Matathwada,1976,0.0,0.2,3.2,7.4,2.9,92.1,213.0,195.6,63.0,3.8,39.4,2.4,623.0,0.2,13.5,563.7,45.6,641.8659574468086,-12.1779253970306,Normal,907.8,430.99999999999994,716.7999999999998,583.3799999999999,42.11319525567822
Matathwada,1977,0.0,1.5,6.0,4.6,5.4,126.0,155.4,149.3,116.8,66.4,129.9,6.5,767.7,1.5,15.9,547.4,202.8,641.8659574468086,-14.717396420675104,Normal,563.7,-344.0999999999999,649.4333333333333,604.34,39.16865438700419
Matathwada,1978,5.7,18.8,9.6,12.0,19.1,212.4,215.0,105.3,80.6,70.5,34.6,1.2,784.8,24.5,40.7,613.3,106.3,641.8659574468086,-4.450455288271911,Normal,547.4,-16.300000000000068,672.9666666666667,652.3,27.40415783050411
Matathwada,1979,3.4,11.8,5.6,1.4,18.1,125.5,163.1,132.9,236.5,17.7,90.6,0.8,807.6,15.3,25.2,658.1,109.1,641.8659574468086,2.529195132542414,Normal,613.3,65.89999999999998,574.8000000000001,621.8,26.88737378210361
Matathwada,1980,0.1,0.0,4.7,4.6,2.3,223.0,114.4,325.1,113.6,1.1,3.6,20.3,812.9,0.1,11.6,776.1,25.1,641.8659574468086,20.91309579450869,Excess,658.1,44.80000000000007,606.2666666666667,658.0600000000001,22.220094596031416
Matathwada,1981,27.3,0.7,11.0,1.6,12.7,100.5,122.3,127.3,285.1,68.7,11.2,18.3,786.6,28.0,25.2,635.1,98.2,641.8659574468086,-1.054107538857792,Normal,776.1,118.0,682.5,631.72,14.51199873216629
Matathwada,1982,10.0,0.6,5.1,7.8,15.9,99.6,170.1,84.8,172.0,43.6,27.0,0.0,636.5,10.6,28.8,526.5,70.6,641.8659574468086,-17.973527978599638,Normal,635.1,-141.0,689.7666666666668,646.0,12.947341029564196
Matathwada,1983,0.0,0.0,0.3,0.3,6.0,96.8,231.9,315.4,422.3,106.8,1.0,6.9,1187.6,0.0,6.6,1066.3,114.6,641.8659574468086,66.12502776147997,Large Excess,526.5,-108.60000000000002,645.9,641.8199999999999,14.03417581788912
Matathwada,1984,3.1,9.5,0.4,0.8,0.0,75.7,168.5,59.8,120.1,106.2,5.4,3.3,552.7,12.6,1.2,424.1,114.9,641.8659574468086,-33.927014654746635,Deficient,1066.3,539.8,742.6333333333332,732.4200000000001,28.211761648152745
Matathwada,1985,7.1,0.0,6.2,10.5,7.6,160.8,148.9,63.9,82.3,86.0,0.7,1.5,575.4,7.1,24.3,455.8,88.2,641.8659574468086,-28.988288798947227,Deficient,424.1,-642.1999999999999,672.3000000000001,685.62,36.417231712254164
Matathwada,1986,9.6,9.6,1.3,2.7,7.3,132.3,140.2,127.1,104.0,6.6,10.1,12.1,562.9,19.2,11.4,503.6,28.8,641.8659574468086,-21.541251073167665,Deficient,455.8,31.69999999999999,648.7333333333333,621.56,42.06781120042433
Matathwada,1987,7.9,3.6,0.8,2.0,20.9,155.1,132.0,220.2,46.1,145.7,41.1,10.8,786.2,11.5,23.7,553.4,197.6,641.8659574468086,-13.782621810744615,Normal,503.6,47.80000000000001,461.1666666666667,595.26,44.743869990621356
Matathwada,1988,0.0,0.0,0.2,7.2,4.2,169.7,301.6,245.4,411.9,18.5,7.7,3.5,1170.0,0.0,11.7,1128.6,29.7,641.8659574468086,75.83110412792486,Large Excess,553.4,49.799999999999955,504.2666666666667,600.64,44.09860208373697
Matathwada,1989,0.0,0.0,42.3,2.8,6.4,237.9,336.2,245.7,170.0,17.6,0.5,9.0,1068.3,0.0,51.5,989.8,27.1,641.8659574468086,54.20665148486624,Excess,1128.6,575.1999999999999,728.5333333333334,613.1,47.675866179211674
Matathwada,1990,2.9,0.0,0.0,0.0,142.1,221.0,131.0,365.9,104.2,223.1,5.0,2.9,1198.1,2.9,142.1,822.2,231.0,641.8659574468086,28.09528071414128,Excess,989.8,-138.79999999999995,890.6,726.24,42.65992518149257
Matathwada,1991,0.3,0.4,0.4,9.8,9.4,250.1,222.4,49.7,38.5,9.1,10.9,0.0,601.0,0.7,19.5,560.7,20.0,641.8659574468086,-12.645312701995843,Normal,822.2,-167.5999999999999,980.2000000000002,799.52,33.86037015230844
Matathwada,1992,0.0,0.0,0.0,3.5,6.7,217.9,79.4,203.0,140.4,52.2,23.5,0.0,726.6,0.0,10.2,640.6,75.7,641.8659574468086,-0.1972308130881776,Normal,560.7,-261.5,790.9000000000001,810.9399999999999,31.557973757447765
Matathwada,1993,0.0,1.0,5.6,1.7,9.1,87.5,216.3,166.2,121.8,136.3,5.8,55.1,806.3,1.0,16.4,591.8,197.2,641.8659574468086,-7.800064307189494,Normal,640.6,79.89999999999998,674.5000000000001,828.3799999999999,28.512130261686846
Matathwada,1994,3.2,0.1,0.0,14.9,14.3,110.6,117.1,162.8,63.4,64.3,32.9,0.0,583.8,3.4,29.3,454.0,97.2,641.8659574468086,-29.26872118192637,Deficient,591.8,-48.80000000000007,597.7000000000002,721.02,25.132404523834246
Matathwada,1995,46.9,0.2,23.6,11.4,17.6,135.5,186.0,96.0,137.9,153.2,1.2,0.0,809.5,47.1,52.6,555.4,154.4,641.8659574468086,-13.47103027410112,Normal,454.0,-137.79999999999995,562.1333333333333,613.86,22.005319888046852
Matathwada,1996,0.1,0.0,0.3,10.6,1.6,55.8,186.6,246.4,229.8,118.9,4.4,0.4,855.0,0.1,12.5,718.6,123.8,641.8659574468086,11.954839116008174,Normal,555.4,101.39999999999998,533.7333333333335,560.5,12.219603087363195
Matathwada,1997,7.7,1.1,8.3,14.3,8.0,75.8,131.0,121.1,163.4,106.8,98.6,54.3,790.5,8.8,30.6,491.3,259.8,641.8659574468086,-23.457539023525168,Deficient,718.6,163.20000000000005,576.0000000000001,592.08,16.6285663842973
Matathwada,1998,0.1,0.3,3.4,1.7,8.7,189.8,255.1,249.9,235.8,150.3,31.6,0.0,1126.7,0.5,13.8,930.5,181.9,641.8659574468086,44.96796242338659,Excess,491.3,-227.3,588.4333333333334,562.22,18.251330582596786
Matathwada,1999,0.0,6.0,0.1,0.0,17.9,141.5,133.3,133.4,215.4,119.9,0.0,0.0,767.6,6.0,18.0,623.6,119.9,641.8659574468086,-2.845758874557895,Normal,930.5,439.2,713.4666666666667,629.96,31.13990815851994
Matathwada,2000,0.4,3.8,0.5,0.4,16.3,188.3,157.3,239.5,44.8,30.8,0.7,1.7,684.4,4.2,17.2,629.9,33.2,641.8659574468086,-1.864245534130889,Normal,623.6,-306.9,681.8000000000001,663.88,25.789661259896356
Matathwada,2001,4.8,0.5,0.5,9.9,0.7,148.7,56.7,255.8,83.5,170.5,0.8,0.0,732.4,5.3,11.2,544.6,171.3,641.8659574468086,-15.153624571975993,Normal,629.9,6.2999999999999545,728.0,678.78,23.92940357555746
Matathwada,2002,5.5,4.1,0.7,6.1,8.5,241.8,58.2,223.6,122.4,46.4,4.8,0.0,722.1,9.6,15.3,646.0,51.3,641.8659574468086,0.6440663358492584,Normal,544.6,-85.29999999999995,599.3666666666668,643.98,26.43198183504133
Matathwada,2003,2.1,1.3,2.3,4.9,28.5,117.6,255.9,183.9,95.7,22.1,4.9,0.8,720.1,3.4,35.7,653.1,27.8,641.8659574468086,1.7502162909336731,Normal,646.0,101.39999999999998,606.8333333333335,674.92,21.951707049107664
Matathwada,2004,1.2,0.4,5.5,1.9,30.4,100.0,201.7,75.0,177.2,58.1,27.2,0.0,678.7,1.7,37.8,553.9,85.3,641.8659574468086,-13.704723926583744,Normal,653.1,7.100000000000023,614.5666666666667,619.4399999999999,7.021159886995834
Matathwada,2005,13.2,0.7,11.6,1.6,2.1,59.7,413.5,124.1,213.5,100.5,0.0,0.0,940.5,13.8,15.3,810.9,100.5,641.8659574468086,26.334788532105517,Excess,553.9,-99.20000000000005,617.6666666666669,605.5,8.610440267500444
Matathwada,2006,0.0,0.0,30.7,1.6,26.7,134.7,116.2,301.3,209.4,47.7,4.6,0.0,872.9,0.0,59.1,761.5,52.3,641.8659574468086,18.63847757701116,Normal,810.9,257.0,672.6333333333334,641.7,16.695988541125086
Matathwada,2007,0.0,0.0,0.1,0.7,10.0,185.4,123.1,146.2,240.7,0.9,7.5,0.0,714.6,0.0,10.8,695.3,8.5,641.8659574468086,8.324797714111432,Normal,761.5,-49.39999999999998,708.7666666666668,685.08,14.85525611908958
Matathwada,2008,0.1,0.1,14.6,3.7,1.8,66.7,106.5,150.8,267.8,33.8,0.3,0.1,646.3,0.1,20.2,591.7,34.2,641.8659574468086,-7.815643884021655,Normal,695.3,-66.20000000000005,755.9,694.9399999999999,14.303123831556974
Matathwada,2009,0.0,0.0,0.6,0.8,7.0,63.1,139.2,167.6,159.9,59.0,63.3,8.4,668.9,0.0,8.4,529.8,130.7,641.8659574468086,-17.459401943137877,Normal,591.7,-103.59999999999991,682.8333333333334,682.66,15.992109727983806
Matathwada,2010,4.3,5.8,3.9,0.7,4.6,119.7,329.5,291.4,157.3,57.7,36.8,0.0,1011.6,10.0,9.2,897.8,94.5,641.8659574468086,39.87344079926542,Excess,529.8,-61.90000000000009,605.6,677.8399999999999,17.195769561020754
Matathwada,2011,0.0,3.8,0.7,3.5,3.1,79.2,230.1,228.5,90.0,24.8,0.0,0.0,663.5,3.8,7.3,627.7,24.8,641.8659574468086,-2.206996224438724,Normal,897.8,368.0,673.1,695.22,20.78365123702944
Matathwada,2012,0.0,0.0,0.0,0.6,2.3,72.2,161.1,101.4,120.0,68.8,0.3,0.0,526.7,0.0,2.9,454.7,69.1,641.8659574468086,-29.15966414410115,Deficient,627.7,-270.0999999999999,685.1,668.46,21.16915371132877
Matathwada,2013,1.5,9.4,2.6,7.9,6.4,160.9,293.4,136.9,154.1,94.3,7.4,13.1,888.0,10.9,16.9,745.3,114.8,641.8659574468086,16.114586130198834,Normal,454.7,-173.00000000000006,660.0666666666667,620.3399999999999,27.153382520646353
Matathwada,2014,1.4,13.4,79.0,11.9,7.0,30.4,105.0,178.9,84.5,14.2,19.9,3.3,548.9,14.8,97.9,398.8,37.4,641.8659574468086,-37.86864759328687,Deficient,745.3,290.59999999999997,609.2333333333335,651.0600000000001,26.99624031985188
Matathwada,2015,10.1,1.6,32.0,39.6,12.3,118.3,27.4,112.2,154.3,19.5,4.8,0.0,532.2,11.7,83.8,412.4,24.3,641.8659574468086,-35.7498251441111,Deficient,398.8,-346.49999999999994,532.9333333333334,624.8599999999999,32.90163957155829
Matathwada,2016,0.0,3.1,10.8,3.0,6.3,157.3,276.1,89.2,302.3,100.8,0.0,0.2,949.0,3.1,20.1,824.8,100.9,641.8659574468086,28.500349711777805,Excess,412.4,13.599999999999966,518.8333333333334,527.78,28.826671079016343
Matathwada,2017,0.0,0.0,4.7,0.0,3.3,182.3,82.5,230.4,146.9,100.4,2.4,2.7,755.6,0.0,8.1,642.1,105.4,641.8659574468086,0.0364628393944445,Normal,824.8,412.4,545.3333333333334,567.2,35.59599487160701
Naga Mani Mizo Tripura,1901,11.7,18.1,29.4,206.2,124.0,443.3,331.4,466.0,304.1,166.7,67.4,0.0,2168.4,29.8,359.6,1544.8,234.2,1425.0659574468086,8.402000056734952,Normal,,,,,
Naga Mani Mizo Tripura,1902,4.8,0.5,36.3,297.8,215.5,480.1,392.4,312.8,318.7,102.4,8.9,4.7,2175.0,5.2,549.7,1504.0,116.0,1425.0659574468086,5.538974679783384,Normal,1544.8,,,,
Naga Mani Mizo Tripura,1903,6.5,40.5,139.8,45.5,159.9,458.6,300.2,470.6,366.1,166.4,76.7,0.1,2230.7,47.0,345.1,1595.4,243.2,1425.0659574468086,11.9527129016798,Normal,1504.0,-40.799999999999955,,,
Naga Mani Mizo Tripura,1904,2.3,46.9,47.5,290.3,230.5,455.3,423.5,423.6,375.8,128.9,90.0,5.0,2519.8,49.3,568.3,1678.2,224.0,1425.0659574468086,17.762970284316808,Normal,1595.4,91.40000000000009,1548.0666666666666,,
Naga Mani Mizo Tripura,1905,9.1,35.3,306.5,161.7,193.6,339.7,450.1,429.9,320.1,246.4,8.0,27.1,2527.6,44.5,661.8,1539.8,281.5,1425.0659574468086,8.05113910367716,Normal,1678.2,82.79999999999995,1592.5333333333335,,
Naga Mani Mizo Tripura,1906,7.0,71.5,72.5,99.0,302.7,417.4,475.2,439.2,439.1,142.8,44.9,3.2,2514.4,78.5,474.2,1770.9,190.9,1425.0659574468086,24.26793235400825,Excess,1539.8,-138.4000000000001,1604.4666666666665,1572.44,4.292775463969437
Naga Mani Mizo Tripura,1907,39.1,30.4,92.8,189.1,156.0,414.1,400.9,291.4,336.1,114.6,3.9,53.4,2121.7,69.5,437.9,1442.4,171.9,1425.0659574468086,1.2163677381114109,Normal,1770.9,231.10000000000014,1662.966666666667,1617.66,6.674011127866482
Naga Mani Mizo Tripura,1908,26.4,15.0,4.3,141.1,252.1,360.0,531.5,371.9,317.8,192.6,106.5,0.0,2319.3,41.4,397.5,1581.3,299.1,1425.0659574468086,10.96328501405682,Normal,1442.4,-328.5,1584.3666666666668,1605.34,7.858589251753267
Naga Mani Mizo Tripura,1909,6.0,4.7,3.1,201.8,235.1,415.3,348.9,540.0,245.8,167.7,71.4,69.0,2308.7,10.7,439.9,1549.9,308.1,1425.0659574468086,8.759878228853907,Normal,1581.3,138.89999999999986,1598.2,1602.52,7.899536638747702
Naga Mani Mizo Tripura,1910,26.0,10.9,30.7,138.4,228.0,444.8,405.0,439.8,336.2,196.0,12.3,0.0,2267.9,36.9,397.0,1625.8,208.3,1425.0659574468086,14.085947496271157,Normal,1549.9,-31.399999999999864,1524.5333333333335,1576.86,7.626624214569168
Naga Mani Mizo Tripura,1911,47.3,11.9,102.2,141.3,331.3,444.9,471.5,397.9,287.8,226.0,17.4,0.3,2479.8,59.1,574.9,1602.0,243.7,1425.0659574468086,12.415849359716075,Normal,1625.8,75.89999999999986,1585.6666666666667,1594.06,7.514440758052847
Naga Mani Mizo Tripura,1912,1.0,36.7,127.8,305.9,222.5,344.7,392.6,394.8,262.8,179.1,34.9,6.1,2308.8,37.7,656.2,1394.9,220.0,1425.0659574468086,-2.116811315937599,Normal,1602.0,-23.799999999999955,1592.5666666666666,1560.28,4.585838324741761
Naga Mani Mizo Tripura,1913,4.3,63.4,109.9,138.1,264.1,559.1,509.2,426.7,222.1,202.9,83.6,29.7,2613.2,67.7,512.2,1717.1,316.2,1425.0659574468086,20.492668499106408,Excess,1394.9,-207.0999999999999,1540.8999999999999,1550.7800000000002,5.899667100861743
Naga Mani Mizo Tripura,1914,5.0,93.3,129.7,255.9,276.5,342.6,437.4,501.5,262.0,106.0,13.8,105.4,2529.2,98.4,662.1,1543.5,225.2,1425.0659574468086,8.310776208939927,Normal,1717.1,322.1999999999998,1571.3333333333333,1577.94,7.533542381449375
Naga Mani Mizo Tripura,1915,13.9,35.5,89.4,198.9,448.9,465.2,478.0,510.5,310.4,231.1,37.7,0.4,2819.9,49.4,737.2,1764.1,269.2,1425.0659574468086,23.79076145784964,Excess,1543.5,-173.5999999999999,1551.8333333333333,1576.6599999999999,7.565735770410402
Naga Mani Mizo Tripura,1916,13.2,17.5,37.3,212.5,131.8,363.8,491.4,419.3,388.5,417.5,55.0,7.1,2555.0,30.7,381.6,1663.1,479.6,1425.0659574468086,16.703370206082273,Normal,1764.1,220.5999999999999,1674.8999999999999,1604.3200000000002,9.129529217773467
Naga Mani Mizo Tripura,1917,1.3,81.8,25.6,289.1,121.7,356.6,387.3,375.8,371.7,147.9,63.3,0.1,2222.2,83.1,436.4,1491.4,211.3,1425.0659574468086,4.654805078077757,Normal,1663.1,-101.0,1656.8999999999999,1616.54,9.202114832369324
Naga Mani Mizo Tripura,1918,3.8,6.1,138.6,224.8,361.9,573.8,638.5,569.3,363.9,75.7,52.3,4.5,3013.3,9.9,725.3,2145.5,132.5,1425.0659574468086,50.554434957097904,Excess,1491.4,-171.69999999999982,1639.533333333333,1635.84,7.0490393648444325
Naga Mani Mizo Tripura,1919,17.5,18.1,17.3,151.1,132.7,358.4,403.5,372.9,375.0,111.1,84.8,5.7,2047.9,35.6,301.0,1509.7,201.6,1425.0659574468086,5.938956166269268,Normal,2145.5,654.0999999999999,1766.6666666666667,1721.52,15.081450296550742
Naga Mani Mizo Tripura,1920,5.1,56.8,272.7,143.7,167.9,363.3,443.6,449.6,326.2,137.0,7.1,2.7,2375.8,61.9,584.3,1582.7,146.9,1425.0659574468086,11.061526080913008,Normal,1509.7,-635.8,1715.533333333333,1714.7600000000002,15.500186869442361
Naga Mani Mizo Tripura,1921,46.9,24.1,179.2,178.2,271.3,443.8,387.8,382.4,430.7,286.7,4.7,2.4,2638.2,70.9,628.8,1644.7,293.8,1425.0659574468086,15.412201898829611,Normal,1582.7,73.0,1745.9666666666665,1678.48,16.069525392559925
Naga Mani Mizo Tripura,1922,8.5,4.5,17.3,119.3,182.1,569.1,479.6,536.6,330.9,170.8,38.2,5.8,2462.6,13.0,318.7,1916.2,214.8,1425.0659574468086,34.46395164986764,Excess,1644.7,62.0,1579.0333333333335,1674.8,16.1279741096778
Naga Mani Mizo Tripura,1923,0.0,64.9,13.5,216.2,296.1,506.2,411.9,488.5,374.9,210.9,93.7,8.7,2685.5,64.9,525.8,1781.5,313.3,1425.0659574468086,25.011757574490755,Excess,1916.2,271.5,1714.5333333333335,1759.7599999999998,15.045137972370268
Naga Mani Mizo Tripura,1924,3.7,45.2,14.1,170.9,295.1,478.6,462.7,482.2,356.2,179.2,213.7,0.1,2701.7,48.8,480.1,1779.7,393.0,1425.0659574468086,24.885447631389955,Excess,1781.5,-134.70000000000005,1780.8,1686.9599999999998,9.630019212768143
Naga Mani Mizo Tripura,1925,43.0,36.4,35.0,195.6,385.5,362.4,461.4,440.3,280.1,170.7,37.0,0.0,2447.5,79.4,616.2,1544.3,207.7,1425.0659574468086,8.366913961429171,Normal,1779.7,-1.7999999999999545,1825.8000000000002,1740.9600000000003,7.498315145344728
Naga Mani Mizo Tripura,1926,24.0,70.1,155.5,177.1,229.7,361.1,477.6,441.7,287.3,155.6,36.4,47.1,2463.2,94.1,562.3,1567.7,239.1,1425.0659574468086,10.008943221739637,Normal,1544.3,-235.4000000000001,1701.8333333333333,1733.28,8.235290658647212
Naga Mani Mizo Tripura,1927,41.4,103.5,56.3,360.4,245.2,363.8,498.4,456.6,533.9,178.4,48.6,0.8,2887.5,145.0,662.0,1852.7,227.9,1425.0659574468086,30.00801754603369,Excess,1567.7,23.40000000000009,1630.5666666666666,1717.8799999999999,9.198676272880613
Naga Mani Mizo Tripura,1928,4.3,28.5,52.3,65.3,309.0,463.2,397.7,468.3,392.8,272.5,18.4,0.1,2472.4,32.8,426.7,1722.0,291.0,1425.0659574468086,20.83651223310305,Excess,1852.7,285.0,1654.9000000000003,1705.1799999999998,8.185275423542045
Naga Mani Mizo Tripura,1929,38.3,7.7,48.0,242.7,433.0,859.1,385.0,371.4,314.8,121.7,11.3,26.4,2859.4,46.0,723.7,1930.4,159.4,1425.0659574468086,35.460396756551766,Excess,1722.0,-130.70000000000005,1714.1333333333332,1693.28,7.9053323327488965
Naga Mani Mizo Tripura,1930,22.6,53.6,107.5,161.0,223.1,506.6,438.2,385.6,256.7,100.8,230.7,1.0,2487.4,76.3,491.6,1587.0,332.5,1425.0659574468086,11.363266500542704,Normal,1930.4,208.4000000000001,1835.0333333333335,1723.42,9.876419113751862
Naga Mani Mizo Tripura,1931,2.7,53.0,59.6,109.9,360.6,388.8,520.0,300.4,364.1,209.9,69.2,23.0,2461.1,55.8,530.1,1573.3,302.1,1425.0659574468086,10.401907489164357,Normal,1587.0,-343.4000000000001,1746.4666666666665,1731.9599999999998,9.222311415171976
Naga Mani Mizo Tripura,1932,6.1,69.7,99.1,162.2,323.6,600.7,491.2,402.4,376.2,80.4,145.9,4.3,2761.7,75.7,584.8,1870.5,230.6,1425.0659574468086,31.257082538919427,Excess,1573.3,-13.700000000000045,1696.8999999999999,1733.08,9.134043136753913
Naga Mani Mizo Tripura,1933,2.5,19.7,34.3,167.0,298.4,463.4,476.3,603.5,259.6,113.4,9.6,4.1,2451.8,22.2,499.7,1802.8,127.1,1425.0659574468086,26.50642523451694,Excess,1870.5,297.20000000000005,1676.9333333333334,1736.6399999999999,9.318215872254992
Naga Mani Mizo Tripura,1934,16.0,135.1,57.1,191.1,313.2,567.2,618.6,368.3,336.4,227.7,197.3,12.8,3040.8,151.1,561.3,1890.6,437.9,1425.0659574468086,32.66754357021174,Excess,1802.8,-67.70000000000005,1748.8666666666668,1752.8,9.357368757947452
Naga Mani Mizo Tripura,1935,0.6,48.3,43.7,173.3,171.2,547.1,506.4,553.5,339.1,124.8,33.1,2.2,2543.3,48.8,388.2,1946.1,160.1,1425.0659574468086,36.56210014915322,Excess,1890.6,87.79999999999995,1854.6333333333332,1744.8400000000001,8.82003099321506
Naga Mani Mizo Tripura,1936,19.3,73.1,104.6,227.5,489.5,418.3,529.7,507.6,309.4,202.6,22.6,13.0,2917.1,92.4,821.6,1765.0,238.2,1425.0659574468086,23.853916429400048,Excess,1946.1,55.5,1879.8333333333333,1816.6599999999999,8.00238019106946
Naga Mani Mizo Tripura,1937,0.1,60.0,37.3,85.4,337.1,528.9,490.1,614.8,291.0,207.1,17.9,72.0,2741.6,60.1,459.8,1924.7,297.0,1425.0659574468086,35.06041527006588,Excess,1765.0,-181.0999999999999,1867.2333333333333,1855.0,3.8716240279161105
Naga Mani Mizo Tripura,1938,29.2,29.2,133.8,153.6,429.0,494.6,413.6,491.4,441.7,243.9,111.7,0.0,2971.6,58.4,716.4,1841.2,355.6,1425.0659574468086,29.201037354000785,Excess,1924.7,159.70000000000005,1878.6000000000001,1865.8399999999997,4.208327259251047
Naga Mani Mizo Tripura,1939,2.6,59.3,34.5,203.7,274.4,449.6,638.8,333.9,380.8,198.8,30.0,2.0,2608.3,61.8,512.6,1803.1,230.8,1425.0659574468086,26.5274768917004,Excess,1841.2,-83.5,1843.6333333333332,1873.52,3.8674334437183684
Naga Mani Mizo Tripura,1940,0.3,74.6,230.9,35.5,325.6,496.2,458.2,345.7,373.3,131.6,31.4,23.6,2526.7,74.8,592.0,1673.4,186.5,1425.0659574468086,17.426143769381333,Normal,1803.1,-38.100000000000136,1856.3333333333333,1856.02,4.185249302460437
Naga Mani Mizo Tripura,1941,14.1,63.1,34.1,256.6,563.1,689.4,489.5,372.6,288.2,143.3,44.2,7.9,2966.2,77.2,853.8,1839.7,195.5,1425.0659574468086,29.09577906808344,Excess,1673.4,-129.69999999999982,1772.5666666666668,1801.48,5.155160920709094
Naga Mani Mizo Tripura,1942,6.0,15.7,78.7,250.4,305.3,528.7,403.3,461.8,420.8,65.4,143.2,1.5,2680.9,21.7,634.4,1814.6,210.1,1425.0659574468086,27.33445708373332,Excess,1839.7,166.29999999999995,1772.0666666666666,1816.42,5.039163973532084
Naga Mani Mizo Tripura,1943,68.4,28.8,131.3,143.7,210.3,496.1,422.5,485.2,354.9,84.0,2.2,0.6,2427.9,97.2,485.2,1758.8,86.7,1425.0659574468086,23.418848847608384,Excess,1814.6,-25.100000000000136,1775.8999999999999,1794.4,3.877774878124468
Naga Mani Mizo Tripura,1944,91.4,20.2,69.7,128.6,321.8,670.5,527.9,440.7,490.8,110.5,4.4,0.7,2877.3,111.6,520.2,2130.0,115.6,1425.0659574468086,49.46676600261876,Excess,1758.8,-55.799999999999955,1804.3666666666668,1777.92,3.6760455797024525
Naga Mani Mizo Tripura,1945,68.7,60.9,67.7,170.4,354.2,595.3,573.9,509.7,378.8,205.6,13.3,53.3,3051.9,129.6,592.3,2057.7,272.2,1425.0659574468086,44.39331662140309,Excess,2130.0,371.20000000000005,1901.1333333333332,1843.3,9.358798041790049
Naga Mani Mizo Tripura,1946,0.0,19.1,189.3,237.5,352.4,517.5,647.7,397.9,305.1,311.4,7.7,50.5,3036.2,19.1,779.2,1868.2,369.6,1425.0659574468086,31.095686500512848,Excess,2057.7,-72.30000000000018,1982.1666666666667,1920.1599999999999,8.501959557622206
Naga Mani Mizo Tripura,1947,3.0,4.3,44.3,176.0,374.4,723.9,640.5,491.1,415.6,306.0,1.7,29.7,3210.2,7.3,594.6,2271.1,337.3,1425.0659574468086,59.36806209790959,Large Excess,1868.2,-189.49999999999977,2018.6333333333334,1925.86,8.3188183468427
Naga Mani Mizo Tripura,1948,5.5,65.1,54.3,206.5,468.4,410.3,500.1,472.5,424.2,140.0,71.4,3.7,2822.1,70.6,729.3,1807.2,215.1,1425.0659574468086,26.815182873207803,Excess,2271.1,402.89999999999986,2065.6666666666665,2017.1599999999999,10.153756343491345
Naga Mani Mizo Tripura,1949,8.1,12.6,67.4,370.2,419.6,562.8,507.7,416.9,427.5,177.3,4.2,2.0,2976.3,20.6,857.3,1914.9,183.5,1425.0659574468086,34.37272780207261,Excess,1807.2,-463.89999999999986,1982.1666666666667,2026.8400000000001,9.382817131352914
Naga Mani Mizo Tripura,1950,12.3,59.7,79.1,87.8,207.4,407.4,449.4,535.3,255.4,237.5,82.9,8.7,2423.0,72.1,374.3,1647.5,329.1,1425.0659574468086,15.60868403254197,Normal,1914.9,107.70000000000005,1997.7333333333333,1983.8200000000002,9.339077982971173
Naga Mani Mizo Tripura,1951,3.9,0.2,62.4,360.1,233.7,495.0,436.2,440.5,191.1,310.6,54.9,20.8,2609.3,4.1,656.3,1562.7,386.2,1425.0659574468086,9.658082268681849,Normal,1647.5,-267.4000000000001,1789.8666666666666,1901.78,12.08537705447351
Naga Mani Mizo Tripura,1952,9.6,6.5,97.1,208.2,345.9,442.6,556.8,422.8,320.5,323.6,76.2,1.1,2810.9,16.1,651.2,1742.7,400.9,1425.0659574468086,22.289076578762305,Excess,1562.7,-84.79999999999995,1708.3666666666668,1840.6799999999998,15.038149618385196
Naga Mani Mizo Tripura,1953,7.4,16.5,98.4,90.0,453.5,570.9,387.0,424.3,443.8,136.2,25.0,8.7,2661.6,23.8,641.9,1825.9,169.9,1425.0659574468086,28.127402837643945,Excess,1742.7,180.0,1650.9666666666665,1735.0,7.891186661810838
Naga Mani Mizo Tripura,1954,12.8,52.4,37.7,165.3,300.2,619.8,491.4,558.3,361.7,294.2,2.4,8.8,2905.1,65.2,503.3,2031.2,305.4,1425.0659574468086,42.53375357019682,Excess,1825.9,83.20000000000005,1710.4333333333332,1738.7400000000002,8.029166651403226
Naga Mani Mizo Tripura,1955,6.2,5.7,161.3,213.6,280.6,461.4,559.2,514.7,253.8,183.5,220.2,5.1,2865.0,11.9,655.5,1789.0,408.7,1425.0659574468086,25.53804900407744,Excess,2031.2,205.29999999999995,1866.5999999999997,1762.0,10.221774247830822
Naga Mani Mizo Tripura,1956,18.3,1.3,102.2,115.5,474.0,758.9,529.8,469.6,257.5,187.1,101.1,7.4,3022.7,19.6,691.7,2015.7,295.6,1425.0659574468086,41.44608461571767,Excess,1789.0,-242.20000000000005,1882.0333333333335,1790.3,9.4035552039712
Naga Mani Mizo Tripura,1957,59.1,60.6,10.2,104.8,300.1,409.1,425.7,429.1,354.4,148.3,0.8,1.7,2303.9,119.7,415.1,1618.3,150.8,1425.0659574468086,13.559656066684472,Normal,2015.7,226.70000000000005,1945.3,1880.9,7.099755506996917
Naga Mani Mizo Tripura,1958,6.2,87.2,18.3,93.7,400.6,256.4,308.3,254.8,299.5,238.5,2.3,2.7,1968.6,93.4,512.6,1119.0,243.5,1425.0659574468086,-21.477318705666484,Deficient,1618.3,-397.4000000000001,1807.6666666666667,1856.02,9.257716875334422
Naga Mani Mizo Tripura,1959,39.9,77.7,148.0,74.0,260.0,378.5,396.3,357.3,239.1,352.8,0.1,3.9,2327.6,117.6,482.0,1371.2,356.8,1425.0659574468086,-3.779892233431529,Normal,1119.0,-499.29999999999995,1584.3333333333333,1714.64,21.830496819132446
Naga Mani Mizo Tripura,1960,0.0,6.1,24.9,34.2,193.8,406.4,374.9,286.6,255.6,165.9,51.3,0.3,1799.9,6.1,252.8,1323.5,217.5,1425.0659574468086,-7.127105725602855,Normal,1371.2,252.20000000000005,1369.5,1582.6399999999999,22.138989123208557
Naga Mani Mizo Tripura,1961,9.5,37.5,193.3,76.9,212.1,332.5,316.5,342.8,258.8,96.1,24.4,0.8,1901.2,47.0,482.4,1250.5,121.3,1425.0659574468086,-12.249675640246595,Normal,1323.5,-47.700000000000045,1271.2333333333333,1489.54,23.068822802284828
Naga Mani Mizo Tripura,1962,11.2,26.6,5.4,139.8,156.6,554.6,298.8,356.6,142.5,130.4,0.0,0.0,1822.5,37.8,301.9,1352.4,130.4,1425.0659574468086,-5.099129416928818,Normal,1250.5,-73.0,1315.0666666666666,1336.5,13.770483253024036
Naga Mani Mizo Tripura,1963,0.0,4.6,50.7,179.3,278.5,687.9,510.3,383.0,494.6,373.4,6.5,1.2,2970.0,4.6,508.4,2075.9,381.1,1425.0659574468086,45.67045049053347,Excess,1352.4,101.90000000000009,1308.8,1283.3200000000002,8.002531452977916
Naga Mani Mizo Tripura,1964,4.0,37.1,67.9,280.6,303.2,357.8,484.4,242.0,213.3,284.7,46.3,7.5,2328.7,41.1,651.7,1297.4,338.4,1425.0659574468086,-8.958599900564513,Normal,2075.9,723.5,1559.6000000000001,1474.7,23.00157577041182
Naga Mani Mizo Tripura,1965,1.9,61.5,35.9,59.4,169.5,520.5,373.4,323.0,262.2,164.1,22.6,37.0,2031.0,63.4,264.7,1479.1,223.7,1425.0659574468086,3.791687133555581,Normal,1297.4,-778.5,1575.2333333333336,1459.94,23.72452995088283
Naga Mani Mizo Tripura,1966,15.0,2.7,39.8,85.3,190.3,666.8,399.3,405.0,361.5,207.0,40.9,65.1,2478.6,17.7,315.4,1832.6,313.0,1425.0659574468086,28.597556514741367,Excess,1479.1,181.69999999999982,1617.4666666666665,1491.06,22.66359452892389
Naga Mani Mizo Tripura,1967,51.5,33.6,129.5,195.8,247.8,311.7,388.0,334.0,341.3,184.8,10.9,1.1,2229.9,85.0,573.1,1374.9,196.8,1425.0659574468086,-3.520255128168761,Normal,1832.6,353.5,1536.3666666666668,1607.48,20.81436413653175
Naga Mani Mizo Tripura,1968,17.3,20.9,80.9,142.2,253.8,396.1,531.9,391.0,178.3,68.9,28.7,0.0,2110.0,38.1,476.9,1497.4,97.6,1425.0659574468086,5.075838221747107,Normal,1374.9,-457.6999999999998,1562.2,1611.98,20.498008603228982
Naga Mani Mizo Tripura,1969,20.1,2.4,124.6,189.8,73.5,606.6,868.3,1347.2,228.1,126.3,23.2,0.0,3610.0,22.4,387.9,3050.2,149.5,1425.0659574468086,114.0392158033745,Large Excess,1497.4,122.5,1568.3,1496.28,13.684085411758199
Naga Mani Mizo Tripura,1970,45.8,306.3,103.6,160.1,315.9,541.7,976.7,836.7,486.2,425.6,116.7,1.0,4316.2,352.1,579.6,2841.3,543.2,1425.0659574468086,99.38024518462004,Large Excess,3050.2,1552.7999999999997,1974.1666666666667,1846.8400000000001,37.595274806505465
Naga Mani Mizo Tripura,1971,28.4,67.6,12.4,312.6,248.0,543.2,624.0,553.1,421.2,171.3,94.6,4.5,3080.7,96.0,572.9,2141.5,270.5,1425.0659574468086,50.27374619465167,Excess,2841.3,-208.89999999999964,2462.9666666666667,2119.2799999999997,36.633251409029214
Naga Mani Mizo Tripura,1972,4.5,46.3,32.8,145.0,169.1,235.6,262.7,270.8,129.6,45.0,12.5,0.0,1353.8,50.7,347.0,898.7,57.5,1425.0659574468086,-36.93625229739273,Deficient,2141.5,-699.8000000000002,2677.6666666666665,2181.06,34.843716188668516
Naga Mani Mizo Tripura,1973,16.8,46.0,29.3,135.3,329.0,367.2,260.0,323.9,232.7,159.7,162.6,43.6,2105.8,62.7,493.5,1183.8,365.8,1425.0659574468086,-16.930160754037523,Normal,898.7,-1242.8,1960.5,2085.82,43.277292228396185
Naga Mani Mizo Tripura,1974,8.9,2.4,98.7,160.7,218.8,438.1,517.3,361.5,273.4,167.8,81.8,0.2,2329.6,11.3,478.1,1590.3,249.9,1425.0659574468086,11.594834729560844,Normal,1183.8,285.0999999999999,1408.0,2023.1,47.58499661662191
Naga Mani Mizo Tripura,1975,1.2,24.5,17.5,164.2,243.7,348.8,526.6,252.9,278.9,205.1,146.1,0.3,2209.7,25.7,425.3,1407.1,351.5,1425.0659574468086,-1.260710590476603,Normal,1590.3,406.5,1224.2666666666667,1731.1200000000001,44.86850902928129
Naga Mani Mizo Tripura,1976,3.3,51.3,113.7,187.8,287.1,861.1,507.8,365.0,175.1,64.8,34.2,0.1,2651.4,54.7,588.6,1909.0,99.2,1425.0659574468086,33.95871187746442,Excess,1407.1,-183.20000000000005,1393.7333333333333,1444.2800000000002,32.370963312699644
Naga Mani Mizo Tripura,1977,14.2,34.9,27.7,383.8,303.7,452.0,389.1,355.8,193.0,149.6,38.2,16.6,2358.5,49.1,715.1,1389.9,204.4,1425.0659574468086,-2.4676722689953894,Normal,1909.0,501.9000000000001,1635.4666666666665,1397.78,27.55447499187977
Naga Mani Mizo Tripura,1978,0.7,4.0,51.6,147.5,449.4,496.7,357.8,277.0,273.9,70.4,21.6,0.0,2150.8,4.7,648.6,1405.5,92.0,1425.0659574468086,-1.3729860954550894,Normal,1389.9,-519.0999999999999,1568.6666666666667,1496.02,18.186328158343787
Naga Mani Mizo Tripura,1979,1.3,8.3,72.9,55.4,158.8,361.8,370.0,309.7,272.9,57.9,47.1,33.1,1749.2,9.6,287.1,1314.4,138.1,1425.0659574468086,-7.7656726601680255,Normal,1405.5,15.599999999999909,1568.1333333333334,1540.36,14.406259889266906
Naga Mani Mizo Tripura,1980,7.2,42.4,101.6,145.7,461.5,373.3,327.4,312.1,364.4,168.5,0.1,0.7,2305.0,49.6,708.8,1377.3,169.3,1425.0659574468086,-3.351841870701031,Normal,1314.4,-91.09999999999991,1369.9333333333334,1485.18,16.156601520263592
Naga Mani Mizo Tripura,1981,26.6,26.3,105.5,268.0,377.5,223.2,448.1,329.7,213.2,33.1,11.5,9.6,2072.2,53.0,750.9,1214.2,54.2,1425.0659574468086,-14.79692615944615,Normal,1377.3,62.899999999999864,1365.7333333333333,1479.22,16.409513790780526
Naga Mani Mizo Tripura,1982,0.1,54.8,73.8,224.6,103.3,371.9,373.6,466.3,284.5,32.8,38.1,3.7,2027.5,54.9,401.7,1496.3,74.5,1425.0659574468086,4.998648812074383,Normal,1214.2,-163.0999999999999,1301.9666666666665,1340.26,5.857454112117763
Naga Mani Mizo Tripura,1983,19.2,49.3,244.9,303.8,402.4,380.9,329.7,392.8,239.7,189.0,6.2,30.2,2588.0,68.4,951.1,1343.0,225.4,1425.0659574468086,-5.758748008677471,Normal,1496.3,282.0999999999999,1362.6000000000001,1361.5400000000002,7.726912513316487
Naga Mani Mizo Tripura,1984,17.4,1.8,5.1,121.1,743.0,514.6,255.3,387.2,250.2,120.4,9.1,28.8,2454.0,19.2,869.2,1407.3,158.3,1425.0659574468086,-1.246676152354288,Normal,1343.0,-153.29999999999995,1351.1666666666667,1349.0400000000002,7.586902123426157
Naga Mani Mizo Tripura,1985,6.4,36.2,87.1,162.8,377.6,507.5,275.5,301.9,279.4,52.3,8.7,9.9,2105.3,42.6,627.5,1364.2,70.9,1425.0659574468086,-4.271097567712436,Normal,1407.3,64.29999999999995,1415.5333333333335,1367.62,7.525525064731904
Naga Mani Mizo Tripura,1986,8.8,7.3,17.7,263.4,153.0,325.5,376.9,364.6,355.8,311.7,131.2,26.3,2342.3,16.1,434.1,1422.8,469.3,1425.0659574468086,-0.1590071978751375,Normal,1364.2,-43.09999999999991,1371.5,1365.0,7.529612094885965
Naga Mani Mizo Tripura,1987,7.7,13.1,68.9,195.0,144.9,420.8,447.2,422.7,388.6,172.2,74.0,6.1,2361.3,20.8,408.8,1679.4,252.3,1425.0659574468086,17.84717691305068,Normal,1422.8,58.59999999999991,1398.1000000000001,1406.7199999999998,4.228303552023186
Naga Mani Mizo Tripura,1988,0.4,33.6,83.5,141.9,470.2,466.4,540.0,407.4,298.6,298.6,75.3,4.3,2820.2,34.0,695.6,1712.4,378.2,1425.0659574468086,20.1628592032321,Excess,1679.4,256.60000000000014,1488.8,1443.34,9.409356974496227
Naga Mani Mizo Tripura,1989,0.7,27.1,17.2,139.1,206.9,367.1,470.6,393.6,376.3,352.9,5.3,2.3,2359.0,27.8,363.2,1607.6,360.4,1425.0659574468086,12.808813627140797,Normal,1712.4,33.0,1604.8666666666668,1517.22,10.870670835159418
Naga Mani Mizo Tripura,1990,0.2,32.5,197.6,274.9,314.6,380.0,387.9,344.7,339.4,168.2,99.3,42.9,2582.3,32.7,787.2,1452.0,310.4,1425.0659574468086,1.8900207679823624,Normal,1607.6,-104.80000000000018,1666.4666666666665,1557.2800000000002,9.993169557640579
Naga Mani Mizo Tripura,1991,27.5,41.9,64.1,253.5,619.4,456.6,297.3,326.0,387.3,291.4,28.0,58.9,2851.9,69.4,937.0,1467.2,378.3,1425.0659574468086,2.9566380652780486,Normal,1452.0,-155.5999999999999,1590.6666666666667,1574.8400000000001,8.347977490228491
Naga Mani Mizo Tripura,1992,4.4,67.1,23.3,95.7,250.2,343.8,439.1,397.2,323.6,243.2,25.4,8.5,2221.4,71.5,369.2,1503.6,277.1,1425.0659574468086,5.510905803538754,Normal,1467.2,15.200000000000045,1508.9333333333332,1583.72,7.551436609345707
Naga Mani Mizo Tripura,1993,11.1,139.3,92.8,155.4,499.4,539.6,530.9,428.9,302.9,165.4,16.0,0.0,2881.7,150.4,747.7,1802.3,181.4,1425.0659574468086,26.471339139211164,Excess,1503.6,36.399999999999864,1474.2666666666667,1548.56,7.095587179416847
Naga Mani Mizo Tripura,1994,9.5,30.1,219.3,134.7,130.7,256.2,305.7,335.7,161.6,102.0,27.0,0.0,1712.5,39.6,484.7,1059.2,129.0,1425.0659574468086,-25.67361570423766,Deficient,1802.3,298.70000000000005,1591.0333333333335,1566.54,9.262558350833828
Naga Mani Mizo Tripura,1995,5.4,36.5,52.0,68.7,254.5,425.8,403.6,495.9,312.5,129.7,155.3,0.2,2340.2,41.9,375.2,1637.9,285.3,1425.0659574468086,14.93503100267102,Normal,1059.2,-743.0999999999999,1455.0333333333335,1456.86,18.153422889355227
Naga Mani Mizo Tripura,1996,8.1,30.0,153.9,97.3,284.2,314.0,395.1,363.5,341.3,179.7,18.8,8.7,2194.5,38.1,535.3,1413.9,207.2,1425.0659574468086,-0.7835396943179951,Normal,1637.9,578.7,1499.8,1494.04,18.501072774271883
Naga Mani Mizo Tripura,1997,11.3,23.7,134.4,112.0,255.0,334.0,598.5,273.9,361.6,48.6,17.8,41.3,2212.0,35.1,501.4,1567.9,107.7,1425.0659574468086,10.022977659861953,Normal,1413.9,-224.0,1370.3333333333333,1483.3799999999999,18.789885067921546
Naga Mani Mizo Tripura,1998,28.1,31.6,136.4,164.6,352.2,297.6,480.6,367.3,222.3,97.9,46.5,0.3,2225.4,59.7,653.2,1367.9,144.7,1425.0659574468086,-4.011460462449668,Normal,1567.9,154.0,1539.9000000000003,1496.24,18.804632395171474
Naga Mani Mizo Tripura,1999,2.2,0.0,33.5,26.3,397.5,358.4,422.7,391.3,338.5,227.7,16.5,18.3,2233.0,2.2,457.3,1510.9,262.6,1425.0659574468086,6.023162795003141,Normal,1367.9,-200.0,1449.9000000000003,1409.3600000000001,15.933799490358055
Naga Mani Mizo Tripura,2000,22.5,26.1,129.1,214.2,403.6,325.4,269.2,465.0,298.3,185.2,24.2,1.1,2363.9,48.6,746.9,1357.9,210.4,1425.0659574468086,-4.713182368565249,Normal,1510.9,143.0,1482.2333333333336,1499.7,7.350604612668929
Naga Mani Mizo Tripura,2001,1.5,46.9,38.8,83.6,313.8,478.0,322.6,263.0,269.0,266.4,65.4,0.2,2149.0,48.4,436.1,1332.6,332.0,1425.0659574468086,-6.488538791037682,Normal,1357.9,-153.0,1412.2333333333336,1443.7,6.3801147873892
Naga Mani Mizo Tripura,2002,18.6,3.9,62.7,143.8,438.7,351.6,462.2,358.4,225.7,98.9,71.9,6.0,2242.3,22.5,645.1,1397.8,176.9,1425.0659574468086,-1.91331196316409,Normal,1332.6,-25.300000000000182,1400.4666666666665,1427.44,7.35332607651146
Naga Mani Mizo Tripura,2003,3.8,11.5,78.0,158.9,265.6,590.9,262.4,281.7,288.4,175.1,5.1,40.9,2162.2,15.3,502.4,1423.4,221.1,1425.0659574468086,-0.1169038835081931,Normal,1397.8,65.20000000000005,1362.7666666666667,1393.42,5.002131147524566
Naga Mani Mizo Tripura,2004,4.8,2.7,11.0,341.5,211.0,449.2,558.6,284.3,351.0,132.7,6.4,0.5,2353.7,7.4,563.5,1643.2,139.6,1425.0659574468086,15.306943612912274,Normal,1423.4,25.600000000000136,1384.6000000000001,1404.52,4.915318770960696
Naga Mani Mizo Tripura,2005,6.4,15.0,118.6,98.1,237.0,212.3,301.5,334.8,292.6,194.3,15.6,10.5,1836.7,21.4,453.7,1141.1,220.4,1425.0659574468086,-19.926513293151057,Normal,1643.2,219.79999999999995,1488.1333333333332,1430.98,8.645007924632724
Naga Mani Mizo Tripura,2006,0.6,12.4,5.5,111.1,382.2,445.6,335.0,241.6,231.1,90.4,13.0,3.7,1872.0,12.9,498.8,1253.2,107.1,1425.0659574468086,-12.060210725595386,Normal,1141.1,-502.10000000000014,1402.5666666666666,1387.6200000000001,13.01702815967781
Naga Mani Mizo Tripura,2007,7.9,54.7,28.7,220.4,276.7,446.3,430.0,373.8,426.6,180.5,82.6,10.1,2538.2,62.6,525.8,1676.6,273.2,1425.0659574468086,17.650694779338306,Normal,1253.2,112.10000000000014,1345.8333333333333,1371.74,13.84550245996059
Naga Mani Mizo Tripura,2008,30.7,13.8,49.6,54.9,200.8,327.4,333.3,358.6,223.7,150.2,4.7,1.2,1748.9,44.4,305.3,1243.0,156.1,1425.0659574468086,-12.77596706983328,Normal,1676.6,423.39999999999986,1356.9666666666665,1427.5,16.466056145789832
Naga Mani Mizo Tripura,2009,0.0,3.2,27.5,93.1,209.5,271.9,295.8,380.9,271.3,158.2,26.1,0.2,1737.7,3.2,330.1,1219.9,184.5,1425.0659574468086,-14.396944672960268,Normal,1243.0,-433.5999999999999,1390.9333333333334,1391.42,17.913784253434
Naga Mani Mizo Tripura,2010,1.0,7.9,85.8,161.5,294.0,411.6,367.5,393.2,309.8,220.2,9.2,33.5,2295.2,8.9,541.4,1482.0,262.9,1425.0659574468086,3.995186486329105,Normal,1219.9,-23.09999999999991,1379.8333333333333,1306.7599999999998,16.174867816255865
Naga Mani Mizo Tripura,2011,12.6,3.6,51.4,81.1,334.9,374.2,313.3,367.6,258.3,92.6,2.4,0.2,1892.1,16.1,467.4,1313.4,95.2,1425.0659574468086,-7.835844850779584,Normal,1482.0,262.0999999999999,1314.9666666666665,1374.94,14.488098070082195
Naga Mani Mizo Tripura,2012,24.5,10.2,20.3,243.5,163.5,396.2,280.1,342.7,248.7,160.9,32.0,0.4,1922.9,34.7,427.3,1267.6,193.3,1425.0659574468086,-11.049731180788957,Normal,1313.4,-168.5999999999999,1338.4333333333334,1386.98,13.820125213760976
Naga Mani Mizo Tripura,2013,0.2,5.7,19.7,60.3,348.9,206.6,255.9,291.3,241.4,125.6,0.3,1.2,1557.2,5.9,428.9,995.2,127.1,1425.0659574468086,-30.164635903377373,Deficient,1267.6,-45.80000000000018,1354.3333333333333,1305.1799999999998,8.025156835990966
Naga Mani Mizo Tripura,2014,1.2,21.0,25.4,49.6,192.5,268.3,295.7,372.3,300.9,69.6,3.3,0.1,1599.9,22.2,267.5,1237.2,73.0,1425.0659574468086,-13.182965775380314,Normal,995.2,-272.39999999999986,1192.0666666666668,1255.6200000000001,14.01247916791668
Naga Mani Mizo Tripura,2015,14.4,14.2,21.6,253.5,198.3,283.9,413.6,334.2,255.9,118.7,3.9,10.0,1922.4,28.7,473.4,1287.7,132.6,1425.0659574468086,-9.63927014949663,Normal,1237.2,242.0,1166.6666666666667,1259.0800000000002,13.917630831186187
Naga Mani Mizo Tripura,2016,8.5,33.5,57.6,135.4,285.7,287.8,326.2,319.0,296.0,114.7,90.3,1.7,1956.4,42.0,478.7,1229.0,206.7,1425.0659574468086,-13.758377738395094,Normal,1287.7,50.5,1173.3666666666666,1220.22,10.559090852457047
Naga Mani Mizo Tripura,2017,0.8,11.9,125.3,277.6,196.7,502.7,431.5,543.3,352.2,287.6,7.6,68.1,2805.4,12.7,599.7,1829.8,363.3,1425.0659574468086,28.401074381029005,Excess,1229.0,-58.700000000000045,1251.3,1203.34,9.865470680577035
North Interior Karnataka,1901,3.5,18.8,7.1,67.2,65.5,120.5,151.9,115.1,128.8,80.0,13.6,0.9,773.0,22.3,139.8,516.4,94.5,511.9340425531916,0.8723696952316675,Normal,,,,,
North Interior Karnataka,1902,0.0,0.0,0.3,22.5,34.4,111.3,83.2,78.1,146.7,118.8,35.7,85.1,716.1,0.0,57.1,419.3,239.6,511.9340425531916,-18.094917480227263,Normal,516.4,,,,
North Interior Karnataka,1903,3.5,0.0,0.1,6.9,53.4,102.8,209.4,146.4,189.3,166.4,34.3,16.0,928.5,3.5,60.3,647.9,216.8,511.9340425531916,26.55927251266576,Excess,419.3,-97.09999999999997,,,
North Interior Karnataka,1904,0.2,0.3,8.5,11.0,46.3,120.6,91.6,48.5,165.1,86.5,0.0,0.0,578.6,0.5,65.8,425.8,86.5,511.9340425531916,-16.825222664156378,Normal,647.9,228.59999999999997,527.8666666666667,,
North Interior Karnataka,1905,0.0,6.0,2.6,16.0,51.2,99.6,60.1,139.2,42.2,85.0,4.4,0.0,506.2,6.0,69.8,341.1,89.4,511.9340425531916,-33.37032280588008,Deficient,425.8,-222.09999999999997,497.6666666666666,,
North Interior Karnataka,1906,21.3,0.0,0.2,2.6,30.0,142.0,120.3,182.1,116.0,86.2,24.3,58.9,783.8,21.3,32.7,560.4,169.4,511.9340425531916,9.467226911711515,Normal,341.1,-84.69999999999999,471.59999999999997,470.1,24.930253195445275
North Interior Karnataka,1907,1.1,0.0,12.1,96.9,5.6,90.6,155.1,185.2,165.8,10.3,17.9,6.1,746.7,1.1,114.6,596.7,34.3,511.9340425531916,16.557984115307402,Normal,560.4,219.29999999999995,442.43333333333334,478.9,25.694013071333355
North Interior Karnataka,1908,1.3,0.3,2.4,16.0,20.7,62.6,154.9,86.1,232.7,16.9,1.1,0.1,595.1,1.6,39.1,536.4,18.0,511.9340425531916,4.779122975449781,Normal,596.7,36.30000000000007,499.40000000000003,514.3799999999999,24.704912734131963
North Interior Karnataka,1909,2.4,0.1,10.1,11.8,55.3,110.3,140.4,175.6,106.2,50.0,12.0,1.6,675.8,2.5,77.1,532.5,63.6,511.9340425531916,4.0173060858072525,Normal,536.4,-60.30000000000007,564.5,492.08000000000004,21.498328301414674
North Interior Karnataka,1910,0.0,0.0,4.5,2.5,28.2,78.2,127.9,195.5,186.3,104.1,32.3,0.0,759.4,0.0,35.2,587.9,136.4,511.9340425531916,14.83901267201142,Normal,532.5,-3.8999999999999773,555.1999999999999,513.42,19.411136932577698
North Interior Karnataka,1911,0.0,0.0,5.1,3.1,43.2,87.6,151.5,71.6,67.4,61.4,8.8,10.3,510.0,0.0,51.4,378.1,80.6,511.9340425531916,-26.142829237476573,Deficient,587.9,55.39999999999998,552.2666666666667,562.78,5.180510949747463
North Interior Karnataka,1912,0.0,12.5,0.0,42.6,38.2,43.7,226.2,158.0,104.4,104.9,28.3,0.0,758.7,12.5,80.8,532.3,133.1,511.9340425531916,3.9782385530050624,Normal,378.1,-209.79999999999995,499.5,526.3199999999999,16.68701821407733
North Interior Karnataka,1913,0.0,0.9,0.0,16.3,76.7,104.0,150.9,45.0,89.3,85.4,2.5,1.3,572.3,0.9,93.0,389.2,89.2,511.9340425531916,-23.974581166955527,Deficient,532.3,154.19999999999993,499.43333333333334,513.4399999999999,15.430527051358336
North Interior Karnataka,1914,0.0,0.0,0.6,19.5,34.2,74.4,220.9,237.1,152.1,24.9,43.0,18.2,824.8,0.0,54.2,684.5,86.1,511.9340425531916,33.70863101546491,Excess,389.2,-143.09999999999997,433.2,484.0,19.51418663315371
North Interior Karnataka,1915,26.5,2.4,25.6,32.4,40.3,107.2,150.1,57.8,173.6,89.3,42.6,5.5,753.3,28.9,98.3,488.8,137.4,511.9340425531916,-4.518949831469322,Normal,684.5,295.3,535.3333333333334,514.4,25.51574649411257
North Interior Karnataka,1916,0.0,1.2,0.2,22.7,60.1,97.4,234.0,82.4,190.8,197.3,201.8,0.0,1087.9,1.2,83.0,604.6,399.1,511.9340425531916,18.10115166099355,Normal,488.8,-195.7,520.8333333333334,494.58000000000004,25.212904513581826
North Interior Karnataka,1917,0.0,21.1,22.7,11.7,20.2,117.0,77.8,164.2,192.6,137.2,59.4,0.0,823.8,21.1,54.6,551.6,196.6,511.9340425531916,7.748255468415555,Normal,604.6,115.80000000000001,592.6333333333333,539.88,20.807009847866418
North Interior Karnataka,1918,5.9,0.2,2.3,22.5,117.3,43.3,37.0,61.2,150.8,19.6,62.5,5.5,528.0,6.1,142.0,292.3,87.6,511.9340425531916,-42.90280080961228,Deficient,551.6,-53.0,548.3333333333334,543.74,20.6604071767471
North Interior Karnataka,1919,10.6,0.3,0.1,13.2,64.7,124.2,72.7,41.0,228.5,84.3,85.0,2.5,727.1,10.8,78.1,466.3,171.9,511.9340425531916,-8.914047271714697,Normal,292.3,-259.3,482.8333333333333,524.36,28.277288279292133
North Interior Karnataka,1920,2.6,0.0,0.0,25.1,32.3,75.3,82.6,56.5,139.5,54.3,2.2,0.0,470.3,2.6,57.4,353.9,56.4,511.9340425531916,-30.8700007065405,Deficient,466.3,174.0,436.7333333333333,480.7200000000001,24.64537756294877
North Interior Karnataka,1921,0.2,0.0,1.2,33.6,5.4,63.5,158.2,41.7,49.4,125.3,104.5,0.0,582.8,0.2,40.2,312.7,229.7,511.9340425531916,-38.91791246378981,Deficient,353.9,-112.40000000000003,370.83333333333326,453.74000000000007,28.845907205892225
North Interior Karnataka,1922,24.5,1.5,0.2,30.2,40.4,70.7,108.1,40.4,35.9,64.9,92.1,0.0,509.0,26.0,70.8,255.1,157.0,511.9340425531916,-50.169361910817976,Deficient,312.7,-41.19999999999999,377.63333333333327,395.36,27.884870943839797
North Interior Karnataka,1923,0.2,13.2,32.9,21.4,28.2,38.2,229.4,64.4,163.1,9.4,0.0,2.3,602.8,13.4,82.5,495.1,11.8,511.9340425531916,-3.2883225482006138,Normal,255.1,-57.599999999999994,307.23333333333323,336.06,24.126646987680154
North Interior Karnataka,1924,5.1,0.0,6.0,42.0,22.0,68.3,120.4,117.9,155.1,37.9,13.4,3.1,591.2,5.1,70.0,461.7,54.4,511.9340425531916,-9.81260052616487,Normal,495.1,240.00000000000003,354.2999999999999,376.62,27.028635088030008
North Interior Karnataka,1925,0.0,0.0,7.3,34.3,79.0,74.1,113.7,77.5,108.7,118.7,16.6,12.9,642.6,0.0,120.6,373.9,148.1,511.9340425531916,-26.963247426322383,Deficient,461.7,-33.400000000000034,403.9666666666665,375.7,26.829389367444257
North Interior Karnataka,1926,24.8,1.0,2.1,4.5,37.1,65.5,123.0,138.4,161.7,22.1,0.8,0.0,581.0,25.8,43.8,488.6,22.9,511.9340425531916,-4.5580173642715005,Normal,373.9,-87.80000000000001,443.5666666666666,379.69999999999993,26.365851525271687
North Interior Karnataka,1927,0.0,1.4,4.4,9.3,34.4,123.9,161.0,54.3,184.7,24.7,82.7,0.0,680.8,1.4,48.2,523.9,107.3,511.9340425531916,2.33740217531346,Normal,488.6,114.70000000000005,441.3999999999999,414.88,24.48330501031762
North Interior Karnataka,1928,0.5,28.4,13.2,18.2,20.5,153.6,130.2,73.4,210.7,102.6,0.3,17.0,768.5,28.9,51.9,567.8,119.9,511.9340425531916,10.912725625392213,Normal,523.9,35.299999999999955,462.1333333333332,468.64,12.246809726769888
North Interior Karnataka,1929,2.0,24.9,2.7,49.0,37.8,105.6,67.4,33.0,167.2,91.3,16.0,1.2,598.0,26.9,89.5,373.2,108.5,511.9340425531916,-27.09998379113002,Deficient,567.8,43.89999999999998,526.7666666666665,483.17999999999995,15.085382970180339
North Interior Karnataka,1930,0.0,0.3,3.1,9.5,56.2,94.1,61.0,61.1,189.4,130.8,22.8,4.3,632.7,0.3,68.9,405.6,157.9,511.9340425531916,-20.77104347717667,Deficient,373.2,-194.59999999999997,488.2999999999999,465.4799999999999,19.009691001883013
North Interior Karnataka,1931,0.0,0.1,4.5,30.6,33.1,114.1,134.9,70.1,195.1,51.7,65.6,19.4,719.2,0.1,68.2,514.2,136.7,511.9340425531916,0.4426268344076883,Normal,405.6,32.400000000000034,448.86666666666656,471.82,17.191439545060383
North Interior Karnataka,1932,0.0,1.9,0.6,24.8,46.5,49.9,165.3,160.4,113.9,146.8,98.5,0.1,808.8,1.9,71.9,489.5,245.4,511.9340425531916,-4.38221346666169,Normal,514.2,108.60000000000002,430.99999999999994,476.93999999999994,17.448168297004294
North Interior Karnataka,1933,0.1,2.8,13.6,50.1,84.1,113.2,131.6,158.9,149.4,160.7,52.3,30.4,947.3,3.0,147.8,553.2,243.4,511.9340425531916,8.060795730833007,Normal,489.5,-24.700000000000045,469.7666666666666,470.06000000000006,16.95793532601607
North Interior Karnataka,1934,1.2,0.0,0.3,29.5,9.9,70.8,212.3,98.9,67.5,58.9,41.8,0.0,591.2,1.2,39.7,449.5,100.7,511.9340425531916,-12.195720027097916,Normal,553.2,63.700000000000045,518.9666666666666,467.14,16.138000297902273
North Interior Karnataka,1935,13.9,0.4,0.1,30.1,13.1,120.8,106.8,204.3,80.5,131.7,11.5,1.7,714.9,14.3,43.3,512.4,144.9,511.9340425531916,0.0910190391880448,Normal,449.5,-103.70000000000005,497.3999999999999,482.4,11.842684114298942
North Interior Karnataka,1936,0.0,18.4,5.9,13.3,50.4,101.5,62.7,59.5,136.4,50.8,62.7,3.0,564.7,18.4,69.6,360.1,116.6,511.9340425531916,-29.658907189672878,Deficient,512.4,62.89999999999998,505.0333333333333,503.76000000000005,7.542916731313003
North Interior Karnataka,1937,0.0,14.0,12.8,63.4,16.4,54.4,124.8,36.6,109.6,113.5,0.0,6.9,552.4,14.0,92.5,325.4,120.5,511.9340425531916,-36.43712413085131,Deficient,360.1,-152.29999999999995,440.6666666666666,472.93999999999994,15.521758159187959
North Interior Karnataka,1938,0.0,4.9,43.4,15.6,45.6,119.0,142.1,190.4,200.9,44.2,8.0,1.0,815.1,4.9,104.6,652.4,53.2,511.9340425531916,27.43829200071484,Excess,325.4,-34.700000000000045,399.2999999999999,440.12,22.04744975647879
North Interior Karnataka,1939,0.0,0.0,5.5,11.1,12.9,87.9,113.2,157.8,115.8,122.1,27.6,0.0,653.9,0.0,29.5,474.7,149.7,511.9340425531916,-7.273210894023095,Normal,652.4,327.0,445.9666666666665,459.96000000000004,28.34076386042131
North Interior Karnataka,1940,2.0,0.0,0.1,31.0,64.5,122.7,118.3,138.0,111.9,115.2,18.6,14.4,736.8,2.0,95.6,491.0,148.2,511.9340425531916,-4.089206970645332,Normal,474.7,-177.7,484.1666666666666,465.0,28.029636793769043
North Interior Karnataka,1941,10.7,3.9,7.2,11.2,24.9,64.7,106.3,80.3,164.6,52.5,0.3,9.1,535.7,14.6,43.3,415.8,61.9,511.9340425531916,-18.778599304265438,Normal,491.0,16.30000000000001,539.3666666666667,460.71999999999997,27.9418447050633
North Interior Karnataka,1942,0.0,3.2,0.4,30.2,35.7,138.5,111.7,143.7,57.4,33.8,4.2,26.7,585.7,3.2,66.3,451.4,64.7,511.9340425531916,-11.8245784654772,Normal,415.8,-75.19999999999999,460.49999999999994,471.86,25.422959547985833
North Interior Karnataka,1943,6.7,0.8,3.1,31.6,117.8,115.6,128.8,71.8,200.9,174.1,28.0,0.0,879.2,7.5,152.4,517.2,202.0,511.9340425531916,1.0286398264404053,Normal,451.4,35.599999999999966,452.7333333333333,497.05999999999995,18.37143885617996
North Interior Karnataka,1944,0.0,3.2,30.3,12.3,44.8,92.6,174.6,28.0,140.5,158.8,37.1,0.0,722.1,3.2,87.4,435.7,195.8,511.9340425531916,-14.891379790448417,Normal,517.2,65.80000000000007,461.4666666666665,470.02,8.222529998107541
North Interior Karnataka,1945,0.3,0.0,0.0,11.2,21.3,69.7,191.9,95.7,92.8,57.6,3.5,0.0,544.0,0.3,32.5,450.1,61.1,511.9340425531916,-12.078517428691368,Normal,435.7,-81.50000000000006,468.0999999999999,462.21999999999997,8.937448960686186
North Interior Karnataka,1946,0.0,7.6,3.8,44.2,56.8,106.7,135.0,127.9,146.2,75.5,102.0,3.3,808.9,7.6,104.8,515.7,180.7,511.9340425531916,0.7356333304240468,Normal,450.1,14.400000000000034,467.6666666666666,454.03999999999996,8.39414300278599
North Interior Karnataka,1947,8.6,6.7,11.1,13.9,29.0,102.9,175.5,217.0,161.3,38.4,13.4,8.6,786.3,15.2,54.0,656.7,60.3,511.9340425531916,28.27824395596174,Excess,515.7,65.60000000000002,467.1666666666666,474.0200000000001,8.274688636075131
North Interior Karnataka,1948,0.9,0.0,7.9,40.1,38.2,72.6,110.3,147.3,155.9,79.0,126.3,0.1,778.3,0.9,86.1,486.0,205.3,511.9340425531916,-5.065895290699859,Normal,656.7,141.0,540.8333333333333,515.08,16.976468211730626
North Interior Karnataka,1949,0.0,1.5,6.4,15.2,72.9,82.5,114.1,100.5,265.4,94.1,10.7,0.0,763.3,1.5,94.5,562.6,104.8,511.9340425531916,9.896969772535517,Normal,486.0,-170.70000000000005,552.8,508.84000000000003,17.36531886854806
North Interior Karnataka,1950,0.0,6.8,4.0,8.2,51.9,94.9,122.6,120.8,180.4,109.8,7.0,0.0,706.5,6.8,64.0,518.8,116.9,511.9340425531916,1.3411800888578365,Normal,562.6,76.60000000000002,568.4333333333333,534.22,14.960797001253361
North Interior Karnataka,1951,0.0,0.0,4.5,17.3,63.8,117.6,179.0,64.8,149.0,101.2,10.4,0.8,708.4,0.0,85.6,510.4,112.4,511.9340425531916,-0.2996562888337664,Normal,518.8,-43.80000000000007,522.4666666666666,547.96,12.163256203793296
North Interior Karnataka,1952,0.0,8.0,0.1,32.1,98.3,52.9,132.0,64.7,85.2,141.6,0.0,13.7,628.5,8.0,130.4,334.8,155.3,511.9340425531916,-34.60095008914879,Deficient,510.4,-8.399999999999977,530.5999999999999,546.9,12.311169388384092
North Interior Karnataka,1953,0.0,0.0,0.1,38.9,5.8,127.8,192.4,91.6,186.2,248.3,0.0,0.0,891.2,0.0,44.8,598.0,248.4,511.9340425531916,16.81192307852157,Normal,334.8,-175.59999999999997,454.6666666666666,482.52,18.049282986056518
North Interior Karnataka,1954,0.0,0.0,16.9,19.7,44.9,80.1,216.4,152.7,78.2,62.8,0.2,11.4,683.3,0.0,81.5,527.4,74.3,511.9340425531916,3.0210839993516294,Normal,598.0,263.2,481.0666666666666,504.91999999999996,20.088864948505154
North Interior Karnataka,1955,0.1,0.0,10.0,30.7,92.4,128.7,140.7,223.3,197.2,132.0,12.0,0.0,967.1,0.1,133.1,690.0,143.9,511.9340425531916,34.78298816752489,Excess,527.4,-70.60000000000002,486.7333333333333,497.88,19.59845756435994
North Interior Karnataka,1956,0.0,2.8,1.1,30.2,64.0,96.8,314.1,117.9,144.9,164.6,100.1,2.4,1039.0,2.8,95.3,673.7,267.1,511.9340425531916,31.59898424414714,Excess,690.0,162.60000000000002,605.1333333333332,532.12,24.627738209749477
North Interior Karnataka,1957,0.0,0.9,5.5,25.5,70.0,115.4,146.6,188.8,87.8,174.3,23.1,0.0,837.8,0.9,101.0,538.6,197.3,511.9340425531916,5.208865836273781,Normal,673.7,-16.299999999999955,630.3666666666667,564.78,25.495308363851045
North Interior Karnataka,1958,2.0,0.2,7.3,46.0,100.3,55.2,174.8,179.7,71.2,83.7,31.0,0.5,752.0,2.2,153.6,480.9,115.3,511.9340425531916,-6.062117377155483,Normal,538.6,-135.10000000000002,634.0999999999999,605.54,12.364414662088217
North Interior Karnataka,1959,0.1,0.0,0.6,26.2,43.8,163.2,155.1,90.6,148.8,52.3,17.2,0.6,698.5,0.1,70.6,557.7,70.1,511.9340425531916,8.939815218882083,Normal,480.9,-57.700000000000045,564.4,582.12,16.105498970573723
North Interior Karnataka,1960,0.0,0.0,14.9,17.2,79.6,86.8,96.4,29.4,313.9,32.9,20.4,0.1,691.6,0.0,111.6,526.5,53.4,511.9340425531916,2.845280101741819,Normal,557.7,76.80000000000007,525.7333333333332,588.1800000000001,15.343221276330215
North Interior Karnataka,1961,0.1,0.6,6.4,32.1,102.1,99.9,245.4,78.4,33.1,144.9,5.6,0.0,748.6,0.6,140.6,456.9,150.6,511.9340425531916,-10.75022131341722,Normal,526.5,-31.200000000000045,521.6999999999999,555.48,12.940444872322507
North Interior Karnataka,1962,0.0,5.0,2.9,58.8,52.5,82.1,140.1,144.7,165.7,99.3,25.4,62.4,839.1,5.0,114.3,532.6,187.2,511.9340425531916,4.036839852208347,Normal,456.9,-69.60000000000002,513.6999999999999,512.1200000000001,8.174104332350172
North Interior Karnataka,1963,0.0,10.9,33.9,34.4,78.9,113.1,73.9,195.5,63.0,178.6,1.0,0.0,783.1,11.0,147.2,445.4,179.6,511.9340425531916,-12.996604449542634,Normal,532.6,75.70000000000005,505.33333333333326,510.91999999999996,8.022643718083291
North Interior Karnataka,1964,0.0,0.8,4.3,16.9,14.6,97.6,211.7,129.2,289.1,110.8,22.4,2.4,899.8,0.8,35.8,727.6,135.6,511.9340425531916,42.127684334334944,Excess,445.4,-87.20000000000005,478.2999999999999,503.82,9.854519125592457
North Interior Karnataka,1965,1.3,0.0,0.5,14.0,17.2,110.4,185.9,120.0,150.1,3.8,2.8,26.8,632.9,1.3,31.7,566.4,33.5,511.9340425531916,10.639252895776949,Normal,727.6,282.20000000000005,568.5333333333333,537.8,21.049616301435258
North Interior Karnataka,1966,13.4,0.3,5.5,10.6,82.9,68.9,145.5,80.7,160.6,54.8,92.0,8.4,723.6,13.7,98.9,455.8,155.2,511.9340425531916,-10.965092743829208,Normal,566.4,-161.20000000000005,579.8,545.78,20.816942459385515
North Interior Karnataka,1967,1.2,0.0,11.8,34.6,32.5,74.1,187.1,72.5,141.9,80.0,1.7,8.4,645.7,1.2,78.8,475.6,90.1,511.9340425531916,-7.097406996413273,Normal,455.8,-110.59999999999997,583.2666666666665,545.5600000000001,20.864927569289435
North Interior Karnataka,1968,1.9,15.8,2.7,41.2,32.2,92.4,162.3,47.6,202.5,98.5,29.9,0.3,727.3,17.7,76.1,504.8,128.7,511.9340425531916,-1.3935472072948314,Normal,475.6,19.80000000000001,499.2666666666666,534.1600000000001,22.132436069517773
North Interior Karnataka,1969,0.0,0.0,4.1,14.9,40.6,89.4,151.1,159.2,121.5,113.7,33.5,1.3,729.1,0.0,59.5,521.2,148.4,511.9340425531916,1.809990482484028,Normal,504.8,29.19999999999999,478.7333333333333,546.04,20.10011572088842
North Interior Karnataka,1970,0.4,0.2,1.0,31.5,76.5,80.7,131.5,199.9,173.2,95.7,0.0,0.0,790.8,0.6,109.1,585.3,95.7,511.9340425531916,14.33113474558306,Normal,521.2,16.400000000000034,500.5333333333333,504.76000000000005,8.473368833750113
North Interior Karnataka,1971,0.9,0.0,0.3,23.9,69.3,102.2,53.7,121.0,109.0,131.2,0.6,0.0,612.1,0.9,93.5,385.9,131.8,511.9340425531916,-24.61919545819152,Deficient,585.3,64.09999999999991,537.0999999999999,508.53999999999996,9.79903208252007
North Interior Karnataka,1972,0.0,2.4,1.3,19.5,45.9,79.4,100.8,40.7,126.3,47.2,34.4,1.4,499.4,2.4,66.8,347.3,83.0,511.9340425531916,-32.15922928901247,Deficient,385.9,-199.39999999999998,497.4666666666665,494.55999999999995,14.725505116503642
North Interior Karnataka,1973,0.0,0.0,0.2,10.1,29.7,136.2,101.3,154.0,100.6,212.5,5.6,0.5,750.8,0.0,40.0,492.1,218.7,511.9340425531916,-3.8743355402333295,Normal,347.3,-38.599999999999966,439.49999999999994,468.9,21.125255355637222
North Interior Karnataka,1974,0.0,0.0,5.0,23.9,83.9,93.3,98.9,92.2,242.5,176.9,0.5,0.0,817.3,0.0,112.8,527.0,177.5,511.9340425531916,2.9429489337472714,Normal,492.1,144.8,408.4333333333332,466.36,21.02742294323931
North Interior Karnataka,1975,8.2,1.1,5.6,7.2,59.6,104.2,238.6,109.6,214.8,323.1,21.6,0.1,1093.7,9.3,72.5,667.2,344.8,511.9340425531916,30.32928942807625,Excess,527.0,34.89999999999998,455.4666666666665,467.52,21.15525872545004
North Interior Karnataka,1976,0.0,0.0,5.5,35.1,11.1,82.5,131.6,147.9,74.1,15.6,57.9,0.1,561.3,0.0,51.7,436.1,73.6,511.9340425531916,-14.813244724844049,Normal,667.2,140.20000000000005,562.0999999999999,483.9,26.09645357143518
North Interior Karnataka,1977,0.0,1.2,10.7,34.8,75.0,170.3,144.4,135.9,70.5,134.2,72.3,0.6,849.9,1.2,120.4,521.2,207.1,511.9340425531916,1.809990482484028,Normal,436.1,-231.10000000000002,543.4333333333333,493.93999999999994,23.94697677886025
North Interior Karnataka,1978,0.5,13.2,0.8,35.1,76.9,102.0,165.9,160.3,204.8,85.9,55.1,4.3,904.9,13.7,112.9,633.0,145.2,511.9340425531916,23.64874131890327,Excess,521.2,85.10000000000002,541.4999999999999,528.72,16.147528565304984
North Interior Karnataka,1979,2.0,13.1,2.4,7.3,60.7,141.7,125.4,168.8,291.4,54.5,95.8,0.1,963.2,15.0,70.5,727.3,150.4,511.9340425531916,42.06908303513166,Excess,633.0,111.79999999999995,530.0999999999999,556.9,16.729111966367512
North Interior Karnataka,1980,0.1,0.0,1.6,51.5,20.1,149.1,126.0,171.6,125.9,19.8,22.6,3.4,691.7,0.1,73.2,572.5,45.9,511.9340425531916,11.830812646243478,Normal,727.3,94.29999999999995,627.1666666666666,596.9599999999999,19.61371776221334
North Interior Karnataka,1981,6.2,0.0,10.3,12.1,39.6,160.8,127.5,151.9,284.3,68.3,16.1,0.1,877.3,6.2,62.0,724.6,84.5,511.9340425531916,41.54167134230223,Excess,572.5,-154.79999999999995,644.2666666666665,578.02,19.090858144404805
North Interior Karnataka,1982,0.1,0.0,0.8,13.8,59.8,87.2,163.4,83.2,145.5,83.8,43.8,0.0,681.4,0.1,74.4,479.3,127.6,511.9340425531916,-6.374657639572925,Normal,724.6,152.10000000000002,674.7999999999998,635.72,14.375184581842035
North Interior Karnataka,1983,0.0,0.0,0.0,0.2,24.5,167.4,135.1,169.0,198.1,66.5,8.3,8.7,777.9,0.0,24.8,669.7,83.5,511.9340425531916,30.817633588103515,Excess,479.3,-245.3,592.1333333333332,627.3399999999999,16.795456897199156
North Interior Karnataka,1984,0.4,3.9,6.2,14.3,8.0,64.1,217.4,62.1,127.1,113.5,1.1,0.1,618.1,4.3,28.5,470.7,114.6,511.9340425531916,-8.054561550066717,Normal,669.7,190.40000000000003,624.5333333333332,634.68,16.87797877780672
North Interior Karnataka,1985,2.9,0.0,6.8,20.8,34.1,86.6,109.7,67.7,75.8,94.7,1.4,0.6,501.2,2.9,61.8,339.8,96.8,511.9340425531916,-33.62426176909426,Deficient,470.7,-199.00000000000006,539.9,583.36,19.36410081756536
North Interior Karnataka,1986,11.0,7.4,1.4,23.2,38.1,124.9,76.1,129.0,114.1,29.5,60.4,5.3,620.4,18.4,62.8,444.1,95.2,511.9340425531916,-13.250543412756802,Normal,339.8,-130.89999999999998,493.3999999999999,536.82,29.36762469728204
North Interior Karnataka,1987,0.4,0.9,0.5,2.0,44.9,124.0,83.1,166.6,109.3,119.7,68.9,26.8,747.4,1.4,47.5,483.1,215.5,511.9340425531916,-5.632374516331481,Normal,444.1,104.30000000000001,418.2,480.71999999999997,24.835541118738725
North Interior Karnataka,1988,1.3,1.6,1.5,38.3,34.5,77.2,170.6,219.5,214.2,16.1,2.0,18.8,795.4,2.9,74.3,681.4,36.9,511.9340425531916,33.10308425703109,Excess,483.1,39.0,422.33333333333326,481.48,24.7965043156088
North Interior Karnataka,1989,0.0,0.0,21.6,10.7,28.5,102.0,199.6,64.1,203.3,23.3,8.9,14.1,676.2,0.0,60.8,569.0,46.3,511.9340425531916,11.147130822205307,Normal,681.4,198.29999999999995,536.1999999999999,483.82,25.634772125948984
North Interior Karnataka,1990,4.8,0.0,0.1,7.8,127.3,129.7,96.2,170.0,64.2,95.6,23.3,0.0,719.0,4.8,135.1,460.1,119.0,511.9340425531916,-10.12514078858231,Normal,569.0,-112.39999999999998,577.8333333333334,503.48,25.644155581801677
North Interior Karnataka,1991,0.2,0.0,1.3,47.3,59.8,235.7,155.6,94.0,67.6,49.6,8.9,0.0,720.0,0.2,108.4,552.9,58.5,511.9340425531916,8.002194431629723,Normal,460.1,-108.89999999999998,570.1666666666666,527.5400000000001,18.687952385538146
North Interior Karnataka,1992,0.0,0.0,0.0,12.7,48.1,108.0,100.0,121.0,85.1,68.0,125.4,0.0,668.3,0.0,60.9,414.1,193.3,511.9340425531916,-19.110673333083973,Normal,552.9,92.79999999999995,527.3333333333334,549.3,15.815970484847877
North Interior Karnataka,1993,0.0,0.1,6.5,11.4,37.6,69.3,134.9,128.1,94.8,201.9,10.8,36.4,731.8,0.1,55.5,427.1,249.1,511.9340425531916,-16.571283700942196,Normal,414.1,-138.79999999999995,475.7,535.5,19.392112782597977
North Interior Karnataka,1994,4.2,0.3,0.2,35.3,16.8,101.8,146.0,95.9,38.1,200.3,4.2,0.0,643.0,4.5,52.3,381.7,204.5,511.9340425531916,-25.43961364703732,Deficient,427.1,13.0,464.7,484.64,14.830929453524405
North Interior Karnataka,1995,28.3,0.1,5.4,11.8,33.1,75.5,140.9,95.9,104.3,148.9,18.2,0.0,662.3,28.4,50.3,416.5,167.1,511.9340425531916,-18.6418629394578,Normal,381.7,-45.400000000000034,407.63333333333327,447.18,14.63358371116161
North Interior Karnataka,1996,0.0,0.0,0.5,20.5,25.1,138.5,98.2,165.2,199.5,154.2,7.5,2.6,811.8,0.0,46.1,601.4,164.3,511.9340425531916,17.476071136158648,Normal,416.5,34.80000000000001,408.4333333333332,438.46000000000004,15.095349227599254
North Interior Karnataka,1997,4.3,0.0,14.8,22.6,17.5,213.0,272.8,290.1,76.9,85.3,64.6,33.8,1095.6,4.3,54.9,852.7,183.7,511.9340425531916,66.56442610209925,Large Excess,601.4,184.89999999999998,466.5333333333333,448.16,19.48611305500344
North Interior Karnataka,1998,0.0,0.0,0.4,6.1,32.7,107.8,140.4,155.4,223.1,172.7,13.9,0.1,852.5,0.0,39.2,626.7,186.6,511.9340425531916,22.418114035634574,Excess,852.7,251.30000000000007,623.5333333333333,535.88,36.6775506349748
North Interior Karnataka,1999,0.0,3.4,0.6,3.9,89.0,93.2,130.5,89.5,97.5,152.9,0.3,0.0,660.8,3.4,93.5,410.7,153.2,511.9340425531916,-19.77482139072105,Normal,626.7,-226.0,693.5999999999999,575.8,32.83389785001383
North Interior Karnataka,2000,0.4,2.6,0.1,8.4,49.0,107.5,127.1,164.6,134.4,115.1,2.8,0.5,712.4,3.0,57.4,533.6,118.3,511.9340425531916,4.232177516219253,Normal,410.7,-216.00000000000006,630.0333333333333,581.6,31.28000169020952
North Interior Karnataka,2001,2.1,0.0,0.1,22.1,13.3,60.9,62.1,108.8,187.1,137.5,2.5,1.4,598.0,2.1,35.5,418.9,141.4,511.9340425531916,-18.173052545831634,Normal,533.6,122.90000000000003,523.6666666666666,605.02,26.739422191136736
North Interior Karnataka,2002,3.8,7.9,0.3,14.7,40.6,108.2,54.7,118.2,52.2,126.4,3.4,0.0,530.5,11.7,55.6,333.4,129.9,511.9340425531916,-34.87442281876407,Deficient,418.9,-114.70000000000005,454.3999999999999,568.52,32.03225569511041
North Interior Karnataka,2003,0.3,1.5,15.2,24.9,3.5,66.9,94.4,104.0,64.3,92.1,4.2,2.2,473.5,1.8,43.6,329.7,98.4,511.9340425531916,-35.59717217560441,Deficient,333.4,-85.5,428.63333333333327,464.66,24.829742936030367
North Interior Karnataka,2004,2.6,2.7,1.6,29.9,93.8,106.1,111.7,92.8,134.6,61.6,4.3,0.2,641.9,5.3,125.3,445.2,66.1,511.9340425531916,-13.035671982344812,Normal,329.7,-3.6999999999999886,360.6666666666667,405.26,20.482155088625383
North Interior Karnataka,2005,5.8,0.8,5.5,52.5,34.5,98.7,219.4,123.3,159.7,102.3,5.0,0.1,807.5,6.6,92.6,601.0,107.4,511.9340425531916,17.39793607055429,Normal,445.2,115.5,369.43333333333334,412.15999999999997,20.618609939806966
North Interior Karnataka,2006,0.0,0.0,16.8,12.1,79.0,130.2,113.9,89.1,136.8,43.6,29.0,0.0,650.6,0.0,107.9,470.0,72.6,511.9340425531916,-8.19129791487435,Normal,601.0,155.8,458.6333333333334,425.64,25.974417329505528
North Interior Karnataka,2007,11.7,6.8,7.7,27.0,38.9,215.5,117.2,143.4,205.4,40.5,13.5,9.2,836.9,18.5,73.7,681.5,63.2,511.9340425531916,33.1226180234322,Excess,470.0,-131.0,505.3999999999999,435.85999999999996,25.72600849536905
North Interior Karnataka,2008,0.4,9.2,109.2,22.8,29.2,71.6,80.6,147.7,152.5,54.1,29.8,5.3,712.4,9.6,161.3,452.3,89.2,511.9340425531916,-11.648774567867378,Normal,681.5,211.5,584.1666666666666,505.48,27.250962479632097
North Interior Karnataka,2009,0.3,0.0,9.9,17.4,63.1,112.0,134.9,135.4,215.6,168.6,42.3,13.9,913.5,0.3,90.4,597.9,224.9,511.9340425531916,16.792389312120477,Normal,452.3,-229.2,534.6,530.0,19.972743085468526
North Interior Karnataka,2010,9.6,2.5,0.5,15.5,39.5,110.1,193.5,207.5,119.2,82.1,71.9,1.2,853.2,12.1,55.6,630.4,155.2,511.9340425531916,23.140863392474916,Excess,597.9,145.59999999999997,577.2333333333333,560.54,17.29128586139077
North Interior Karnataka,2011,0.5,7.2,7.2,41.2,46.8,101.3,150.8,152.0,69.0,73.4,5.7,0.0,655.2,7.7,95.2,473.1,79.2,511.9340425531916,-7.585751156440537,Normal,630.4,32.5,560.1999999999999,566.42,17.79717886478486
North Interior Karnataka,2012,28.5,6.2,0.4,35.4,19.5,60.0,114.5,105.5,79.2,85.2,46.5,2.9,583.8,34.7,55.3,359.3,134.5,511.9340425531916,-29.8151773208816,Deficient,473.1,-157.29999999999995,567.1333333333333,567.04,17.648201858314938
North Interior Karnataka,2013,1.2,6.1,3.0,25.4,47.4,99.4,160.7,73.9,201.0,101.0,4.2,0.1,723.2,7.3,75.7,534.9,105.2,511.9340425531916,4.486116479433422,Normal,359.3,-113.80000000000001,487.59999999999997,502.6,22.099976028078697
North Interior Karnataka,2014,0.0,6.1,29.2,26.4,93.0,50.4,136.8,205.2,90.2,80.3,25.0,14.1,756.8,6.1,148.7,482.5,119.5,511.9340425531916,-5.749577114738029,Normal,534.9,175.59999999999997,455.7666666666667,519.1200000000001,20.76936186497781
North Interior Karnataka,2015,2.4,0.0,27.5,50.8,45.3,89.6,38.5,78.4,150.8,61.2,5.7,1.7,551.9,2.4,123.6,357.2,68.6,511.9340425531916,-30.225386415304506,Deficient,482.5,-52.39999999999998,458.90000000000003,496.03999999999996,19.89844470126304
North Interior Karnataka,2016,0.3,0.4,6.1,11.0,50.0,136.8,162.6,70.0,155.0,28.7,3.1,1.0,625.0,0.7,67.2,524.3,32.8,511.9340425531916,2.4155372409178177,Normal,357.2,-125.30000000000001,458.20000000000005,441.4,18.005673019909374
North Interior Karnataka,2017,0.0,0.0,10.7,9.9,44.8,131.3,76.8,105.8,206.6,147.9,4.9,0.9,739.6,0.0,65.5,520.5,153.7,511.9340425531916,1.673254117676385,Normal,524.3,167.09999999999997,454.6666666666667,451.64,19.368975945301923
Orissa,1901,39.5,65.1,16.1,51.6,79.0,78.2,288.4,307.7,185.3,76.6,96.7,0.0,1284.2,104.6,146.7,859.6,173.3,1127.457446808511,-23.75765467395099,Deficient,,,,,
Orissa,1902,3.4,0.2,14.2,101.1,56.7,108.3,437.4,349.1,202.7,33.2,13.0,29.6,1349.0,3.5,172.1,1097.6,75.8,1127.457446808511,-2.6482105283022537,Normal,859.6,,,,
Orissa,1903,19.7,18.9,10.5,34.6,73.3,154.3,410.4,295.2,265.6,228.5,46.2,11.0,1568.3,38.6,118.5,1125.5,285.7,1127.457446808511,-0.1736160255140098,Normal,1097.6,237.9999999999999,,,
Orissa,1904,0.2,12.2,20.6,10.1,100.2,342.9,336.7,350.4,227.8,111.8,0.0,1.9,1514.8,12.4,130.9,1257.8,113.7,1127.457446808511,11.560751455449552,Normal,1125.5,27.90000000000009,1027.5666666666666,,
Orissa,1905,24.3,17.2,66.3,56.9,107.5,92.0,330.1,281.4,344.1,36.4,0.7,0.4,1357.3,41.5,230.7,1047.6,37.5,1127.457446808511,-7.082967701757872,Normal,1257.8,132.29999999999995,1160.3,,
Orissa,1906,19.8,88.3,40.9,5.0,46.3,219.0,348.8,261.8,251.7,86.2,13.0,27.4,1408.2,108.1,92.2,1081.3,126.7,1127.457446808511,-4.093941366848782,Normal,1047.6,-210.20000000000005,1143.6333333333332,1077.62,13.414753219259163
Orissa,1907,0.1,16.9,57.4,105.1,39.8,226.3,203.9,531.8,204.8,15.9,14.0,31.2,1447.1,17.0,202.3,1166.8,61.1,1127.457446808511,3.4894933997603275,Normal,1081.3,33.700000000000045,1128.8999999999999,1121.9599999999998,7.219108722357053
Orissa,1908,36.2,0.6,12.2,9.9,59.3,218.7,327.2,507.3,213.9,45.3,0.0,0.0,1430.6,36.8,81.4,1267.1,45.3,1127.457446808511,12.385616289712296,Normal,1166.8,85.5,1098.5666666666666,1135.8,7.1933052097738175
Orissa,1909,5.7,11.9,4.8,148.4,53.1,288.2,452.7,234.3,234.0,42.3,1.8,58.1,1535.5,17.7,206.3,1209.2,102.2,1127.457446808511,7.250167482850702,Normal,1267.1,100.29999999999995,1171.7333333333333,1164.12,8.571267794876354
Orissa,1910,10.6,0.6,2.1,52.7,60.6,258.8,381.8,368.7,237.9,216.2,8.5,0.0,1598.5,11.2,115.5,1247.1,224.7,1127.457446808511,10.611713420330048,Normal,1209.2,-57.899999999999864,1214.3666666666666,1154.4,7.821235590367552
Orissa,1911,0.0,2.7,26.2,18.6,56.6,351.6,172.2,406.2,270.0,92.3,15.0,5.9,1417.3,2.7,101.4,1200.0,113.2,1127.457446808511,6.434172162934863,Normal,1247.1,37.899999999999864,1241.1333333333334,1194.3,6.186322741366849
Orissa,1912,1.0,62.5,10.4,49.3,39.6,113.0,388.4,405.6,216.4,64.5,46.5,0.0,1397.2,63.5,99.3,1123.4,111.0,1127.457446808511,-0.3598758267991377,Normal,1200.0,-47.09999999999991,1218.7666666666667,1218.04,3.253158976872752
Orissa,1913,1.2,56.3,9.6,12.3,87.1,230.0,448.0,356.4,166.3,149.7,25.7,1.7,1544.3,57.5,108.9,1200.7,177.1,1127.457446808511,6.496258763363246,Normal,1123.4,-76.59999999999991,1190.1666666666667,1209.36,4.57315471356625
Orissa,1914,0.0,20.2,12.7,64.6,175.0,255.8,397.7,309.7,342.2,12.9,1.0,6.8,1598.5,20.2,252.3,1305.3,20.7,1127.457446808511,15.773770770232392,Normal,1200.7,77.29999999999995,1174.7,1196.0800000000002,3.7609587117855225
Orissa,1915,15.4,21.4,37.3,25.2,74.5,165.1,239.4,313.0,270.8,149.2,125.6,0.0,1437.1,36.9,137.1,988.3,274.8,1127.457446808511,-12.342589709476233,Normal,1305.3,104.59999999999991,1209.8,1215.3,5.520421195500475
Orissa,1916,0.0,4.9,0.8,33.8,45.5,339.6,250.7,334.7,197.6,216.1,55.8,0.0,1479.4,5.0,80.1,1122.5,271.9,1127.457446808511,-0.4397014559213469,Normal,988.3,-317.0,1164.7666666666667,1163.54,10.089470899788116
Orissa,1917,0.0,68.5,24.0,26.0,95.1,336.3,319.0,319.4,280.6,364.4,16.4,0.3,1850.1,68.5,145.2,1255.4,381.1,1127.457446808511,11.347883111123696,Normal,1122.5,134.20000000000005,1138.7,1148.04,10.14689559658074
Orissa,1918,10.8,0.3,19.3,28.5,127.7,363.3,216.5,324.8,190.1,7.5,5.1,3.6,1297.4,11.1,175.5,1094.7,16.1,1127.457446808511,-2.9054264443626674,Normal,1255.4,132.9000000000001,1122.0666666666666,1174.44,10.576259931042403
Orissa,1919,59.8,56.6,29.5,30.2,72.0,332.3,354.7,492.2,138.3,89.8,99.7,2.8,1758.1,116.4,131.7,1317.6,192.4,1127.457446808511,16.864721034902473,Normal,1094.7,-160.70000000000005,1157.5333333333333,1153.24,11.065239611108064
Orissa,1920,3.3,18.2,50.7,26.9,51.2,173.2,561.4,303.9,167.2,44.9,1.6,0.0,1402.6,21.5,128.8,1205.8,46.5,1127.457446808511,6.94860399505571,Normal,1317.6,222.89999999999986,1222.5666666666668,1155.7,11.3642871298612
Orissa,1921,48.7,1.1,1.7,26.4,19.5,210.2,321.9,289.1,338.2,62.9,4.4,0.0,1324.0,49.7,47.7,1159.4,67.2,1127.457446808511,2.833149338088908,Normal,1205.8,-111.79999999999995,1206.0333333333335,1199.2,7.690758155380874
Orissa,1922,20.0,0.2,1.9,13.9,46.6,247.0,431.8,295.4,328.8,50.9,30.0,0.1,1466.5,20.2,62.4,1302.9,81.0,1127.457446808511,15.560902425906535,Normal,1159.4,-46.399999999999864,1227.6000000000001,1206.5800000000002,7.111728538364587
Orissa,1923,0.2,66.3,9.6,17.1,34.4,106.7,288.7,333.0,210.5,112.6,74.8,4.7,1258.6,66.4,61.1,939.0,192.1,1127.457446808511,-16.71526028250347,Normal,1302.9,143.5,1222.7,1216.08,7.789820068756223
Orissa,1924,30.2,5.9,1.3,15.7,83.9,95.3,228.5,312.4,232.0,106.0,152.3,0.0,1263.4,36.1,100.8,868.1,258.3,1127.457446808511,-23.003745954463536,Deficient,939.0,-363.9000000000001,1133.7666666666667,1184.94,12.874148543883907
Orissa,1925,2.0,0.0,6.0,52.2,111.8,353.5,433.7,429.9,201.5,201.8,4.8,10.7,1807.8,2.0,170.0,1418.6,217.2,1127.457446808511,25.82293052528282,Excess,868.1,-70.89999999999998,1036.6666666666667,1095.0400000000002,16.805645323247916
Orissa,1926,34.8,11.3,83.2,34.1,59.2,71.7,296.5,565.3,288.9,88.1,0.0,2.6,1535.8,46.1,176.5,1222.4,90.7,1127.457446808511,8.420943376642988,Normal,1418.6,550.4999999999999,1075.2333333333333,1137.6,20.560627812774026
Orissa,1927,3.0,27.2,8.1,12.6,51.6,241.8,454.5,431.5,181.0,92.2,22.1,0.0,1525.5,30.2,72.2,1308.8,114.3,1127.457446808511,16.084203772374288,Normal,1222.4,-196.19999999999982,1169.7,1150.2,20.608713304739513
Orissa,1928,4.6,4.6,6.3,62.8,68.8,266.7,468.8,266.1,226.5,208.0,1.7,0.6,1585.6,9.3,137.9,1228.2,210.3,1127.457446808511,8.935375208763837,Normal,1308.8,86.39999999999986,1316.6000000000001,1151.38,20.67122339222067
Orissa,1929,18.0,18.8,4.5,25.0,37.8,193.4,525.0,423.4,190.9,185.7,0.0,15.3,1637.8,36.8,67.2,1332.7,201.1,1127.457446808511,18.20401770128608,Normal,1228.2,-80.59999999999991,1253.1333333333334,1209.22,17.081326957317295
Orissa,1930,0.2,12.1,9.9,33.4,38.0,177.5,357.5,333.7,287.5,50.5,143.1,2.7,1446.4,12.4,81.4,1156.3,196.3,1127.457446808511,2.558194393334648,Normal,1332.7,104.5,1289.9,1302.1399999999999,6.23506479260489
Orissa,1931,7.4,36.8,20.7,18.6,44.3,108.0,239.9,511.0,197.0,233.4,59.5,0.4,1477.2,44.2,83.6,1055.9,293.4,1127.457446808511,-6.346798010964223,Normal,1156.3,-176.4000000000001,1239.0666666666668,1249.68,5.7023941924690735
Orissa,1932,0.2,34.0,9.9,26.9,67.4,116.5,474.7,271.0,246.3,57.3,136.0,0.0,1440.2,34.3,104.1,1108.6,193.3,1127.457446808511,-1.6725639501420173,Normal,1055.9,-100.39999999999986,1181.6333333333334,1216.3799999999999,9.335124899173476
Orissa,1933,17.8,57.4,7.9,25.5,136.5,288.6,404.8,448.6,294.7,138.1,20.0,11.1,1851.0,75.2,169.9,1436.7,169.2,1127.457446808511,27.42831262207377,Excess,1108.6,52.69999999999982,1106.9333333333334,1176.34,9.17885542673167
Orissa,1934,0.1,1.4,4.2,11.0,21.0,230.6,371.8,425.4,300.1,102.6,17.4,3.3,1488.9,1.5,36.2,1327.9,123.3,1127.457446808511,17.778281012634345,Normal,1436.7,328.10000000000014,1200.4,1218.04,13.176679022014486
Orissa,1935,1.1,10.2,12.4,42.1,16.2,135.5,531.3,212.8,237.8,17.5,0.1,2.3,1219.4,11.3,70.7,1117.5,19.9,1127.457446808511,-0.8831771732669089,Normal,1327.9,-108.79999999999995,1291.0666666666668,1217.0800000000002,13.117631169875787
Orissa,1936,16.8,42.9,11.7,7.9,155.3,477.6,360.1,384.9,247.3,154.4,11.5,5.5,1876.0,59.7,174.9,1469.9,171.4,1127.457446808511,30.372991385248305,Excess,1117.5,-210.4000000000001,1294.0333333333335,1209.3200000000002,13.579732101766357
Orissa,1937,0.0,89.0,28.4,66.9,64.9,235.2,430.6,290.0,285.8,75.5,0.8,0.3,1567.3,89.0,160.2,1241.6,76.5,1127.457446808511,10.12389013124993,Normal,1469.9,352.4000000000001,1305.1000000000001,1292.1200000000001,13.290351485878018
Orissa,1938,11.0,16.8,14.0,14.5,119.6,229.6,267.2,339.8,226.4,179.0,23.7,0.0,1441.6,27.8,148.1,1063.0,202.7,1127.457446808511,-5.717062492333534,Normal,1241.6,-228.30000000000018,1276.3333333333335,1318.72,10.942821045602242
Orissa,1939,8.1,10.9,34.9,26.3,19.1,196.9,411.9,410.1,242.1,181.2,19.3,2.8,1563.4,18.9,80.2,1260.9,203.3,1127.457446808511,11.835706400203817,Normal,1063.0,-178.5999999999999,1258.1666666666667,1243.98,13.137767455405678
Orissa,1940,0.0,35.3,70.1,29.1,133.1,286.2,532.6,395.9,133.3,58.3,3.3,10.5,1687.7,35.3,232.3,1348.0,72.1,1127.457446808511,19.56105339636349,Excess,1260.9,197.9000000000001,1188.5000000000002,1230.58,12.796259445955851
Orissa,1941,28.3,1.4,8.2,14.5,62.3,288.2,356.5,272.4,186.0,155.9,61.5,0.1,1435.2,29.7,85.0,1103.0,217.5,1127.457446808511,-2.1692567535690386,Normal,1348.0,87.09999999999991,1223.966666666667,1276.6799999999998,11.72042113830432
Orissa,1942,4.7,18.6,2.5,37.6,29.6,156.8,423.8,379.8,256.4,62.7,75.4,0.1,1448.3,23.4,69.8,1216.9,138.3,1127.457446808511,7.93312008756287,Normal,1103.0,-245.0,1237.3000000000002,1203.3,9.786178049241864
Orissa,1943,63.9,4.1,11.9,68.9,54.6,200.3,413.3,382.9,294.7,71.8,20.1,0.0,1586.5,68.0,135.3,1291.2,92.0,1127.457446808511,14.523169247317917,Normal,1216.9,113.90000000000009,1222.6333333333334,1198.3600000000001,9.701360837503039
Orissa,1944,35.1,72.9,75.3,46.7,32.9,121.9,491.4,415.9,151.5,155.9,8.7,0.0,1608.1,108.0,154.8,1180.6,164.6,1127.457446808511,4.713486379634075,Normal,1291.2,74.29999999999995,1203.7,1244.0,7.4051973133968625
Orissa,1945,20.3,4.7,0.1,50.6,58.0,152.6,387.1,270.3,405.9,176.1,2.5,10.4,1538.6,25.0,108.7,1215.9,189.0,1127.457446808511,7.844424944093759,Normal,1180.6,-110.60000000000014,1229.5666666666668,1227.94,7.767460687176491
Orissa,1946,0.0,2.6,5.2,104.2,83.7,249.7,345.5,399.2,248.0,143.2,33.3,0.3,1614.9,2.6,193.1,1242.3,176.8,1127.457446808511,10.185976731678313,Normal,1215.9,35.30000000000018,1229.2333333333333,1201.52,5.679911353821056
Orissa,1947,21.8,19.3,14.7,17.3,38.5,210.9,341.5,374.9,173.3,127.1,10.3,61.3,1410.9,41.1,70.4,1100.7,198.6,1127.457446808511,-2.373255583547993,Normal,1242.3,26.399999999999864,1212.9333333333334,1229.38,3.330445214141528
Orissa,1948,14.0,36.1,13.5,28.5,60.7,164.8,289.4,312.4,257.6,82.5,74.2,0.2,1333.8,50.1,102.7,1024.1,156.9,1127.457446808511,-9.167303573282014,Normal,1100.7,-141.5999999999999,1186.3000000000002,1206.1399999999999,5.922040286592735
Orissa,1949,0.9,3.1,8.7,35.1,78.1,140.7,248.9,307.1,303.1,222.1,1.1,0.0,1348.9,4.0,121.8,999.8,223.3,1127.457446808511,-11.32259555958144,Normal,1024.1,-76.60000000000014,1122.3666666666668,1152.72,7.764458779207565
Orissa,1950,0.0,21.2,69.7,7.7,49.4,199.4,326.9,327.4,197.9,55.1,138.1,0.0,1392.8,21.2,126.8,1051.6,193.2,1127.457446808511,-6.728187127881423,Normal,999.8,-24.299999999999955,1041.5333333333333,1116.56,9.822360552146465
Orissa,1951,2.2,0.0,89.7,37.1,48.0,172.5,339.1,349.5,165.5,155.6,37.1,0.0,1396.2,2.2,174.8,1026.6,192.6,1127.457446808511,-8.945565714609232,Normal,1051.6,51.799999999999955,1025.1666666666667,1083.7,8.88262668105148
Orissa,1952,0.3,9.5,26.2,53.2,44.4,187.1,356.4,352.0,307.9,176.6,2.2,1.1,1516.7,9.8,123.7,1203.4,179.9,1127.457446808511,6.735735650729853,Normal,1026.6,-25.0,1026.0,1040.56,3.680187182750198
Orissa,1953,39.9,5.9,0.2,13.8,23.7,182.8,318.9,512.1,231.5,59.2,49.8,0.0,1437.7,45.8,37.7,1245.3,109.0,1127.457446808511,10.45206216208565,Normal,1203.4,176.80000000000018,1093.8666666666666,1061.1,7.693342900618369
Orissa,1954,0.6,6.2,8.6,19.2,50.2,163.2,211.7,271.9,344.0,118.2,0.0,14.2,1208.0,6.8,78.1,990.8,132.4,1127.457446808511,-12.120851850803453,Normal,1245.3,41.899999999999864,1158.4333333333334,1105.3399999999997,10.057147860072455
Orissa,1955,0.1,0.2,8.4,29.6,76.5,201.7,238.0,355.9,371.4,262.7,52.3,0.3,1597.0,0.3,114.4,1167.0,315.3,1127.457446808511,3.5072324284541545,Normal,990.8,-254.5,1146.5000000000002,1103.54,10.271775931055318
Orissa,1956,1.4,37.9,18.2,11.9,118.1,345.2,470.0,434.5,249.8,191.7,6.7,0.0,1885.4,39.3,148.2,1499.5,198.4,1127.457446808511,32.99836763193402,Excess,1167.0,176.20000000000005,1134.3666666666668,1126.62,9.929913510296656
Orissa,1957,12.3,26.6,30.4,12.4,33.6,153.5,349.2,415.4,194.5,49.5,0.1,0.0,1277.5,39.0,76.3,1112.7,49.6,1127.457446808511,-1.3089138619186445,Normal,1499.5,332.5,1219.1000000000001,1221.2,15.008417999632739
Orissa,1958,11.5,42.8,16.0,32.8,39.0,125.2,404.1,319.1,364.2,217.4,51.8,0.1,1624.0,54.3,87.8,1212.6,269.3,1127.457446808511,7.551730970645671,Normal,1112.7,-386.79999999999995,1259.7333333333333,1203.06,15.781050453222278
Orissa,1959,28.5,2.4,2.7,22.2,47.1,202.7,357.4,341.6,316.5,170.5,1.5,2.7,1495.9,30.9,72.1,1218.2,174.7,1127.457446808511,8.048423774072711,Normal,1212.6,99.89999999999986,1274.9333333333334,1196.52,15.762020167276553
Orissa,1960,5.4,0.8,51.6,12.4,42.7,211.4,444.1,461.7,214.6,130.8,3.6,13.9,1593.0,6.2,106.8,1331.8,148.2,1127.457446808511,18.124192072163872,Normal,1218.2,5.600000000000136,1181.1666666666667,1242.0,12.082697395965624
Orissa,1961,15.9,116.2,3.2,15.9,59.7,324.8,406.2,327.9,483.2,178.2,11.3,2.7,1945.3,132.1,78.9,1542.1,192.2,1127.457446808511,36.7767807437182,Excess,1331.8,113.59999999999991,1254.2,1274.96,11.573162061619028
Orissa,1962,8.3,5.1,19.8,35.9,34.1,192.7,379.0,263.2,237.3,164.0,2.5,4.7,1346.5,13.4,89.8,1072.2,171.2,1127.457446808511,-4.901067172417696,Normal,1542.1,210.29999999999995,1364.0333333333335,1283.48,12.782889589203862
Orissa,1963,0.2,6.9,9.1,47.0,90.0,218.7,310.6,361.9,306.9,204.9,3.9,2.0,1562.0,7.0,146.1,1198.1,210.8,1127.457446808511,6.265651390343541,Normal,1072.2,-469.89999999999986,1315.3666666666668,1275.3799999999999,13.739074111985333
Orissa,1964,1.7,28.3,11.9,33.2,48.8,142.5,372.4,427.9,195.5,84.1,8.2,0.0,1354.7,30.0,94.0,1138.3,92.3,1127.457446808511,0.9616818108906248,Normal,1198.1,125.89999999999986,1270.8,1272.48,13.881433429296633
Orissa,1965,10.6,17.3,59.1,37.9,37.6,123.1,392.9,187.3,222.9,83.9,1.0,1.0,1174.7,27.8,134.7,926.2,85.9,1127.457446808511,-17.850558118908104,Normal,1138.3,-59.799999999999955,1136.2,1256.5,14.813810471998135
Orissa,1966,49.9,3.6,0.9,28.0,37.9,306.3,340.2,211.0,155.9,78.9,63.4,10.9,1286.8,53.5,66.8,1013.4,153.2,1127.457446808511,-10.11634160840151,Normal,926.2,-212.0999999999999,1087.5333333333335,1175.3799999999999,19.452733326587335
Orissa,1967,70.9,0.4,87.7,40.9,25.7,233.3,315.3,340.7,281.8,18.3,1.8,10.7,1427.5,71.4,154.3,1171.0,30.8,1127.457446808511,3.862013002330604,Normal,1013.4,87.19999999999993,1025.9666666666667,1069.6399999999999,9.91171629099224
Orissa,1968,33.4,29.7,20.7,26.5,45.7,186.7,311.6,335.4,236.6,191.6,45.5,0.7,1464.1,63.1,92.9,1070.3,237.8,1127.457446808511,-5.069587945009017,Normal,1171.0,157.60000000000002,1036.8666666666668,1089.4,10.593688916864572
Orissa,1969,0.7,1.0,4.0,27.3,80.7,158.6,432.5,293.5,197.7,41.8,38.9,6.4,1283.2,1.7,112.1,1082.3,87.1,1127.457446808511,-4.005246223379669,Normal,1070.3,-100.70000000000005,1084.9000000000003,1063.84,9.228951366656885
Orissa,1970,4.6,27.5,47.2,32.3,60.8,307.9,307.8,348.8,205.9,66.9,2.4,0.2,1412.3,32.1,140.2,1170.5,69.5,1127.457446808511,3.817665430596048,Normal,1082.3,12.0,1107.8666666666668,1052.6399999999999,8.593038614208098
Orissa,1971,16.1,23.5,1.9,76.9,82.2,290.8,290.9,411.0,171.5,229.9,2.1,0.0,1596.8,39.6,161.0,1164.2,232.1,1127.457446808511,3.2588860267406434,Normal,1170.5,88.20000000000005,1107.7,1101.5,6.206511160586612
Orissa,1972,0.0,22.0,2.6,25.9,16.3,133.9,333.9,383.4,282.7,83.1,40.9,0.3,1324.9,22.0,44.8,1133.8,124.4,1127.457446808511,0.562553665279619,Normal,1164.2,-6.2999999999999545,1139.0,1131.6599999999999,4.487661197066617
Orissa,1973,1.7,5.7,33.4,8.7,67.5,103.2,434.9,380.9,266.5,244.7,13.3,13.0,1573.5,7.3,109.7,1185.4,271.0,1127.457446808511,5.13922306828583,Normal,1133.8,-30.40000000000009,1156.1666666666667,1124.2199999999998,4.099614510263015
Orissa,1974,0.0,1.3,27.4,12.1,44.8,128.9,223.3,306.5,131.7,103.0,8.0,0.0,987.0,1.3,84.3,790.4,111.1,1127.457446808511,-29.895358602013573,Deficient,1185.4,51.600000000000136,1161.1333333333334,1147.2400000000002,3.5628000206387047
Orissa,1975,1.8,17.7,21.5,18.2,18.4,193.3,279.5,437.0,251.7,135.1,17.5,0.3,1392.0,19.5,58.1,1161.4,153.0,1127.457446808511,3.010539625027133,Normal,790.4,-395.0000000000001,1036.5333333333335,1088.8600000000001,15.419626737757927
Orissa,1976,0.0,10.1,10.5,25.9,57.9,108.1,347.8,374.1,172.6,36.8,32.8,2.4,1178.8,10.1,94.3,1002.5,72.0,1127.457446808511,-11.083118672214834,Normal,1161.4,371.0000000000001,1045.7333333333336,1087.0400000000002,15.347908941819258
Orissa,1977,4.9,5.0,5.4,50.7,124.9,181.4,355.4,335.7,256.6,61.5,87.0,9.4,1477.9,9.9,181.1,1129.1,157.8,1127.457446808511,0.1456864909747867,Normal,1002.5,-158.9000000000001,984.7666666666669,1054.7,15.529162794596314
Orissa,1978,4.0,31.0,45.3,28.7,37.4,183.5,336.2,462.1,199.0,80.1,21.8,9.8,1439.0,35.0,111.5,1180.8,111.7,1127.457446808511,4.7312254083279015,Normal,1129.1,126.59999999999991,1097.6666666666667,1053.76,15.49035494836385
Orissa,1979,6.7,14.9,3.2,22.7,25.1,198.5,240.2,251.8,171.7,46.5,7.3,7.4,995.9,21.5,50.9,862.2,61.2,1127.457446808511,-23.527047300931297,Deficient,1180.8,51.700000000000045,1104.1333333333334,1052.84,15.416788714478955
Orissa,1980,10.8,9.2,41.7,23.2,59.9,325.5,367.6,228.1,302.1,86.6,3.0,5.2,1462.9,20.0,124.8,1223.3,94.8,1127.457446808511,8.500769005765177,Normal,862.2,-318.5999999999999,1057.3666666666668,1067.2,12.55598588077329
Orissa,1981,25.8,13.6,67.1,45.7,85.0,189.2,238.3,348.1,257.1,18.8,0.4,6.5,1295.7,39.4,197.8,1032.7,25.7,1127.457446808511,-8.404525339447636,Normal,1223.3,361.0999999999999,1088.7666666666667,1079.58,13.625268432901219
Orissa,1982,5.5,32.3,80.1,51.8,38.2,191.4,223.2,466.4,129.8,33.8,6.1,0.0,1258.5,37.8,170.1,1010.7,39.8,1127.457446808511,-10.355818495768109,Normal,1032.7,-190.5999999999999,1039.4,1085.6200000000001,13.238581725202303
Orissa,1983,1.9,55.0,22.1,47.6,67.6,153.0,273.1,379.5,324.6,100.7,2.0,5.0,1432.0,56.9,137.3,1130.1,107.7,1127.457446808511,0.2343816344438991,Normal,1010.7,-22.0,1088.9000000000003,1061.94,13.608827915421074
Orissa,1984,9.3,6.7,3.4,46.0,34.6,302.6,369.5,422.3,127.3,55.4,0.0,0.3,1377.6,16.0,84.1,1221.8,55.7,1127.457446808511,8.367726290561508,Normal,1130.1,119.39999999999986,1057.8333333333335,1051.8,12.891823731860407
Orissa,1985,24.2,35.0,4.7,16.4,52.9,195.4,305.7,460.9,335.2,175.8,1.1,0.0,1607.3,59.2,74.0,1297.2,176.9,1127.457446808511,15.055340108132592,Normal,1221.8,91.70000000000005,1120.8666666666668,1123.7199999999998,8.969341760444555
Orissa,1986,25.8,35.8,12.6,41.9,74.5,291.7,348.7,301.8,183.0,134.9,92.2,17.0,1560.0,61.6,129.1,1125.2,244.1,1127.457446808511,-0.2002245685547394,Normal,1297.2,75.40000000000009,1216.3666666666668,1138.5,10.732546018330053
Orissa,1987,10.6,3.6,18.4,30.3,55.3,112.3,338.8,190.3,150.2,83.9,102.3,1.7,1097.6,14.1,104.0,791.6,187.9,1127.457446808511,-29.78892442985063,Deficient,1125.2,-172.0,1214.7333333333336,1157.0,9.3681987473915
Orissa,1988,0.1,49.4,23.7,55.1,58.9,247.9,286.1,268.6,252.5,63.0,1.6,0.0,1306.9,49.5,137.7,1055.1,64.6,1127.457446808511,-6.41775412573953,Normal,791.6,-333.6,1071.3333333333335,1113.1799999999998,17.367371985429788
Orissa,1989,0.0,0.1,12.9,5.0,81.2,332.5,271.7,369.9,196.1,28.6,0.0,1.7,1299.7,0.1,99.2,1170.2,30.2,1127.457446808511,3.791056887555318,Normal,1055.1,263.4999999999999,990.6333333333336,1098.1799999999998,17.719730125961817
Orissa,1990,0.4,50.0,89.8,57.3,178.1,237.2,282.9,371.4,260.7,245.6,130.7,1.0,1905.0,50.3,325.2,1152.3,377.2,1127.457446808511,2.203413819458198,Normal,1170.2,115.10000000000014,1005.6333333333336,1087.8600000000001,17.24888064225962
Orissa,1991,20.0,2.8,21.8,29.6,36.2,149.5,458.5,439.0,181.5,93.5,32.9,7.3,1472.8,22.8,87.7,1228.6,133.7,1127.457446808511,8.97085326615147,Normal,1152.3,-17.90000000000009,1125.8666666666668,1058.8799999999999,14.704269454492763
Orissa,1992,6.1,16.9,1.7,16.1,66.0,177.2,394.9,385.1,191.8,63.7,9.9,0.0,1329.5,23.0,83.8,1149.1,73.6,1127.457446808511,1.9195893603570344,Normal,1228.6,76.29999999999995,1183.7,1079.56,15.993082796039316
Orissa,1993,0.0,1.3,11.4,56.1,82.2,257.5,328.5,327.0,287.9,88.7,7.5,0.0,1448.0,1.3,149.6,1200.9,96.2,1127.457446808511,6.513997792057072,Normal,1149.1,-79.5,1176.666666666667,1151.06,5.424126470221895
Orissa,1994,4.1,28.6,6.2,48.1,46.3,299.4,474.0,463.9,292.6,69.1,12.3,0.1,1744.6,32.6,100.6,1529.9,81.5,1127.457446808511,35.69469999339505,Excess,1200.9,51.80000000000018,1192.8666666666668,1180.2199999999998,2.878533953295968
Orissa,1995,50.1,17.6,21.1,23.6,293.0,112.3,322.6,316.6,202.7,149.7,103.4,1.3,1614.0,67.7,337.7,954.3,254.3,1127.457446808511,-15.358224587426053,Normal,1529.9,329.0,1293.3000000000002,1252.1599999999999,12.684963682763462
Orissa,1996,14.6,10.1,11.7,28.1,28.6,211.9,264.8,319.4,113.2,49.9,8.4,0.9,1061.8,24.8,68.4,909.3,59.3,1127.457446808511,-19.34950604353611,Normal,954.3,-575.6000000000001,1228.366666666667,1212.56,17.092587419734826
Orissa,1997,17.9,5.3,31.9,77.8,33.0,197.6,303.4,479.9,234.6,37.0,27.4,58.8,1504.5,23.2,142.7,1215.5,123.2,1127.457446808511,7.808946886706105,Normal,909.3,-45.0,1131.166666666667,1148.7,21.463152855689586
Orissa,1998,31.5,28.3,52.4,43.4,53.4,176.4,277.6,203.5,277.3,139.6,73.8,0.0,1357.1,59.8,149.1,934.8,213.4,1127.457446808511,-17.087779885073743,Normal,1215.5,306.20000000000005,1026.3666666666668,1161.98,21.373501895615597
Orissa,1999,0.1,0.7,0.9,3.2,164.8,222.9,270.2,325.9,266.4,215.4,13.9,0.0,1484.3,0.8,168.9,1085.3,229.3,1127.457446808511,-3.739160792972332,Normal,934.8,-280.70000000000005,1019.8666666666668,1108.76,23.975187578507644
Orissa,2000,0.9,33.3,1.1,21.3,74.7,233.7,272.3,273.6,158.0,26.6,1.6,0.1,1097.2,34.2,97.0,937.6,28.3,1127.457446808511,-16.839433483360224,Normal,1085.3,150.5,1078.5333333333335,1019.8399999999999,12.625289190593977
Orissa,2001,0.4,1.4,32.3,28.7,71.0,336.1,584.2,380.9,132.0,86.8,18.7,0.0,1672.5,1.8,132.0,1433.2,105.6,1127.457446808511,27.117879619931877,Excess,937.6,-147.69999999999993,985.9000000000002,1016.5,12.895089355656408
Orissa,2002,11.7,0.2,13.1,25.1,67.5,182.4,170.2,371.2,206.5,47.1,7.8,0.0,1102.8,11.9,105.7,930.2,54.9,1127.457446808511,-17.495777545031654,Normal,1433.2,495.6,1152.0333333333335,1121.2800000000002,18.706243498746115
Orissa,2003,0.1,16.2,21.6,24.7,22.6,178.9,367.5,425.1,264.3,287.4,11.0,28.8,1648.2,16.3,68.9,1235.7,327.3,1127.457446808511,9.60058878478218,Normal,930.2,-503.0,1100.3333333333335,1064.2199999999998,20.335134043051934
Orissa,2004,6.8,8.0,6.4,49.2,29.7,216.4,328.0,346.4,148.1,149.6,1.8,0.0,1290.4,14.8,85.3,1038.9,151.4,1127.457446808511,-7.854615449939134,Normal,1235.7,305.5,1199.7,1124.4,18.964605503621968
Orissa,2005,29.4,4.0,24.3,20.9,44.9,199.4,410.3,201.0,342.8,206.9,12.4,7.1,1503.4,33.4,90.1,1153.5,226.4,1127.457446808511,2.3098479916211367,Normal,1038.9,-196.79999999999995,1068.266666666667,1115.1200000000001,19.40167441081083
Orissa,2006,0.2,0.0,29.9,25.0,105.6,175.2,454.0,624.9,254.7,26.4,21.0,0.0,1716.9,0.2,160.5,1508.8,47.4,1127.457446808511,33.823232466196764,Excess,1153.5,114.59999999999991,1142.7000000000005,1158.3,16.599257472278072
Orissa,2007,0.7,32.5,8.0,21.0,62.8,321.0,285.1,420.6,401.7,66.4,14.0,0.0,1633.8,33.2,91.8,1428.4,80.4,1127.457446808511,26.692142931280134,Excess,1508.8,355.29999999999995,1233.7333333333336,1173.42,18.768309648335173
Orissa,2008,27.5,10.4,17.5,28.2,37.4,343.5,306.4,388.3,355.0,22.1,2.7,0.0,1538.9,37.9,83.1,1393.2,24.8,1127.457446808511,23.57007388116738,Excess,1428.4,-80.39999999999986,1363.5666666666668,1273.06,15.222725944151824
Orissa,2009,1.9,0.5,2.7,1.1,68.2,87.3,586.0,286.9,162.5,105.8,27.3,0.1,1330.3,2.4,72.0,1122.7,133.2,1127.457446808511,-0.4219624272275204,Normal,1393.2,-35.200000000000045,1443.466666666667,1304.5600000000002,15.249260358651204
Orissa,2010,8.8,1.2,5.6,7.8,93.0,146.4,304.9,282.7,236.0,133.0,35.6,37.2,1291.9,9.9,106.4,969.9,205.7,1127.457446808511,-13.9745803493079,Normal,1122.7,-270.5,1314.7666666666669,1321.3200000000002,13.075406192181601
Orissa,2011,3.7,16.2,4.9,58.2,75.6,210.1,199.6,358.6,398.7,20.2,0.1,0.4,1346.2,19.8,138.7,1167.0,20.7,1127.457446808511,3.5072324284541545,Normal,969.9,-152.80000000000007,1161.9333333333336,1284.6,17.750838245854933
Orissa,2012,50.8,3.6,0.9,34.8,21.3,169.6,324.3,417.0,242.4,66.0,72.1,3.1,1405.9,54.4,57.0,1153.3,141.3,1127.457446808511,2.2921089629273106,Normal,1167.0,197.10000000000002,1086.5333333333335,1216.24,15.825301120779061
Orissa,2013,3.3,7.8,2.1,53.6,57.7,272.6,380.0,254.9,208.1,391.0,1.2,0.0,1632.4,11.2,113.4,1115.6,392.2,1127.457446808511,-1.0516979458582305,Normal,1153.3,-13.700000000000045,1096.7333333333336,1161.22,13.060044653904889
Orissa,2014,0.0,17.6,25.1,11.7,111.9,92.2,496.2,386.3,281.1,111.8,2.2,0.9,1536.9,17.7,148.7,1255.7,114.8,1127.457446808511,11.374491654164428,Normal,1115.6,-37.700000000000045,1145.3000000000002,1105.6999999999998,7.128764057120677
Orissa,2015,15.1,3.3,10.5,67.6,32.6,238.6,294.8,264.0,237.0,24.7,6.2,15.6,1210.1,18.4,110.7,1034.5,46.5,1127.457446808511,-8.244874081203237,Normal,1255.7,140.10000000000014,1174.866666666667,1132.3,9.21253993806364
Orissa,2016,2.2,16.7,15.2,8.6,74.9,164.2,280.3,320.8,266.2,93.5,10.4,0.5,1253.5,18.9,98.7,1031.5,104.4,1127.457446808511,-8.510959511610574,Normal,1034.5,-221.20000000000005,1135.266666666667,1145.22,7.023892928676713
Orissa,2017,1.7,0.0,29.8,8.7,55.2,209.5,349.7,301.7,192.2,161.1,30.0,4.8,1344.5,1.7,93.8,1053.1,195.9,1127.457446808511,-6.5951444126777545,Normal,1031.5,-3.0,1107.2333333333336,1118.1200000000001,8.326131707812891
Punjab,1901,55.7,50.1,25.2,2.1,25.2,10.4,178.2,145.0,24.4,3.7,0.0,3.3,523.5,105.9,52.5,358.1,7.0,452.604255319149,-20.880107557210287,Deficient,,,,,
Punjab,1902,0.0,0.8,9.9,10.9,29.6,49.9,125.6,94.9,67.2,9.0,0.0,0.1,398.0,0.8,50.4,337.7,9.1,452.604255319149,-25.387356386679468,Deficient,358.1,,,,
Punjab,1903,29.5,0.5,45.0,1.3,9.2,5.2,212.2,119.1,132.5,6.9,0.0,9.5,571.0,29.9,55.5,469.1,16.4,452.604255319149,3.644628720783731,Normal,337.7,-20.400000000000034,,,
Punjab,1904,24.2,1.7,87.8,1.2,13.8,22.0,59.9,124.0,73.8,7.4,9.8,25.9,451.5,25.9,102.9,279.7,43.1,452.604255319149,-38.20208345085652,Deficient,469.1,131.40000000000003,388.3,,
Punjab,1905,53.0,40.3,24.3,0.5,2.2,19.2,122.6,50.3,111.1,1.2,0.0,9.4,434.3,93.3,27.0,303.2,10.7,452.604255319149,-33.00990955416409,Deficient,279.7,-189.40000000000003,362.1666666666667,,
Punjab,1906,5.3,83.1,50.5,1.5,4.7,38.3,99.4,190.5,181.5,0.5,0.0,22.2,677.5,88.4,56.6,509.8,22.7,452.604255319149,12.63703202271487,Normal,303.2,23.5,350.6666666666667,349.56,20.989460212133217
Punjab,1907,27.3,95.4,53.1,50.7,3.3,20.2,82.8,249.0,6.8,0.4,0.0,0.0,589.2,122.6,107.2,358.9,0.4,452.604255319149,-20.70335270115268,Deficient,509.8,206.60000000000002,364.23333333333335,379.9,27.14382010364077
Punjab,1908,46.9,11.8,0.3,31.3,12.1,13.0,183.8,399.1,37.3,1.2,1.7,2.0,740.4,58.7,43.7,633.1,4.9,452.604255319149,39.87937421259471,Excess,358.9,-150.90000000000003,390.6333333333334,384.14,26.38919677220512
Punjab,1909,34.0,21.0,0.2,48.6,1.8,81.3,240.9,178.7,197.2,1.5,0.0,40.5,846.1,55.1,50.7,698.2,42.1,452.604255319149,54.2628006242831,Excess,633.1,274.20000000000005,500.59999999999997,416.93999999999994,36.073877790455974
Punjab,1910,27.1,5.6,1.1,2.7,1.4,111.4,143.9,217.9,79.5,21.0,0.0,4.8,616.3,32.7,5.2,552.6,25.7,452.604255319149,22.09341682179725,Excess,698.2,65.10000000000002,563.4,500.64000000000004,33.975959914410026
Punjab,1911,112.1,7.3,108.5,3.7,1.0,64.9,26.4,103.5,34.0,11.7,32.6,0.1,505.6,119.4,113.1,228.8,44.4,452.604255319149,-49.44811116752224,Deficient,552.6,-145.60000000000002,627.9666666666667,550.52,23.510676066597757
Punjab,1912,53.3,5.2,8.5,19.9,10.0,10.6,173.3,197.4,37.5,0.0,18.5,2.2,536.4,58.5,38.3,418.9,20.7,452.604255319149,-7.446738496831591,Normal,228.8,-323.8,493.20000000000005,494.32000000000005,39.572807178657655
Punjab,1913,0.9,58.7,47.5,0.6,52.8,86.9,111.5,159.0,22.6,2.2,2.6,15.8,561.2,59.6,100.9,380.1,20.6,452.604255319149,-16.019349015625885,Normal,418.9,190.09999999999997,400.09999999999997,506.32,36.908937317029505
Punjab,1914,19.8,26.9,15.8,44.6,17.3,58.9,290.9,75.6,193.1,34.7,8.1,8.7,794.4,46.7,77.7,618.5,51.5,452.604255319149,36.653598089543244,Excess,380.1,-38.799999999999955,342.59999999999997,455.7200000000001,39.061085036807775
Punjab,1915,28.7,59.8,48.3,9.3,4.3,22.5,54.1,67.4,105.5,19.3,0.0,2.4,421.7,88.5,61.9,249.6,21.7,452.604255319149,-44.852484910024266,Deficient,618.5,238.39999999999998,472.5,439.7799999999999,34.705199835913554
Punjab,1916,2.8,20.9,2.8,4.4,8.2,33.9,238.3,184.1,71.3,21.1,0.0,0.6,588.4,23.7,15.4,527.6,21.6,452.604255319149,16.569827569996797,Normal,249.6,-368.9,416.0666666666666,379.17999999999995,41.33404393828699
Punjab,1917,6.5,3.1,12.5,71.9,31.3,82.6,172.4,211.4,369.1,156.5,0.0,9.4,1126.7,9.6,115.7,835.5,165.9,452.604255319149,84.59835279517118,Large Excess,527.6,278.0,465.23333333333335,438.93999999999994,32.181716475449086
Punjab,1918,3.1,1.2,61.4,38.5,0.6,31.9,38.7,140.5,15.5,0.2,3.5,4.5,339.6,4.4,100.5,226.5,8.3,452.604255319149,-49.95628137868788,Deficient,835.5,307.9,537.5666666666667,522.26,43.024816861393084
Punjab,1919,81.4,12.3,11.1,4.9,11.9,6.4,202.0,137.0,46.2,0.4,3.3,32.9,549.9,93.7,27.9,391.7,36.5,452.604255319149,-13.456403602790484,Normal,226.5,-609.0,529.8666666666667,491.53999999999996,52.31560013534633
Punjab,1920,25.7,18.3,21.3,0.6,20.0,42.7,148.0,81.3,23.3,0.4,0.0,1.5,383.1,44.0,41.9,295.3,1.9,452.604255319149,-34.75536375773303,Deficient,391.7,165.2,484.56666666666666,446.18,55.814537855027105
Punjab,1921,19.3,3.9,0.7,0.7,1.0,19.9,116.8,113.9,46.6,27.0,0.0,20.5,370.4,23.2,2.5,297.2,47.6,452.604255319149,-34.3355709745962,Deficient,295.3,-96.39999999999998,304.5,455.32000000000005,52.867086885803516
Punjab,1922,23.8,14.0,3.1,3.0,1.7,65.1,132.8,85.6,148.5,2.5,0.0,33.5,513.6,37.8,7.7,432.1,36.0,452.604255319149,-4.530283371880942,Normal,297.2,1.8999999999999773,328.06666666666666,409.24,59.97101000945061
Punjab,1923,36.4,63.0,7.3,4.9,38.0,21.8,222.2,279.1,12.8,5.7,2.5,44.1,737.9,99.4,50.2,536.0,52.3,452.604255319149,18.42575355860174,Normal,432.1,134.90000000000003,341.5333333333333,328.56,25.10408628928537
Punjab,1924,39.1,42.3,2.6,1.1,17.7,2.3,185.8,109.0,155.0,0.5,1.1,34.4,590.8,81.4,21.3,452.1,36.0,452.604255319149,-0.1114119704405777,Normal,536.0,103.89999999999998,421.76666666666665,390.46,25.824472483141403
Punjab,1925,18.1,2.1,1.1,7.7,21.1,104.7,284.4,158.8,14.4,7.5,9.8,0.0,629.6,20.2,29.8,562.3,17.3,452.604255319149,24.23656945149581,Excess,452.1,-83.89999999999998,473.3999999999999,402.53999999999996,25.977231510233878
Punjab,1926,14.1,7.5,50.2,16.2,34.9,7.2,189.0,228.4,54.1,0.1,1.3,4.4,607.3,21.6,101.2,478.7,5.8,452.604255319149,5.765686993475098,Normal,562.3,110.19999999999993,516.8000000000001,455.93999999999994,22.87307576612886
Punjab,1927,0.7,39.8,15.7,6.6,18.1,18.6,226.1,95.2,24.8,5.5,2.3,27.7,481.0,40.5,40.4,364.7,35.5,452.604255319149,-19.421879994734976,Normal,478.7,-83.59999999999997,497.7,492.23999999999995,11.23543722577653
Punjab,1928,25.6,21.3,6.3,10.2,2.8,34.9,92.3,120.2,58.8,1.0,27.0,36.9,437.1,46.9,19.2,306.1,64.9,452.604255319149,-32.36917320095523,Deficient,364.7,-114.0,468.56666666666666,478.76000000000005,16.17106516336849
Punjab,1929,8.9,1.1,0.0,11.5,1.7,45.6,163.3,111.6,8.5,10.2,0.0,60.6,423.0,10.0,13.2,329.0,70.8,452.604255319149,-27.30956544630602,Deficient,306.1,-58.599999999999966,383.1666666666667,432.78000000000003,23.089105757872076
Punjab,1930,25.6,27.0,6.7,13.3,7.1,55.0,258.4,57.4,91.7,1.1,0.2,13.9,557.2,52.5,27.1,462.4,15.1,452.604255319149,2.1643068013011995,Normal,329.0,22.899999999999977,333.26666666666665,408.16,26.643991876057378
Punjab,1931,12.6,27.1,21.1,2.0,19.4,9.5,183.8,222.1,68.8,21.8,0.0,0.5,588.6,39.6,42.5,484.2,22.3,452.604255319149,6.980876628871198,Normal,462.4,133.39999999999998,365.8333333333333,388.17999999999995,20.158560046424178
Punjab,1932,19.0,13.2,28.8,7.3,11.6,19.9,190.7,136.1,32.0,1.5,0.3,29.9,490.3,32.2,47.7,378.7,31.6,452.604255319149,-16.328670013726722,Normal,484.2,21.80000000000001,425.2,389.28000000000003,20.515853844753224
Punjab,1933,6.2,26.4,35.7,7.2,25.7,37.1,180.0,327.3,202.7,8.4,2.9,0.9,860.6,32.6,68.6,747.2,12.2,452.604255319149,65.089035557812,Large Excess,378.7,-105.5,441.76666666666665,392.08000000000004,20.156078032956678
Punjab,1934,18.3,1.7,37.5,2.4,6.0,51.0,150.9,136.6,14.9,0.0,0.0,9.9,429.2,20.0,46.0,353.3,9.9,452.604255319149,-21.940636693555977,Deficient,747.2,368.50000000000006,536.6999999999999,480.3,33.69829836904415
Punjab,1935,73.7,40.9,12.8,44.2,2.1,8.2,203.9,144.6,45.1,2.7,11.6,8.2,598.2,114.5,59.1,401.9,22.6,452.604255319149,-11.2027791880559,Normal,353.3,-393.90000000000003,493.06666666666666,485.16,32.24681081518699
Punjab,1936,1.3,58.8,17.3,10.9,5.4,105.0,170.2,165.5,57.7,6.2,0.2,27.9,626.4,60.1,33.7,498.4,34.3,452.604255319149,10.118275323893853,Normal,401.9,48.599999999999966,500.79999999999995,473.06000000000006,34.017789890959875
Punjab,1937,5.8,96.0,10.2,41.8,8.8,55.4,218.6,30.5,70.2,7.3,0.3,26.2,571.1,101.8,60.8,374.7,33.8,452.604255319149,-17.21244429401479,Normal,498.4,96.5,417.8666666666666,475.9,33.89266226459086
Punjab,1938,77.5,22.2,1.8,9.1,3.4,112.8,102.3,85.4,5.8,9.9,0.0,0.6,430.9,99.7,14.3,306.4,10.5,452.604255319149,-32.30289012993364,Deficient,374.7,-123.69999999999999,425.0,475.1,34.07841771416852
Punjab,1939,6.2,61.0,58.1,8.3,0.8,49.8,100.5,78.6,37.9,2.6,0.0,0.0,403.7,67.2,67.2,266.8,2.6,452.604255319149,-41.05225550478555,Deficient,306.4,-68.30000000000001,393.1666666666667,386.93999999999994,18.463081000942353
Punjab,1940,36.8,45.1,13.7,2.9,6.5,60.3,159.3,179.6,27.4,0.1,0.1,0.5,532.2,81.9,23.0,426.6,0.7,452.604255319149,-5.745473007277041,Normal,266.8,-39.599999999999966,315.9666666666667,369.64,24.280592664860837
Punjab,1941,55.3,8.5,12.4,1.0,15.2,89.5,111.4,152.1,41.0,9.8,0.0,10.2,506.3,63.8,28.6,394.0,19.9,452.604255319149,-12.94823339162484,Normal,426.6,159.8,333.26666666666665,374.58000000000004,24.72227783213935
Punjab,1942,27.2,57.2,15.4,19.6,13.4,52.4,253.3,256.4,131.7,5.1,0.0,39.8,871.6,84.4,48.4,693.9,44.9,452.604255319149,53.31274327297341,Excess,394.0,-32.60000000000002,362.4666666666667,353.7,18.522510776174613
Punjab,1943,55.6,1.9,7.9,7.8,9.8,29.2,130.4,132.6,46.6,0.4,0.0,0.2,422.3,57.4,25.5,338.9,0.6,452.604255319149,-25.122224102593044,Deficient,693.9,299.9,504.8333333333333,417.53999999999996,40.09101438379505
Punjab,1944,32.3,54.6,49.5,46.5,0.6,21.8,183.8,145.8,67.2,14.6,1.6,8.4,626.9,86.9,96.7,418.7,24.7,452.604255319149,-7.490927210845992,Normal,338.9,-355.0,475.5999999999999,424.03999999999996,38.33665841421823
Punjab,1945,71.4,0.0,14.5,15.9,3.2,38.3,156.9,138.6,359.8,6.0,0.5,0.2,805.3,71.4,33.6,693.6,6.7,452.604255319149,53.246460201951805,Excess,418.7,79.80000000000001,483.83333333333326,454.41999999999996,30.412200351341635
Punjab,1946,2.6,16.1,7.0,4.2,19.3,63.1,129.5,150.5,7.4,32.0,7.6,38.7,478.1,18.7,30.6,350.5,78.3,452.604255319149,-22.55927868975763,Deficient,693.6,274.90000000000003,483.73333333333335,507.82,33.90392733523087
Punjab,1947,23.2,14.5,9.4,0.0,5.4,3.5,57.4,177.4,270.8,3.0,0.0,36.3,600.9,37.7,14.8,509.1,39.3,452.604255319149,12.482371523664458,Normal,350.5,-343.1,487.6000000000001,499.12,36.11733857930506
Punjab,1948,19.9,53.1,66.5,6.7,2.2,11.2,195.7,209.6,38.3,0.6,0.3,16.2,620.2,73.0,75.3,454.8,17.2,452.604255319149,0.4851356687538687,Normal,509.1,158.60000000000002,517.7333333333335,462.16,31.60071757702375
Punjab,1949,9.3,58.4,4.8,5.2,9.8,26.9,320.0,93.7,51.0,1.4,0.0,4.5,584.9,67.7,19.8,491.5,5.9,452.604255319149,8.593764690396934,Normal,454.8,-54.30000000000001,438.1333333333334,485.34,26.763975327142692
Punjab,1950,53.1,25.4,50.1,2.4,8.1,14.1,209.2,232.3,396.8,0.4,0.0,0.1,992.0,78.5,60.5,852.4,0.6,452.604255319149,88.33229912938829,Large Excess,491.5,36.69999999999999,485.1333333333334,499.9,24.910656183548532
Punjab,1951,23.9,4.3,53.5,10.4,21.5,5.1,207.8,122.2,12.5,1.9,34.5,1.9,499.5,28.2,85.3,347.6,38.3,452.604255319149,-23.20001504296648,Deficient,852.4,360.9,599.5666666666666,531.6600000000001,35.65316959794026
Punjab,1952,19.7,20.4,34.0,0.7,6.4,59.8,137.0,282.3,1.7,0.1,0.1,3.8,565.9,40.1,41.1,480.8,4.0,452.604255319149,6.2296684906263415,Normal,347.6,-504.79999999999995,563.8333333333334,531.08,35.82317098211089
Punjab,1953,47.1,1.5,0.0,8.2,2.2,54.3,262.7,153.3,72.1,0.5,0.4,9.3,611.5,48.6,10.4,542.3,10.2,452.604255319149,19.817698050055448,Excess,480.8,133.2,560.2666666666667,525.42,36.44399747920031
Punjab,1954,30.8,92.2,9.5,0.1,2.4,27.6,181.8,45.7,226.5,16.6,0.0,0.0,633.2,123.0,11.9,481.6,16.6,452.604255319149,6.406423346683958,Normal,542.3,61.49999999999994,456.8999999999999,542.92,34.5116531707936
Punjab,1955,33.0,3.6,24.9,20.5,18.6,38.0,148.7,169.7,144.2,370.3,0.0,2.6,973.9,36.5,64.0,500.6,372.8,452.604255319149,10.604351178052305,Normal,481.6,-60.69999999999993,501.5666666666666,540.9399999999999,34.772944420579236
Punjab,1956,21.6,6.8,45.3,5.1,0.7,53.5,236.5,208.7,26.7,140.1,0.2,5.3,750.4,28.4,51.2,525.3,145.6,452.604255319149,16.061657358831138,Normal,500.6,19.0,508.1666666666667,470.58000000000004,15.541464959928517
Punjab,1957,105.0,4.0,26.6,10.6,10.8,19.5,197.5,167.4,106.1,17.2,10.3,35.5,710.5,109.1,47.9,490.5,63.1,452.604255319149,8.372821120324915,Normal,525.3,24.699999999999932,502.5,506.12000000000006,5.365411963790455
Punjab,1958,9.5,3.5,6.9,4.4,0.4,28.0,186.2,128.4,372.3,43.4,0.0,45.0,828.0,13.0,11.7,714.8,88.5,452.604255319149,57.93046388747858,Excess,490.5,-34.799999999999955,505.4666666666667,508.06000000000006,4.95376429599079
Punjab,1959,43.3,21.4,10.0,4.8,20.3,21.5,188.0,210.1,133.9,24.0,21.9,0.5,699.8,64.7,35.2,553.5,46.4,452.604255319149,22.29226603486206,Excess,714.8,224.29999999999995,576.8666666666667,542.5600000000001,18.000236984965916
Punjab,1960,14.2,0.1,33.3,4.7,4.0,44.1,243.1,234.1,8.6,0.5,0.0,20.3,606.9,14.3,42.0,529.9,20.8,452.604255319149,17.077997781162427,Normal,553.5,-161.29999999999995,586.2666666666665,556.9399999999999,16.436948373099533
Punjab,1961,51.7,39.5,3.0,14.2,4.6,43.0,216.1,199.3,87.0,22.8,2.8,6.1,690.1,91.2,21.8,545.4,31.7,452.604255319149,20.50262311727871,Excess,529.9,-23.600000000000023,599.4,562.8,15.618539027907882
Punjab,1962,39.6,14.2,43.2,4.2,4.7,26.0,167.5,126.8,321.2,0.5,14.8,6.7,769.3,53.8,52.1,641.5,22.0,452.604255319149,41.73530020119966,Excess,545.4,15.5,542.9333333333333,566.8199999999999,15.207748957901135
Punjab,1963,0.4,14.5,34.3,3.0,12.7,31.3,116.7,199.4,42.6,0.6,7.0,13.6,476.2,14.9,50.0,390.0,21.3,452.604255319149,-13.83200767191291,Normal,641.5,96.10000000000002,572.2666666666665,597.02,13.219211123792435
Punjab,1964,11.0,5.7,3.9,5.2,19.2,10.2,359.3,189.8,95.0,0.0,0.0,9.6,708.8,16.7,28.2,654.3,9.6,452.604255319149,44.56337789812148,Excess,390.0,-251.5,525.6333333333332,532.0600000000001,17.01959841321405
Punjab,1965,13.1,23.9,15.3,21.3,34.3,1.6,192.6,91.6,14.2,10.4,4.5,0.5,423.2,37.0,70.9,300.0,15.3,452.604255319149,-33.71692897839454,Deficient,654.3,264.29999999999995,561.9333333333333,552.22,19.26075244269344
Punjab,1966,0.2,38.9,18.5,3.6,37.6,85.1,109.8,200.0,132.6,9.5,0.0,2.3,638.2,39.1,59.6,527.5,11.9,452.604255319149,16.547733212989588,Normal,300.0,-354.29999999999995,448.0999999999999,506.23999999999995,30.887075089878092
Punjab,1967,0.2,13.1,84.8,1.8,1.1,14.7,211.6,197.8,61.5,14.2,1.9,77.6,680.4,13.3,87.8,485.6,93.6,452.604255319149,7.290197626972031,Normal,527.5,227.5,493.9333333333332,502.66,30.92432496269881
Punjab,1968,24.7,30.5,32.7,2.1,1.6,42.6,239.4,142.1,0.5,11.7,0.5,7.8,536.2,55.2,36.4,424.6,20.0,452.604255319149,-6.187360147421077,Normal,485.6,-41.89999999999998,437.7,471.48,28.614606237242302
Punjab,1969,14.2,21.7,24.4,12.0,17.2,10.8,145.9,122.9,120.9,1.1,3.7,0.0,494.8,35.9,53.6,400.5,4.9,452.604255319149,-11.51210018615672,Normal,424.6,-61.0,479.2333333333333,478.4,27.279120847441995
Punjab,1970,40.1,20.6,7.3,0.3,12.8,119.8,75.4,260.7,109.4,4.2,0.0,0.0,650.6,60.7,20.3,565.3,4.2,452.604255319149,24.899400161711867,Excess,400.5,-24.100000000000023,436.8999999999999,427.64,20.375494570749375
Punjab,1971,5.2,42.0,3.3,11.8,42.6,99.0,251.4,255.9,27.2,1.6,8.1,0.0,748.0,47.2,57.6,633.5,9.6,452.604255319149,39.96775164062352,Excess,565.3,164.79999999999995,463.46666666666664,480.7,14.318847117374522
Punjab,1972,9.1,31.9,10.8,6.5,0.1,23.8,192.9,132.3,26.1,7.9,19.6,10.1,470.9,40.9,17.4,375.1,37.5,452.604255319149,-17.124066865985977,Normal,633.5,68.20000000000005,533.0999999999999,501.9,19.3842585141563
Punjab,1973,26.0,32.4,8.2,1.8,41.2,111.4,170.5,256.3,43.3,19.6,0.0,32.4,743.1,58.4,51.2,581.5,51.9,452.604255319149,28.478685996878568,Excess,375.1,-258.4,524.6333333333333,479.8,23.58731738667178
Punjab,1974,3.2,2.0,3.1,1.3,6.9,71.0,136.7,101.3,14.4,0.6,0.0,15.8,356.2,5.1,11.3,323.4,16.3,452.604255319149,-28.546849438709327,Deficient,581.5,206.39999999999998,530.0333333333333,511.18,22.64614565364801
Punjab,1975,21.1,20.4,20.0,1.3,3.3,60.0,230.6,195.1,148.8,5.2,0.0,0.0,705.9,41.4,24.7,634.5,5.3,452.604255319149,40.18869521069553,Excess,323.4,-258.1,426.6666666666667,495.76000000000005,27.698729090580994
Punjab,1976,29.2,53.7,22.7,9.4,12.5,63.1,195.3,318.7,85.1,4.4,0.0,0.5,794.7,82.8,44.6,662.2,5.0,452.604255319149,46.30883210169044,Excess,634.5,311.1,513.1333333333333,509.6,29.251377427539804
Punjab,1977,37.7,0.5,1.0,37.1,41.9,62.3,208.1,175.9,120.1,6.6,0.4,21.1,712.6,38.2,80.0,566.4,28.0,452.604255319149,25.14243808879109,Excess,662.2,27.700000000000045,540.0333333333333,515.3399999999999,30.163540738595735
Punjab,1978,4.1,30.0,65.1,2.8,1.9,99.2,229.4,231.6,45.7,2.3,8.1,0.5,720.6,34.2,69.7,605.8,10.9,452.604255319149,33.847614749628605,Excess,566.4,-95.80000000000007,621.0333333333333,553.6,24.280752624504423
Punjab,1979,25.9,71.9,45.7,6.8,22.2,37.3,147.5,46.6,45.1,2.0,7.8,5.1,464.0,97.8,74.8,276.5,14.9,452.604255319149,-38.90910287508697,Deficient,605.8,39.39999999999998,611.4666666666666,558.46,24.371996972406553
Punjab,1980,19.4,12.4,24.3,3.7,1.4,53.5,316.7,122.2,39.1,11.6,16.2,41.2,661.7,31.7,29.3,531.6,69.1,452.604255319149,17.453601850284866,Normal,276.5,-329.29999999999995,482.8999999999999,549.08,28.493595651813052
Punjab,1981,48.1,20.6,53.8,2.2,9.6,21.7,215.5,58.3,23.0,0.3,50.7,0.0,503.7,68.7,65.5,318.5,51.0,452.604255319149,-29.62947293206221,Deficient,531.6,255.10000000000002,471.29999999999995,528.5,28.192522838263073
Punjab,1982,35.8,27.7,87.5,49.9,57.2,17.0,83.5,172.7,3.7,4.0,9.8,22.6,571.3,63.5,194.6,276.9,36.3,452.604255319149,-38.82072544705817,Deficient,318.5,-213.10000000000002,375.5333333333333,459.76000000000005,32.878381170083074
Punjab,1983,65.3,26.7,27.4,113.2,48.2,26.6,151.9,208.1,69.7,12.2,0.0,1.7,751.1,92.0,188.8,456.3,13.9,452.604255319149,0.816551023861896,Normal,276.9,-41.60000000000002,375.6666666666667,401.85999999999996,38.69146954674776
Punjab,1984,2.4,67.2,13.9,9.3,1.3,50.2,220.2,214.5,125.7,0.2,0.6,4.9,710.5,69.6,24.5,610.7,5.7,452.604255319149,34.93023824298151,Excess,456.3,179.40000000000003,350.5666666666666,371.96000000000004,31.12268313982225
Punjab,1985,4.8,0.9,3.6,21.2,6.2,55.7,269.5,243.3,51.9,50.2,0.6,45.1,752.9,5.7,31.0,620.4,95.8,452.604255319149,37.07339087268007,Excess,610.7,154.40000000000003,447.96666666666664,438.8,32.057724025627735
Punjab,1986,0.7,42.1,24.6,18.9,32.3,92.2,156.4,153.0,55.1,16.0,9.5,11.2,611.9,42.8,75.7,456.7,36.7,452.604255319149,0.9049284518906984,Normal,620.4,9.699999999999932,562.4666666666667,456.56000000000006,34.96605672002708
Punjab,1987,23.1,30.8,23.3,14.9,98.3,44.7,44.1,82.2,10.5,34.1,0.2,3.3,409.6,54.0,136.4,181.5,37.6,452.604255319149,-59.8987420319287,Deficient,456.7,-163.7,562.5999999999999,484.2,29.035237451173696
Punjab,1988,5.0,22.5,86.4,3.3,3.6,42.7,356.1,234.3,434.1,0.4,0.7,33.5,1222.6,27.5,93.3,1067.2,34.6,452.604255319149,135.79097798085783,Large Excess,181.5,-275.2,419.53333333333325,465.12,38.142417003295506
Punjab,1989,45.7,4.1,17.6,1.7,4.9,39.6,164.1,151.9,20.7,0.3,8.0,21.8,480.3,49.8,24.2,376.2,30.1,452.604255319149,-16.881028938906763,Normal,1067.2,885.7,568.4666666666666,587.3,54.7571436598975
Punjab,1990,1.9,57.7,32.7,4.2,13.8,18.6,200.3,188.8,194.4,0.6,5.6,36.1,754.7,59.7,50.7,602.0,42.2,452.604255319149,33.00802918335494,Excess,376.2,-691.0,541.6333333333333,540.4,61.83866463226578
Punjab,1991,0.1,39.8,16.0,34.8,10.8,73.5,86.8,144.3,41.7,1.0,0.2,26.8,475.9,39.9,61.7,346.3,28.0,452.604255319149,-23.487241684060105,Deficient,602.0,225.8,681.8,536.72,62.076080533356595
Punjab,1992,38.8,34.2,11.9,2.2,8.6,24.7,144.5,146.5,50.0,3.2,13.0,0.5,478.2,73.0,22.7,365.7,16.8,452.604255319149,-19.20093642466296,Normal,346.3,-255.7,441.49999999999994,514.64,66.70831079153207
Punjab,1993,8.5,12.7,29.5,9.4,13.3,38.7,352.6,17.4,98.4,0.3,2.1,0.0,583.1,21.2,52.3,507.2,2.4,452.604255319149,12.062578740527616,Normal,365.7,19.399999999999977,437.99999999999994,551.4799999999999,55.58411520943124
Punjab,1994,27.6,23.3,2.8,6.4,7.2,29.5,167.4,222.2,89.0,0.4,0.0,5.1,580.9,50.9,16.5,508.0,5.5,452.604255319149,12.239333596585231,Normal,507.2,141.5,406.3999999999999,439.48,25.21740120284764
Punjab,1995,50.8,56.0,17.2,8.8,1.3,51.0,160.0,375.5,145.6,1.3,1.4,0.3,869.1,106.8,27.3,732.0,2.9,452.604255319149,61.73069329271731,Large Excess,508.0,0.8000000000000114,460.29999999999995,465.84,23.106649449034805
Punjab,1996,32.7,38.9,19.0,2.8,3.7,118.6,87.9,194.1,72.4,18.8,0.0,0.7,589.7,71.6,25.5,473.0,19.6,452.604255319149,4.506308644064597,Normal,732.0,224.0,582.4,491.84,31.37744759195212
Punjab,1997,14.5,5.4,8.9,35.8,30.4,55.3,144.1,261.5,24.3,39.0,28.8,42.1,690.1,19.9,75.1,485.1,110.0,452.604255319149,7.179725841936022,Normal,473.0,-259.0,570.9999999999999,517.18,25.802301028072606
Punjab,1998,2.8,55.8,25.5,19.1,2.7,42.4,160.6,90.1,139.5,49.9,0.0,0.2,588.6,58.7,47.3,432.6,50.1,452.604255319149,-4.419811586844932,Normal,485.1,12.100000000000023,563.3666666666667,541.0600000000001,19.919110323909358
Punjab,1999,43.4,5.6,4.3,0.0,22.6,35.6,139.6,82.0,30.7,0.5,0.1,0.2,364.4,49.0,26.8,287.9,0.7,452.604255319149,-36.39034617626597,Deficient,432.6,-52.5,463.5666666666666,526.1400000000001,22.48164021478258
Punjab,2000,25.4,26.6,6.9,1.3,15.3,50.1,164.8,70.0,42.0,0.0,0.7,2.2,405.3,52.0,23.5,326.9,2.9,452.604255319149,-27.773546943457266,Deficient,287.9,-144.70000000000005,401.8666666666666,482.12000000000006,33.23625993212914
Punjab,2001,8.0,2.1,6.2,24.5,36.9,93.8,173.9,69.5,19.9,1.5,0.9,3.8,441.0,10.1,67.5,357.1,6.2,452.604255319149,-21.101051127282304,Deficient,326.9,39.0,349.1333333333332,401.1,22.137706565918908
Punjab,2002,2.4,6.6,6.8,3.3,20.8,24.7,50.4,58.4,95.0,2.6,0.0,3.7,274.7,9.0,31.0,228.4,6.3,452.604255319149,-49.53648859555105,Deficient,357.1,30.200000000000045,323.9666666666666,377.91999999999996,21.175763466401225
Punjab,2003,10.6,56.4,19.4,3.0,3.9,40.7,136.7,94.7,52.2,0.0,2.2,5.0,424.6,67.0,26.2,324.3,7.1,452.604255319149,-28.348000225644505,Deficient,228.4,-128.70000000000002,304.13333333333327,326.58000000000004,23.37362675210327
Punjab,2004,32.4,5.7,0.0,15.5,27.2,48.8,52.1,124.2,8.9,31.2,0.8,5.0,351.7,38.0,42.7,234.0,37.0,452.604255319149,-48.29920460314775,Deficient,324.3,95.9,303.2666666666666,304.91999999999996,16.17190672877231
Punjab,2005,35.8,60.3,28.6,8.4,5.2,34.6,176.7,95.3,106.7,0.4,0.0,0.0,552.0,96.1,42.2,413.4,0.4,452.604255319149,-8.66192813222769,Normal,234.0,-90.30000000000001,262.2333333333333,294.14,20.030633092607175
Punjab,2006,15.0,3.7,46.1,1.3,32.1,73.0,220.3,90.8,120.7,24.6,13.4,6.7,647.7,18.7,79.5,504.8,44.7,452.604255319149,11.53231417235478,Normal,413.4,179.39999999999998,323.8999999999999,311.44,25.65633388564608
Punjab,2007,1.2,68.8,48.2,10.0,5.9,64.4,95.1,215.4,73.7,0.6,0.9,10.6,594.8,70.0,64.1,448.6,12.1,452.604255319149,-0.8847144656926413,Normal,504.8,91.40000000000003,384.0666666666666,340.97999999999996,34.84849386307499
Punjab,2008,12.0,4.1,0.0,19.7,40.6,155.5,101.9,312.2,59.8,9.9,0.6,0.9,717.1,16.1,60.3,629.3,11.4,452.604255319149,39.03978864632103,Excess,448.6,-56.19999999999999,455.5999999999999,385.02000000000004,27.758293865496213
Punjab,2009,9.4,14.4,10.5,14.0,5.6,10.6,158.0,76.8,54.7,4.0,2.7,0.4,361.2,23.9,30.1,300.1,7.1,452.604255319149,-33.69483462138734,Deficient,629.3,180.69999999999993,527.5666666666666,446.0200000000001,32.310031310099184
Punjab,2010,3.8,13.8,1.9,0.7,6.0,41.8,143.8,96.7,112.8,4.7,1.1,24.4,451.5,17.6,8.6,395.1,30.2,452.604255319149,-12.705195464545612,Normal,300.1,-329.19999999999993,459.33333333333326,459.24000000000007,26.341618467521776
Punjab,2011,3.5,35.6,8.2,17.8,18.9,162.9,120.9,193.5,140.2,0.0,1.0,2.6,705.2,39.2,44.9,617.5,3.6,452.604255319149,36.43265451947123,Excess,395.1,95.0,441.49999999999983,455.58000000000004,26.990927488885003
Punjab,2012,62.6,3.2,1.9,31.1,1.6,11.9,120.2,135.1,112.3,2.2,0.4,11.0,493.6,65.8,34.7,379.6,13.6,452.604255319149,-16.129820800661896,Normal,617.5,222.39999999999998,437.5666666666666,478.12000000000006,29.898029625027778
Punjab,2013,9.3,50.1,11.6,3.4,3.6,120.3,117.9,217.1,24.4,16.2,6.1,6.6,586.6,59.4,18.6,479.7,28.9,452.604255319149,5.986630563547116,Normal,379.6,-237.89999999999998,464.0666666666666,464.32,32.23696394893646
Punjab,2014,21.8,20.1,30.3,24.5,20.8,20.6,76.3,41.9,105.8,6.0,0.7,14.1,382.7,41.9,75.5,244.6,20.7,452.604255319149,-45.95720276038436,Deficient,479.7,100.09999999999997,492.2666666666666,434.4,27.758679872663993
Punjab,2015,17.7,31.3,68.5,29.8,16.7,48.3,130.2,88.6,69.2,9.0,0.8,0.7,510.8,49.0,115.0,336.3,10.5,452.604255319149,-25.696677384780287,Deficient,244.6,-235.1,367.9666666666665,423.3,32.463155753835004
Punjab,2016,6.5,6.0,34.6,0.8,24.8,52.6,153.1,144.8,17.4,1.9,0.5,1.1,444.0,12.5,60.2,367.9,3.4,452.604255319149,-18.71486057050452,Normal,336.3,91.70000000000002,353.53333333333325,411.53999999999996,34.70917192479821
Punjab,2017,42.4,3.0,14.5,12.3,12.3,110.8,94.4,122.2,62.7,0.0,5.2,17.7,497.5,45.5,39.1,390.1,22.9,452.604255319149,-13.809913314905703,Normal,367.9,31.599999999999966,316.26666666666654,361.62,23.399523360330328
Rayalseema,1901,7.0,50.2,0.0,12.1,38.9,53.0,73.4,60.3,109.0,81.6,137.2,91.3,714.0,57.2,51.0,295.6,310.1,416.2234042553192,-28.980447284345047,Deficient,,,,,
Rayalseema,1902,10.0,0.2,1.7,11.0,36.8,73.6,41.3,148.3,181.7,188.5,88.9,36.4,818.4,10.1,49.6,444.9,313.8,416.2234042553192,6.889712460063888,Normal,295.6,,,,
Rayalseema,1903,30.0,0.1,0.0,3.6,80.5,67.5,127.5,140.6,219.7,95.3,289.4,84.0,1138.2,30.1,84.1,555.3,468.7,416.2234042553192,33.41392971246005,Excess,444.9,149.29999999999995,,,
Rayalseema,1904,14.8,0.0,1.7,7.1,58.8,39.8,75.1,19.4,84.7,111.5,4.4,16.1,433.4,14.8,67.6,219.0,132.0,416.2234042553192,-47.38402555910544,Deficient,555.3,110.39999999999998,431.93333333333334,,
Rayalseema,1905,6.5,6.8,17.0,18.3,44.2,66.1,50.9,219.3,36.5,180.2,55.4,2.0,703.4,13.3,79.6,372.9,237.6,416.2234042553192,-10.408690095846657,Normal,219.0,-336.29999999999995,406.3999999999999,,
Rayalseema,1906,115.3,7.2,6.8,2.1,9.6,84.1,127.9,154.4,130.4,107.7,35.0,132.2,912.6,122.4,18.5,496.8,274.9,416.2234042553192,19.358977635782747,Excess,372.9,153.89999999999998,382.3999999999999,377.53999999999996,34.53684031244384
Rayalseema,1907,1.1,0.0,6.5,82.5,8.6,50.5,100.5,34.3,97.7,60.0,140.7,58.0,640.4,1.1,97.7,283.0,258.7,416.2234042553192,-32.0076677316294,Deficient,496.8,123.90000000000003,362.90000000000003,417.78000000000003,31.075194808276112
Rayalseema,1908,5.7,4.3,4.7,5.5,41.2,36.2,65.0,45.5,222.6,151.8,27.9,6.8,617.1,10.0,51.4,369.3,186.4,416.2234042553192,-11.273610223642171,Normal,283.0,-213.8,384.23333333333335,385.4,36.60443933759204
Rayalseema,1909,89.2,0.0,0.0,42.2,105.4,34.8,61.5,290.1,205.0,29.4,12.8,0.3,870.6,89.2,147.6,591.4,42.4,416.2234042553192,42.08715654952076,Excess,369.3,86.30000000000001,383.0333333333333,348.2,30.14856607454801
Rayalseema,1910,0.6,2.1,0.7,13.1,33.3,46.5,197.9,188.2,165.3,205.1,148.4,0.0,1001.1,2.7,47.0,597.9,353.5,416.2234042553192,43.6488178913738,Excess,591.4,222.09999999999997,414.56666666666666,422.68,28.684037185321042
Rayalseema,1911,0.0,0.0,0.8,20.9,65.0,54.0,73.6,47.5,107.6,102.1,83.2,35.9,590.6,0.0,86.7,282.6,221.2,416.2234042553192,-32.10376996805112,Deficient,597.9,6.5,519.5333333333333,467.67999999999995,29.64670525414971
Rayalseema,1912,1.1,4.1,0.6,5.6,24.3,35.4,67.3,93.3,132.0,157.8,223.8,0.2,745.5,5.3,30.5,328.0,381.8,416.2234042553192,-21.196166134185308,Deficient,282.6,-315.29999999999995,490.63333333333327,424.84,37.42650062595784
Rayalseema,1913,0.0,0.4,0.9,10.8,52.8,37.0,93.3,36.9,122.1,184.2,12.3,65.6,616.3,0.4,64.4,289.3,262.2,416.2234042553192,-30.494057507987225,Deficient,328.0,45.39999999999998,402.8333333333333,433.84,34.57148009425055
Rayalseema,1914,2.4,1.3,1.2,23.5,53.2,65.3,72.5,130.0,171.9,83.4,61.3,12.4,678.3,3.6,77.9,439.6,157.1,416.2234042553192,5.61635782747604,Normal,289.3,-38.69999999999999,299.9666666666667,417.84,38.854254173681
Rayalseema,1915,44.9,4.8,80.2,11.9,47.4,55.3,155.3,59.7,167.9,64.6,225.1,5.9,923.1,49.7,139.5,438.2,295.6,416.2234042553192,5.279999999999992,Normal,439.6,150.3,352.3,387.47999999999996,34.424639714346874
Rayalseema,1916,0.0,1.3,0.0,7.9,32.9,48.1,210.1,160.2,182.9,252.5,140.9,10.4,1047.0,1.3,40.8,601.2,403.7,416.2234042553192,44.44166134185304,Excess,438.2,-1.400000000000034,389.0333333333333,355.54,21.95161389167384
Rayalseema,1917,4.5,35.6,7.2,5.4,63.0,86.5,63.0,171.5,185.6,183.8,105.1,21.9,933.1,40.1,75.6,506.6,310.8,416.2234042553192,21.71348242811501,Excess,601.2,163.00000000000006,493.0,419.26000000000005,28.99032568397757
Rayalseema,1918,60.6,2.7,10.5,10.4,69.2,37.6,30.8,74.1,111.4,4.4,211.6,22.8,645.8,63.2,90.0,253.8,238.7,416.2234042553192,-39.02313099041533,Deficient,506.6,-94.60000000000002,515.3333333333334,454.98,25.063007393563147
Rayalseema,1919,24.8,0.0,22.4,14.6,51.5,72.3,151.8,33.0,237.8,79.0,180.6,22.7,890.5,24.8,88.4,494.9,282.3,416.2234042553192,18.902492012779543,Normal,253.8,-252.8,453.86666666666673,447.88,28.414724393522896
Rayalseema,1920,79.5,1.2,0.4,11.5,27.5,42.0,24.4,86.3,155.6,134.9,111.5,0.0,674.8,80.7,39.4,308.3,246.4,416.2234042553192,-25.929201277955272,Deficient,494.9,241.09999999999997,418.43333333333334,458.94000000000005,28.055642298267564
Rayalseema,1921,43.2,0.0,0.0,40.7,9.1,58.6,180.3,93.3,84.4,185.8,43.0,5.2,743.6,43.2,49.8,416.6,234.0,416.2234042553192,0.0904792332268381,Normal,308.3,-186.59999999999997,352.3333333333333,432.96000000000004,33.70920265138098
Rayalseema,1922,36.9,0.0,0.0,12.0,52.0,48.4,64.8,85.0,34.8,120.0,306.3,10.0,770.3,36.9,64.0,233.1,436.3,416.2234042553192,-43.99642172523962,Deficient,416.6,108.30000000000001,406.6000000000001,396.04,28.328978460993
Rayalseema,1923,23.0,8.5,18.0,17.6,23.7,40.6,58.6,24.8,167.4,96.7,19.6,17.3,515.8,31.6,59.3,291.5,133.6,416.2234042553192,-29.965495207667736,Deficient,233.1,-183.50000000000003,319.3333333333333,341.34,32.660953982208
Rayalseema,1924,9.8,0.0,1.2,12.7,37.0,44.7,83.9,86.2,202.9,47.5,158.1,0.3,684.3,9.8,50.9,417.7,205.9,416.2234042553192,0.3547603833865743,Normal,291.5,58.400000000000006,313.73333333333335,348.88,30.148146575044905
Rayalseema,1925,0.0,0.0,5.9,18.3,125.9,33.9,106.3,135.7,85.2,137.3,108.0,109.0,865.5,0.0,150.1,361.1,354.3,416.2234042553192,-13.24370607028754,Normal,417.7,126.19999999999999,314.09999999999997,333.44,24.398640763215234
Rayalseema,1926,57.3,0.0,15.0,38.1,27.8,83.0,87.9,92.3,147.9,80.6,43.6,9.0,682.6,57.4,80.9,411.2,133.2,416.2234042553192,-1.2069009584664607,Normal,361.1,-56.599999999999966,356.76666666666665,344.00000000000006,23.459284314566133
Rayalseema,1927,2.9,1.9,0.0,1.2,29.8,67.8,98.7,76.1,191.6,60.2,150.8,1.0,682.0,4.8,31.0,434.2,212.1,416.2234042553192,4.3189776357827405,Normal,411.2,50.099999999999966,396.6666666666667,342.91999999999996,23.18699455561808
Rayalseema,1928,1.3,38.7,10.9,23.2,22.8,71.9,85.0,87.5,100.1,202.4,37.0,30.4,711.3,40.0,56.9,344.6,269.8,416.2234042553192,-17.207923322683705,Normal,434.2,23.0,402.1666666666667,383.14,15.147366073379715
Rayalseema,1929,11.0,10.3,0.2,35.4,31.1,66.6,36.6,45.7,165.7,146.5,109.4,38.2,696.6,21.3,66.7,314.6,294.1,416.2234042553192,-24.415591054313097,Deficient,344.6,-89.59999999999997,396.6666666666667,393.76,9.832661837184368
Rayalseema,1930,15.6,33.9,8.3,7.6,169.6,98.1,45.6,33.1,137.3,245.8,156.6,44.0,995.5,49.5,185.5,314.1,446.4,416.2234042553192,-24.53571884984025,Deficient,314.6,-30.0,364.4666666666667,373.14,13.103953988723338
Rayalseema,1931,0.2,0.0,2.1,8.9,53.9,92.0,101.2,32.1,137.0,135.7,92.4,63.6,719.2,0.2,64.9,362.3,291.8,416.2234042553192,-12.955399361022366,Normal,314.1,-0.5,324.43333333333334,363.74,15.345376728465595
Rayalseema,1932,0.0,17.2,0.0,12.1,50.8,59.7,72.4,128.6,77.6,92.6,108.6,16.2,635.8,17.2,62.9,338.3,217.4,416.2234042553192,-18.72153354632588,Normal,362.3,48.19999999999999,330.33333333333337,353.96,13.93650020418134
Rayalseema,1933,0.0,1.7,9.4,14.8,47.7,23.5,74.8,181.7,56.3,124.6,42.0,101.7,678.2,1.7,71.9,336.2,268.4,416.2234042553192,-19.226070287539944,Normal,338.3,-24.0,338.23333333333335,334.78000000000003,6.1598670208882895
Rayalseema,1934,21.5,0.0,0.0,23.2,29.3,84.7,115.0,49.9,57.8,151.5,72.9,5.6,611.5,21.5,52.4,307.5,230.1,416.2234042553192,-26.12140575079873,Deficient,336.2,-2.1000000000000227,345.59999999999997,333.1,5.9901892902031175
Rayalseema,1935,8.5,0.6,1.8,22.9,17.5,79.7,92.6,226.1,113.9,171.4,35.8,11.5,782.3,9.0,42.2,512.3,218.7,416.2234042553192,23.082939297124582,Excess,307.5,-28.69999999999999,327.3333333333333,331.68,6.56327201327547
Rayalseema,1936,0.2,31.9,8.3,12.7,52.7,87.7,75.7,49.7,149.1,66.8,150.4,10.4,695.6,32.1,73.7,362.2,227.6,416.2234042553192,-12.9794249201278,Normal,512.3,204.79999999999995,385.3333333333333,371.32,21.859508107386286
Rayalseema,1937,0.5,9.0,6.2,93.5,25.9,55.7,105.0,63.7,110.4,161.2,123.0,21.3,775.4,9.5,125.6,334.8,305.5,416.2234042553192,-19.562428115015976,Normal,362.2,-150.09999999999997,394.0,371.3,21.86143709669116
Rayalseema,1938,0.0,6.7,5.4,1.9,54.1,75.6,72.4,199.4,224.8,24.5,2.7,7.0,674.4,6.7,61.3,572.2,34.2,416.2234042553192,37.47424920127796,Excess,334.8,-27.399999999999977,403.09999999999997,370.6,22.002561388383604
Rayalseema,1939,17.4,0.0,18.3,72.9,10.2,59.3,50.0,85.4,142.5,163.0,177.0,2.2,798.2,17.4,101.4,337.2,342.2,416.2234042553192,-18.98581469648563,Normal,572.2,237.40000000000003,423.06666666666666,417.8,28.044729413125086
Rayalseema,1940,0.3,0.1,8.8,29.4,122.1,91.0,65.7,105.3,128.1,171.7,168.3,13.8,904.6,0.4,160.3,390.1,353.8,416.2234042553192,-6.276293929712459,Normal,337.2,-235.00000000000006,414.73333333333335,423.73999999999995,26.13835076177024
Rayalseema,1941,5.6,7.3,0.0,7.5,38.3,34.3,25.7,57.5,173.8,108.8,98.3,96.2,653.5,12.9,45.8,291.4,303.3,416.2234042553192,-29.98952076677317,Deficient,390.1,52.900000000000034,433.1666666666667,399.3,24.84649277225892
Rayalseema,1942,0.4,0.3,0.0,15.1,28.2,86.5,28.8,123.2,86.3,53.1,63.2,51.8,536.9,0.7,43.3,324.8,168.0,416.2234042553192,-21.964984025559104,Deficient,291.4,-98.70000000000005,339.56666666666666,385.14,28.630470266873637
Rayalseema,1943,22.0,1.8,0.4,26.6,239.8,33.4,88.1,78.1,134.3,309.2,95.7,7.3,1036.5,23.7,266.8,333.9,412.1,416.2234042553192,-19.778658146964865,Normal,324.8,33.400000000000034,335.43333333333334,383.14,29.099700287659402
Rayalseema,1944,0.2,10.4,86.9,9.9,21.2,87.5,144.2,69.0,151.5,180.0,141.1,15.7,917.4,10.6,118.0,452.0,336.8,416.2234042553192,8.595527156549517,Normal,333.9,9.099999999999966,316.7,335.48,10.587002946748871
Rayalseema,1945,0.0,0.0,0.0,22.5,36.7,35.1,160.8,107.6,105.2,60.0,75.6,0.5,604.1,0.0,59.2,408.8,136.1,416.2234042553192,-1.7835143769968067,Normal,452.0,118.10000000000002,370.23333333333335,358.43999999999994,17.635873602969053
Rayalseema,1946,1.7,4.1,7.9,11.8,41.8,42.6,60.0,88.4,151.1,87.4,258.2,198.7,953.7,5.8,61.4,342.2,544.3,416.2234042553192,-17.784536741214062,Normal,408.8,-43.19999999999999,398.23333333333335,362.18,18.23547046447052
Rayalseema,1947,23.2,1.4,0.8,10.3,20.3,65.6,124.0,136.2,126.2,87.4,17.2,11.8,624.3,24.6,31.4,452.0,116.3,416.2234042553192,8.595527156549517,Normal,342.2,-66.60000000000002,401.0,372.34,14.905823264029225
Rayalseema,1948,4.2,1.1,4.1,32.5,36.9,33.2,82.9,105.8,77.7,108.8,113.4,8.1,608.9,5.3,73.6,299.7,230.3,416.2234042553192,-27.99539936102237,Deficient,452.0,109.80000000000001,401.0,397.78000000000003,14.425601464533615
Rayalseema,1949,0.0,0.0,0.1,9.1,68.9,115.6,137.8,163.1,180.9,98.0,53.1,0.0,826.5,0.0,78.0,597.3,151.2,416.2234042553192,43.5046645367412,Excess,299.7,-152.3,364.6333333333334,390.93999999999994,17.384544192737884
Rayalseema,1950,0.2,5.9,3.4,0.7,38.3,31.4,66.8,85.2,136.4,101.5,40.9,0.2,510.9,6.1,42.4,319.8,142.6,416.2234042553192,-23.166261980830672,Deficient,597.3,297.59999999999997,449.6666666666667,420.0,27.435158559229567
Rayalseema,1951,0.0,0.1,16.1,45.9,78.4,54.8,106.7,56.9,65.6,72.1,41.7,0.1,538.4,0.1,140.4,284.0,113.9,416.2234042553192,-31.76741214057509,Deficient,319.8,-277.49999999999994,405.59999999999997,402.19999999999993,30.81440268373628
Rayalseema,1952,0.0,4.3,1.2,12.2,183.5,55.8,59.6,81.9,52.6,108.7,7.4,134.2,701.2,4.3,196.9,249.8,250.2,416.2234042553192,-39.98415335463259,Deficient,284.0,-35.80000000000001,400.3666666666666,390.55999999999995,34.1444723505919
Rayalseema,1953,1.2,0.5,0.0,39.2,19.8,63.7,125.2,58.7,141.9,309.4,35.7,0.3,795.7,1.7,59.0,389.5,345.4,416.2234042553192,-6.420447284345052,Normal,249.8,-34.19999999999999,284.53333333333336,350.12,40.13783587791983
Rayalseema,1954,13.4,0.0,11.9,8.8,35.4,50.6,208.4,79.3,73.0,222.4,0.0,82.0,785.4,13.4,56.1,411.4,304.5,416.2234042553192,-1.158849840255601,Normal,389.5,139.7,307.76666666666665,368.08000000000004,37.544767226347886
Rayalseema,1955,15.2,1.0,4.8,13.8,135.6,42.5,107.3,183.2,118.8,98.9,62.3,33.0,816.4,16.2,154.3,451.7,194.1,416.2234042553192,8.523450479233219,Normal,411.4,21.899999999999977,350.2333333333333,330.9,20.72605169470441
Rayalseema,1956,3.6,0.1,0.0,56.2,59.4,90.6,144.0,72.3,168.6,220.3,79.7,36.0,931.0,3.7,115.6,475.6,336.0,416.2234042553192,14.265559105431311,Normal,451.7,40.30000000000001,417.5333333333333,357.28000000000003,24.160151555878247
Rayalseema,1957,1.0,0.4,11.0,11.4,41.2,119.2,77.0,89.2,73.2,79.1,69.1,0.0,571.7,1.4,63.7,358.5,148.2,416.2234042553192,-13.868370607028757,Normal,475.6,23.900000000000034,446.23333333333335,395.6,22.286196514677663
Rayalseema,1958,2.6,6.2,4.4,30.8,44.1,31.1,65.6,219.2,93.5,202.7,88.2,19.8,808.4,8.8,79.3,409.5,310.7,416.2234042553192,-1.6153354632587904,Normal,358.5,-117.10000000000002,428.59999999999997,417.34,11.26902013732605
Rayalseema,1959,0.2,5.2,0.0,19.0,39.4,102.7,89.1,92.8,132.9,77.5,61.6,15.3,635.8,5.4,58.4,417.5,154.4,416.2234042553192,0.3067092651757144,Normal,409.5,51.0,414.5333333333333,421.34,10.649663862631792
Rayalseema,1960,0.5,0.0,5.0,6.6,41.5,55.5,89.9,27.1,224.0,59.8,227.1,7.2,744.0,0.5,53.1,396.5,294.0,416.2234042553192,-4.73865814696486,Normal,417.5,8.0,395.1666666666667,422.56000000000006,10.5584224472233
Rayalseema,1961,2.4,7.9,0.5,3.0,41.4,96.2,112.5,124.7,54.3,141.5,62.8,4.2,651.5,10.4,44.9,387.7,208.5,416.2234042553192,-6.852907348242818,Normal,396.5,-21.0,407.8333333333333,411.52,10.297366879520347
Rayalseema,1962,1.9,4.0,5.4,44.8,77.5,54.2,40.4,117.1,140.7,231.4,34.4,64.4,816.3,5.9,127.7,352.5,330.3,416.2234042553192,-15.309904153354635,Normal,387.7,-8.800000000000011,400.56666666666666,393.94,5.814497764910077
Rayalseema,1963,7.1,0.3,10.1,38.1,26.4,77.6,82.6,148.2,95.9,159.7,33.0,30.0,709.1,7.4,74.6,404.4,222.7,416.2234042553192,-2.840638977635792,Normal,352.5,-35.19999999999999,378.90000000000003,392.74,6.4323427973095635
Rayalseema,1964,0.0,0.0,0.0,2.0,12.0,56.6,213.4,89.4,225.2,51.0,128.4,13.6,791.6,0.0,13.9,584.5,193.1,416.2234042553192,40.429392971246,Excess,404.4,51.89999999999998,381.5333333333333,391.71999999999997,6.256561500173742
Rayalseema,1965,0.6,0.6,5.5,40.2,15.6,47.2,78.6,168.8,109.4,13.2,62.2,54.3,595.9,1.2,61.2,403.9,129.7,416.2234042553192,-2.960766773162949,Normal,584.5,180.10000000000002,447.1333333333334,425.12,21.470352141527997
Rayalseema,1966,6.1,0.2,0.0,9.7,45.2,94.5,96.7,129.1,143.9,94.2,247.9,36.6,904.1,6.3,54.9,464.2,378.7,416.2234042553192,11.526645367412131,Normal,403.9,-180.60000000000002,464.26666666666665,426.6,21.27360097571592
Rayalseema,1967,16.8,0.0,34.7,7.3,51.5,62.7,127.3,48.9,140.9,100.3,43.2,104.2,737.6,16.8,93.4,379.9,247.6,416.2234042553192,-8.726900958466462,Normal,464.2,60.30000000000001,484.2,441.9,20.137334477388563
Rayalseema,1968,0.1,2.6,10.8,38.1,21.2,45.2,77.9,13.6,150.4,113.7,83.6,66.8,623.9,2.6,70.1,287.0,264.2,416.2234042553192,-31.046645367412147,Deficient,379.9,-84.30000000000001,416.0,447.38,18.491817949532017
Rayalseema,1969,0.0,0.0,0.9,5.0,55.3,61.2,118.1,126.6,49.3,258.1,109.0,58.8,842.4,0.0,61.2,355.3,425.9,416.2234042553192,-14.637188498402557,Normal,287.0,-92.89999999999998,377.0333333333333,423.9,25.974719151593504
Rayalseema,1970,0.1,14.2,2.9,12.3,76.7,57.7,107.5,201.3,131.2,107.9,64.1,0.5,776.4,14.3,91.9,497.6,172.6,416.2234042553192,19.5511821086262,Excess,355.3,68.30000000000001,340.7333333333333,378.05999999999995,17.193613946628602
Rayalseema,1971,3.6,4.8,20.0,27.7,52.1,35.3,60.5,98.5,90.7,163.4,40.8,23.8,621.1,8.3,99.8,285.0,227.9,416.2234042553192,-31.527156549520768,Deficient,497.6,142.3,379.9666666666667,396.8,21.372134176266513
Rayalseema,1972,3.2,0.7,0.0,13.8,89.2,110.8,30.8,27.4,131.5,218.1,108.3,92.3,826.0,3.9,103.0,300.4,418.7,416.2234042553192,-27.82722044728435,Deficient,285.0,-212.60000000000002,379.3,360.96,24.112442943010024
Rayalseema,1973,0.0,0.0,0.1,1.5,30.2,51.1,80.4,150.2,141.9,164.1,34.2,35.7,689.5,0.0,31.8,423.6,234.0,416.2234042553192,1.77226837060703,Normal,300.4,15.399999999999977,361.0,345.06000000000006,26.060672811554053
Rayalseema,1974,0.0,0.0,0.0,7.8,61.7,67.3,94.5,68.5,204.9,194.1,29.5,0.0,728.5,0.0,69.6,435.3,223.6,416.2234042553192,4.5832587859424905,Normal,423.6,123.20000000000005,336.3333333333333,372.38,23.79737299971182
Rayalseema,1975,0.8,0.1,4.9,3.8,46.8,46.0,176.9,133.7,156.7,345.5,121.0,5.3,1041.6,0.9,55.5,513.4,471.8,416.2234042553192,23.34722044728433,Excess,435.3,11.699999999999989,386.43333333333334,388.38,23.668138170713856
Rayalseema,1976,0.9,0.0,0.0,11.7,14.6,70.4,134.7,189.3,50.1,137.9,203.8,3.6,817.0,0.9,26.3,444.5,345.3,416.2234042553192,6.793610223642167,Normal,513.4,78.09999999999997,457.4333333333334,391.54,24.712647167192493
Rayalseema,1977,0.4,0.4,2.2,22.5,70.4,98.6,87.4,140.2,51.3,217.0,175.1,1.0,866.6,0.8,95.2,377.4,393.2,416.2234042553192,-9.327539936102246,Normal,444.5,-68.89999999999998,464.40000000000003,423.43999999999994,18.22263535335997
Rayalseema,1978,1.6,7.4,0.5,30.6,33.0,61.7,130.0,93.3,196.2,80.0,143.4,91.4,869.3,9.1,64.1,481.3,314.8,416.2234042553192,15.635015974440892,Normal,377.4,-67.10000000000002,445.1000000000001,438.84,11.169806416817325
Rayalseema,1979,3.2,19.4,0.0,7.0,96.6,49.7,72.2,79.7,155.3,61.5,256.6,12.3,813.4,22.6,103.6,356.8,330.4,416.2234042553192,-14.276805111821089,Normal,481.3,103.90000000000003,434.40000000000003,450.38,11.384357224742168
Rayalseema,1980,0.0,0.0,1.5,6.6,29.5,58.3,79.5,110.5,62.9,38.6,158.7,27.5,573.7,0.0,37.7,311.1,224.8,416.2234042553192,-25.256485623003197,Deficient,356.8,-124.5,405.1666666666667,434.68,15.352133334104762
Rayalseema,1981,7.9,0.0,20.5,10.4,39.3,61.4,100.7,115.2,210.0,141.7,37.6,40.6,785.2,7.9,70.3,487.1,219.9,416.2234042553192,17.02849840255591,Normal,311.1,-45.69999999999999,383.06666666666666,394.21999999999997,17.34555664516016
Rayalseema,1982,0.9,0.0,0.6,11.3,37.3,76.7,72.7,32.2,105.5,127.8,130.4,0.0,595.6,0.9,49.2,287.2,258.2,416.2234042553192,-30.99859424920128,Deficient,487.1,176.0,385.0,402.74,19.408185231577114
Rayalseema,1983,0.0,1.0,3.9,4.7,54.6,54.8,110.0,193.0,272.5,125.1,35.9,87.5,943.0,1.0,63.2,630.3,248.6,416.2234042553192,51.43309904153352,Excess,287.2,-199.90000000000003,361.8,384.70000000000005,24.49502101031583
Rayalseema,1984,6.5,81.0,28.4,12.4,10.1,27.8,162.1,19.1,130.9,79.3,127.6,47.8,733.0,87.5,51.0,340.0,254.7,416.2234042553192,-18.31309904153355,Normal,630.3,343.09999999999997,468.2,414.5,34.55640308625381
Rayalseema,1985,17.7,0.0,4.2,11.9,13.7,52.1,134.3,77.8,72.3,121.1,140.2,40.6,685.8,17.7,29.8,336.4,301.9,416.2234042553192,-19.178019169329083,Normal,340.0,-290.29999999999995,419.1666666666667,411.14,35.29525998056665
Rayalseema,1986,68.8,14.5,0.0,9.2,17.0,58.7,55.9,54.7,106.9,103.1,81.8,10.3,580.9,83.3,26.2,276.3,195.2,416.2234042553192,-33.61738019169329,Deficient,336.4,-3.6000000000000227,435.5666666666666,416.2,33.911389796702835
Rayalseema,1987,5.1,0.0,11.9,7.9,28.7,56.9,28.8,154.5,88.0,178.4,120.3,88.9,769.5,5.1,48.5,328.3,387.6,416.2234042553192,-21.12408945686901,Deficient,276.3,-60.099999999999966,317.56666666666666,374.04,39.05041553103369
Rayalseema,1988,0.6,0.4,4.0,43.0,52.9,24.8,178.0,217.6,186.1,42.8,61.3,30.7,842.3,1.1,99.9,606.5,134.8,416.2234042553192,45.71501597444089,Excess,328.3,52.0,313.6666666666667,382.26,36.892403614382566
Rayalseema,1989,0.0,0.0,25.4,2.2,24.0,50.4,245.2,26.6,146.8,51.2,75.7,46.1,693.7,0.0,51.5,469.1,173.0,416.2234042553192,12.703897763578276,Normal,606.5,278.2,403.7,377.5,34.589205538355
Rayalseema,1990,2.1,5.5,16.9,8.1,138.8,48.9,62.3,100.1,184.7,186.0,166.4,10.9,930.7,7.6,163.8,396.0,363.3,416.2234042553192,-4.858785942492017,Normal,469.1,-137.39999999999998,467.9666666666667,403.32,33.23013339542652
Rayalseema,1991,11.5,0.0,6.2,26.3,32.4,187.6,79.8,101.6,99.9,191.0,219.6,11.7,967.5,11.5,64.9,468.9,422.3,416.2234042553192,12.655846645367404,Normal,396.0,-73.10000000000002,490.5333333333333,415.23999999999995,31.10143717986605
Rayalseema,1992,7.7,0.0,0.0,17.1,41.5,39.3,90.5,89.9,73.5,89.3,142.7,4.6,596.0,7.7,58.6,293.2,236.6,416.2234042553192,-29.557060702875404,Deficient,468.9,72.89999999999998,444.6666666666667,453.76000000000005,22.81512894905467
Rayalseema,1993,0.0,6.7,17.0,11.3,49.3,41.9,109.5,123.7,128.0,172.7,132.3,94.5,887.1,6.7,77.6,403.2,399.6,416.2234042553192,-3.1289456869009658,Normal,293.2,-175.7,386.0333333333333,446.73999999999995,25.684404212888072
Rayalseema,1994,5.3,13.2,2.1,25.1,43.8,34.4,91.5,107.8,38.0,207.4,101.1,20.8,690.5,18.6,71.0,271.6,329.3,416.2234042553192,-34.74658146964856,Deficient,403.2,110.0,388.43333333333334,406.08000000000004,17.744884673459797
Rayalseema,1995,28.1,4.8,12.8,10.4,136.4,69.4,156.1,182.1,94.0,130.9,45.0,4.3,874.3,32.9,159.6,501.6,180.1,416.2234042553192,20.51220447284345,Excess,271.6,-131.59999999999997,322.6666666666667,366.58000000000004,22.446040599365396
Rayalseema,1996,0.0,0.9,2.4,36.6,32.9,270.7,72.2,183.8,210.1,279.2,44.3,144.6,1277.7,0.9,71.9,736.8,468.1,416.2234042553192,77.02031948881786,Large Excess,501.6,230.0,392.1333333333334,387.7,26.498091514078588
Rayalseema,1997,16.5,1.4,16.9,33.6,36.2,73.7,40.8,80.7,207.4,103.8,145.3,78.8,835.0,17.9,86.6,402.5,327.9,416.2234042553192,-3.2971246006389823,Normal,736.8,235.19999999999993,503.3333333333333,441.28000000000003,42.86824777997577
Rayalseema,1998,0.2,3.1,4.3,32.7,29.0,52.8,126.5,164.7,202.0,146.6,141.3,44.7,948.1,3.3,66.0,546.1,332.6,416.2234042553192,31.203578274760385,Excess,402.5,-334.29999999999995,546.9666666666667,463.14,37.44884683935016
Rayalseema,1999,0.8,5.1,0.5,11.1,68.8,57.6,50.6,97.4,63.3,100.2,69.8,12.0,537.2,5.8,80.4,268.8,182.1,416.2234042553192,-35.41929712460064,Deficient,546.1,143.60000000000002,561.8000000000001,491.7200000000001,35.15558064473953
Rayalseema,2000,0.0,34.3,0.2,22.1,73.8,92.7,94.7,241.5,102.9,134.7,37.7,36.7,871.3,34.3,96.1,531.8,209.1,416.2234042553192,27.76792332268369,Excess,268.8,-277.3,405.8,491.15999999999997,35.377594072016095
Rayalseema,2001,7.7,0.0,6.5,68.2,24.5,24.0,70.1,95.8,195.5,352.5,41.7,38.1,924.5,7.7,99.2,385.4,432.3,416.2234042553192,-7.405495207667741,Normal,531.8,262.99999999999994,448.90000000000003,497.2,35.14407855027399
Rayalseema,2002,25.6,3.2,7.7,17.5,55.0,90.8,42.9,69.8,78.2,167.5,44.2,12.9,615.2,28.8,80.2,281.6,224.6,416.2234042553192,-32.344025559105425,Deficient,385.4,-146.39999999999998,395.3333333333333,426.91999999999996,26.841706455537036
Rayalseema,2003,0.0,1.3,26.1,15.0,4.1,57.4,183.4,116.4,124.9,175.5,11.7,9.6,725.5,1.3,45.2,482.2,196.8,416.2234042553192,15.851246006389768,Normal,281.6,-103.79999999999995,399.6000000000001,402.74,32.875987155499054
Rayalseema,2004,10.2,4.3,12.9,35.1,149.7,39.8,122.9,23.1,153.7,124.4,65.6,0.0,741.7,14.5,197.7,339.5,190.1,416.2234042553192,-18.433226837060708,Normal,482.2,200.59999999999997,383.06666666666666,389.96,30.08877124461094
Rayalseema,2005,1.3,13.6,14.7,38.5,48.4,51.2,133.2,106.6,127.6,304.8,144.8,81.7,1066.4,14.9,101.6,418.6,531.2,416.2234042553192,0.5709904153354644,Normal,339.5,-142.7,367.7666666666667,404.1,25.33813558261848
Rayalseema,2006,0.2,0.0,32.8,9.7,62.7,85.8,43.2,72.0,144.7,88.4,78.6,20.0,638.1,0.2,105.2,345.7,187.0,416.2234042553192,-16.94364217252397,Normal,418.6,79.10000000000002,413.4333333333334,381.46,19.997523647721273
Rayalseema,2007,0.0,0.5,0.1,6.0,15.1,208.2,83.8,186.9,186.0,176.9,35.3,81.8,980.6,0.5,21.2,665.0,294.0,416.2234042553192,59.769968051118205,Large Excess,345.7,-72.90000000000003,367.9333333333334,373.52000000000004,20.834371267982327
Rayalseema,2008,6.4,18.7,62.9,4.1,42.1,31.7,81.4,104.9,121.7,126.0,192.1,5.9,798.0,25.1,109.1,339.8,323.9,416.2234042553192,-18.36115015974441,Normal,665.0,319.3,476.4333333333334,450.2,29.66333151630627
Rayalseema,2009,0.5,0.0,5.3,8.4,47.4,68.9,33.2,128.5,155.8,69.3,135.6,35.4,688.2,0.5,61.1,386.4,240.3,416.2234042553192,-7.1652396166134285,Normal,339.8,-325.2,450.16666666666674,421.71999999999997,33.206897086313674
Rayalseema,2010,4.7,0.8,0.6,13.0,65.4,108.3,187.6,155.0,122.9,83.4,175.1,46.7,963.5,5.5,79.0,573.8,305.2,416.2234042553192,37.85865814696484,Excess,386.4,46.599999999999966,463.73333333333335,431.1,31.227572157405465
Rayalseema,2011,0.8,12.1,0.0,34.6,33.0,44.5,128.9,163.6,71.2,107.5,106.9,35.1,738.0,12.8,67.6,408.2,249.4,416.2234042553192,-1.9276677316294,Normal,573.8,187.39999999999998,433.3333333333333,462.14,32.07350995140426
Rayalseema,2012,2.7,0.0,2.5,32.7,38.8,47.0,139.7,120.0,69.5,113.7,86.6,61.9,715.0,2.7,74.0,376.2,262.1,416.2234042553192,-9.61584664536742,Normal,408.2,-165.59999999999997,456.1333333333334,474.64,29.12729708688025
Rayalseema,2013,1.3,30.6,11.5,26.8,38.9,73.8,95.7,110.3,163.2,169.3,38.6,2.6,762.6,31.9,77.3,443.0,210.5,416.2234042553192,6.433226837060698,Normal,376.2,-32.0,452.7333333333333,416.88,21.861896367359122
Rayalseema,2014,0.2,0.7,12.5,5.1,46.7,66.3,68.7,115.1,81.4,104.6,37.8,12.8,551.8,0.9,64.2,331.5,155.2,416.2234042553192,-20.35527156549521,Deficient,443.0,66.80000000000001,409.1333333333334,437.52,18.368728021848376
Rayalseema,2015,1.9,0.0,13.4,73.4,39.7,73.0,43.1,123.6,136.3,106.7,383.8,52.2,1047.1,1.9,126.4,376.0,542.8,416.2234042553192,-9.663897763578278,Normal,331.5,-111.5,383.5666666666666,426.53999999999996,21.570021947622546
Rayalseema,2016,7.9,0.0,0.8,0.4,80.5,128.6,131.0,41.5,90.8,14.1,5.4,54.4,555.4,7.9,81.7,391.9,73.9,416.2234042553192,-5.843833865814705,Normal,376.0,44.5,383.5,386.98,10.735214794076885
Rayalseema,2017,3.9,0.0,12.8,8.8,39.9,88.9,52.2,171.6,194.6,221.1,33.3,7.4,834.5,3.9,61.5,507.2,261.8,416.2234042553192,21.857635782747597,Excess,391.9,15.899999999999977,366.4666666666667,383.71999999999997,10.443882697428565
Saurashtra & Kutch,1901,1.9,0.0,0.1,0.2,3.2,9.1,87.8,62.5,12.0,3.8,0.0,0.7,181.3,1.9,3.5,171.4,4.4,493.3510638297872,-65.25800539083558,Large Deficient,,,,,
Saurashtra & Kutch,1902,0.1,0.0,0.0,0.5,1.1,14.4,92.9,160.0,123.9,1.5,0.1,6.5,401.1,0.1,1.6,391.2,8.2,493.3510638297872,-20.7055525606469,Deficient,171.4,,,,
Saurashtra & Kutch,1903,0.5,0.0,1.7,0.0,3.1,10.5,337.9,96.1,61.9,11.1,0.0,0.0,522.8,0.5,4.8,506.4,11.1,493.3510638297872,2.6449595687331517,Normal,391.2,219.79999999999998,,,
Saurashtra & Kutch,1904,1.4,5.8,17.5,0.0,0.0,9.5,111.2,9.4,28.9,0.3,1.7,0.0,185.6,7.1,17.5,159.0,2.0,493.3510638297872,-67.77142857142857,Large Deficient,506.4,115.19999999999999,356.3333333333333,,
Saurashtra & Kutch,1905,1.5,1.0,0.6,0.4,0.0,6.4,254.5,12.3,12.8,0.4,0.0,0.0,290.0,2.5,1.0,286.0,0.5,493.3510638297872,-42.02911051212938,Deficient,159.0,-347.4,352.2,,
Saurashtra & Kutch,1906,0.9,28.2,0.0,0.0,0.0,126.0,161.0,152.2,56.6,14.9,0.0,0.6,540.3,29.1,0.0,495.7,15.5,493.3510638297872,0.4761185983827494,Normal,286.0,127.0,317.13333333333327,302.8,48.84315019626298
Saurashtra & Kutch,1907,0.0,19.7,0.0,2.3,0.4,69.0,201.1,213.7,3.3,0.0,0.0,0.0,509.6,19.8,2.7,487.1,0.0,493.3510638297872,-1.2670619946091577,Normal,495.7,209.7,313.56666666666666,367.65999999999997,39.97530926693718
Saurashtra & Kutch,1908,3.6,0.0,0.0,0.0,0.0,30.2,284.8,198.8,10.4,0.1,0.0,0.0,527.9,3.6,0.0,524.3,0.1,493.3510638297872,6.273207547169806,Normal,487.1,-8.599999999999966,422.93333333333334,386.84000000000003,40.519532394086724
Saurashtra & Kutch,1909,0.2,3.5,0.0,3.6,1.0,99.6,247.5,64.8,157.2,2.3,0.0,6.7,586.4,3.7,4.5,569.2,9.0,493.3510638297872,15.37423180592993,Normal,524.3,37.19999999999993,502.3666666666666,390.41999999999996,41.06416875325468
Saurashtra & Kutch,1910,0.3,0.0,0.0,0.4,0.5,163.8,162.1,194.2,24.7,3.6,0.2,0.0,549.7,0.3,0.8,544.8,3.8,493.3510638297872,10.428463611859833,Normal,569.2,44.90000000000009,526.8666666666667,472.46000000000004,23.081358357210625
Saurashtra & Kutch,1911,1.5,0.0,35.5,0.0,0.5,42.1,12.6,27.4,19.9,0.2,0.2,0.4,140.4,1.5,36.1,102.0,0.8,493.3510638297872,-79.32506738544475,Large Deficient,544.8,-24.40000000000009,546.1,524.22,6.495657257163098
Saurashtra & Kutch,1912,0.0,0.0,0.7,0.5,0.3,62.6,428.7,133.5,20.2,2.7,3.4,0.0,652.6,0.0,1.5,645.0,6.0,493.3510638297872,30.73854447439353,Excess,102.0,-442.79999999999995,405.3333333333333,445.48,43.62807165934302
Saurashtra & Kutch,1913,0.0,0.0,0.1,0.0,0.7,213.1,352.8,122.6,61.9,0.5,0.0,0.1,751.9,0.0,0.9,750.3,0.6,493.3510638297872,52.082371967654986,Excess,645.0,543.0,430.59999999999997,477.06000000000006,44.98035659894644
Saurashtra & Kutch,1914,0.0,9.8,0.4,0.0,4.9,161.3,118.1,36.5,238.0,4.2,4.1,0.0,577.1,9.8,5.2,553.9,8.3,493.3510638297872,12.27299191374663,Normal,750.3,105.29999999999995,499.09999999999997,522.26,47.52270494431396
Saurashtra & Kutch,1915,1.3,1.3,7.9,7.2,1.3,34.9,99.3,12.3,29.5,50.6,0.0,0.2,245.8,2.6,16.4,176.0,50.8,493.3510638297872,-64.3256064690027,Large Deficient,553.9,-196.39999999999998,649.7333333333332,519.2,47.68146843361845
Saurashtra & Kutch,1916,0.0,0.0,0.0,0.0,2.7,21.0,105.7,238.9,98.3,29.3,0.0,0.0,495.9,0.0,2.7,463.9,29.3,493.3510638297872,-5.969595687331538,Normal,176.0,-377.9,493.3999999999999,445.43999999999994,64.97595435842501
Saurashtra & Kutch,1917,3.4,0.2,0.0,1.5,57.0,81.4,215.2,209.9,109.6,208.5,0.0,0.0,886.7,3.7,58.5,616.1,208.5,493.3510638297872,24.88064690026955,Excess,463.9,287.9,397.93333333333334,517.8199999999999,42.229563981185954
Saurashtra & Kutch,1918,0.0,0.0,0.6,0.6,3.8,9.9,45.0,49.0,8.6,0.2,0.0,0.0,117.6,0.0,5.0,112.4,0.2,493.3510638297872,-77.21703504043127,Large Deficient,616.1,152.20000000000005,418.6666666666667,512.04,41.95356978845318
Saurashtra & Kutch,1919,7.5,0.0,0.0,1.1,0.9,24.9,170.4,179.6,31.2,18.2,11.3,0.0,445.1,7.5,2.0,406.0,29.6,493.3510638297872,-17.70566037735849,Normal,112.4,-503.70000000000005,397.4666666666667,384.46,59.0487135860898
Saurashtra & Kutch,1920,12.5,4.5,0.3,0.2,20.7,237.7,145.2,52.4,16.5,0.0,0.0,0.0,490.1,17.0,21.2,451.8,0.0,493.3510638297872,-8.422210242587596,Normal,406.0,293.6,378.1666666666667,354.88,58.69142404624586
Saurashtra & Kutch,1921,0.0,0.0,0.0,0.0,0.0,8.6,317.4,79.1,190.0,2.7,0.0,0.2,598.1,0.0,0.0,595.2,2.9,493.3510638297872,20.644312668463623,Excess,451.8,45.80000000000001,323.40000000000003,410.0400000000001,44.9212635914483
Saurashtra & Kutch,1922,0.0,0.0,0.0,1.0,0.1,40.7,127.4,31.5,130.6,1.1,0.0,2.3,334.9,0.0,1.1,330.3,3.5,493.3510638297872,-33.04970350404312,Deficient,595.2,143.40000000000003,484.3333333333333,436.3,46.3594793677487
Saurashtra & Kutch,1923,0.0,11.4,0.0,0.5,2.7,2.0,103.7,69.8,14.0,0.8,0.0,0.0,205.0,11.4,3.2,189.5,0.8,493.3510638297872,-61.58921832884096,Large Deficient,330.3,-264.90000000000003,459.1000000000001,379.14,46.85239423128479
Saurashtra & Kutch,1924,0.0,0.1,0.1,0.0,6.7,41.0,121.3,78.6,62.1,0.3,0.0,0.4,310.7,0.1,6.8,303.1,0.7,493.3510638297872,-38.56301886792452,Deficient,189.5,-140.8,371.66666666666674,394.56,37.98378429273567
Saurashtra & Kutch,1925,0.0,0.0,0.0,0.0,11.7,200.5,79.9,29.2,7.6,0.0,11.8,0.0,340.6,0.0,11.7,317.1,11.8,493.3510638297872,-35.72528301886792,Deficient,303.1,113.60000000000002,274.3,373.98,41.41565623291522
Saurashtra & Kutch,1926,6.0,0.0,0.3,2.2,22.1,9.9,250.4,212.3,396.6,1.7,0.0,0.0,901.4,6.0,24.5,869.2,1.7,493.3510638297872,76.18285714285716,Large Excess,317.1,14.0,269.90000000000003,347.04,43.104762687801156
Saurashtra & Kutch,1927,0.0,8.8,0.1,0.0,1.9,52.5,442.1,47.7,55.8,22.0,3.5,5.1,639.5,8.8,1.9,598.1,30.6,493.3510638297872,21.23212938005392,Excess,869.2,552.1,496.4666666666667,401.84000000000003,66.49164866167366
Saurashtra & Kutch,1928,0.6,0.0,0.0,0.2,0.0,4.8,203.4,91.8,88.9,26.9,10.3,0.0,426.8,0.6,0.2,388.8,37.1,493.3510638297872,-21.192021563342315,Deficient,598.1,-271.1,594.8000000000001,455.4,60.5975788556805
Saurashtra & Kutch,1929,5.1,0.0,0.0,3.1,0.5,39.6,268.4,63.2,11.5,7.7,1.3,21.3,421.8,5.1,3.6,382.8,30.3,493.3510638297872,-22.40819407008086,Deficient,388.8,-209.3,618.7,495.26000000000005,48.46017032520704
Saurashtra & Kutch,1930,4.8,0.5,0.0,0.1,1.8,124.1,225.0,38.2,38.5,17.1,0.0,0.1,450.2,5.3,1.8,425.8,17.3,493.3510638297872,-13.69229110512129,Normal,382.8,-6.0,456.5666666666668,511.2,44.26968255582779
Saurashtra & Kutch,1931,0.2,0.6,0.0,0.1,3.1,8.1,115.0,119.2,20.8,60.1,2.5,0.0,329.7,0.7,3.2,263.1,62.6,493.3510638297872,-46.67083557951482,Deficient,425.8,43.0,399.1333333333334,532.9399999999999,38.92241018267397
Saurashtra & Kutch,1932,0.0,0.0,0.0,0.0,0.3,16.1,384.1,38.5,18.4,35.0,0.0,0.0,492.5,0.0,0.3,457.2,35.0,493.3510638297872,-7.32765498652291,Normal,263.1,-162.7,357.2333333333334,411.71999999999997,29.344044783652034
Saurashtra & Kutch,1933,0.0,4.5,1.2,11.4,103.9,59.6,220.1,242.0,107.0,5.9,2.2,0.2,757.9,4.5,116.4,628.7,8.3,493.3510638297872,27.434609164420497,Excess,457.2,194.09999999999997,382.03333333333336,383.5400000000001,19.224106173986165
Saurashtra & Kutch,1934,0.0,0.0,0.6,0.1,0.0,161.6,114.9,104.8,11.4,0.9,4.0,0.0,398.4,0.0,0.8,392.7,4.9,493.3510638297872,-20.401509433962264,Deficient,628.7,171.50000000000006,449.66666666666674,431.52,30.72422399032621
Saurashtra & Kutch,1935,11.5,0.0,0.0,2.5,0.0,44.8,353.0,64.6,42.3,4.9,0.0,0.4,524.1,11.5,2.5,504.7,5.3,493.3510638297872,2.3003773584905662,Normal,392.7,-236.00000000000006,492.86666666666673,433.5,30.390530674864475
Saurashtra & Kutch,1936,0.0,3.2,0.4,0.0,0.2,114.4,87.8,17.3,114.6,0.0,32.4,0.8,371.1,3.2,0.6,334.1,33.2,493.3510638297872,-32.27946091644204,Deficient,504.7,112.0,508.70000000000005,449.28000000000003,30.10776920154905
Saurashtra & Kutch,1937,0.0,2.4,0.0,0.0,0.0,117.2,271.4,6.0,112.2,8.3,0.0,16.1,533.6,2.4,0.0,506.8,24.4,493.3510638297872,2.726037735849061,Normal,334.1,-170.59999999999997,410.5,463.48,24.311259149294397
Saurashtra & Kutch,1938,0.0,0.0,0.0,0.0,10.0,141.4,114.3,59.2,5.3,15.4,0.0,0.3,346.0,0.0,10.0,320.2,15.7,493.3510638297872,-35.096927223719675,Deficient,506.8,172.7,448.53333333333336,473.4,24.114982226020043
Saurashtra & Kutch,1939,0.0,8.6,2.3,0.0,0.0,9.0,62.2,79.5,11.8,4.1,1.9,0.0,179.4,8.6,2.3,162.5,6.0,493.3510638297872,-67.06199460916442,Large Deficient,320.2,-186.60000000000002,387.03333333333336,411.7,21.87677186077275
Saurashtra & Kutch,1940,7.2,6.4,6.5,0.1,1.7,111.6,87.6,85.6,23.2,2.2,24.5,0.0,356.5,13.6,8.3,307.9,26.7,493.3510638297872,-37.590080862533696,Deficient,162.5,-157.7,329.83333333333337,365.66,39.53372790720191
Saurashtra & Kutch,1941,0.5,3.4,0.0,0.1,0.8,14.4,347.2,13.4,17.1,2.9,0.0,2.0,401.8,3.8,0.9,392.2,4.9,493.3510638297872,-20.502857142857145,Deficient,307.9,145.39999999999998,263.53333333333336,326.3,37.486527449924615
Saurashtra & Kutch,1942,1.0,21.0,0.0,0.0,6.0,13.2,111.3,146.7,42.9,0.0,0.0,0.1,342.2,22.0,6.0,314.1,0.1,493.3510638297872,-36.33336927223719,Deficient,392.2,84.30000000000001,287.53333333333336,337.92,37.27229342474799
Saurashtra & Kutch,1943,0.2,0.0,0.0,1.8,8.8,62.1,352.7,13.4,71.7,15.8,0.1,0.0,526.6,0.2,10.6,499.9,15.9,493.3510638297872,1.3274393530997284,Normal,314.1,-78.09999999999997,338.06666666666666,299.38,27.983541636054838
Saurashtra & Kutch,1944,0.9,0.0,2.1,0.0,4.0,70.0,429.5,196.4,13.1,0.3,0.0,1.3,717.6,0.9,6.1,708.9,1.6,493.3510638297872,43.69078167115903,Excess,499.9,185.79999999999995,402.06666666666666,335.32,36.94555726269535
Saurashtra & Kutch,1945,10.0,0.0,0.0,0.7,0.4,120.9,328.3,102.9,69.1,0.8,0.0,0.0,633.1,10.0,1.1,621.2,0.8,493.3510638297872,25.91439353099732,Excess,708.9,209.0,507.6333333333334,444.6,37.53144973740996
Saurashtra & Kutch,1946,0.0,0.4,0.0,0.9,3.2,137.1,134.3,156.5,30.3,1.8,8.2,0.6,473.4,0.4,4.1,458.3,10.6,493.3510638297872,-7.104690026954173,Normal,621.2,-87.69999999999993,610.0000000000001,507.26000000000005,31.824861981302714
Saurashtra & Kutch,1947,0.0,0.0,0.0,64.4,0.0,1.2,79.1,260.4,151.6,2.1,0.0,0.0,558.8,0.0,64.4,492.2,2.1,493.3510638297872,-0.2333153638814014,Normal,458.3,-162.90000000000003,596.1333333333333,520.48,29.221693473445757
Saurashtra & Kutch,1948,8.2,0.0,0.0,0.0,0.4,13.4,19.4,74.7,72.6,34.0,23.5,1.4,247.7,8.2,0.4,180.1,59.0,493.3510638297872,-63.494555256064686,Large Deficient,492.2,33.89999999999998,523.9000000000001,556.1,18.94397571456652
Saurashtra & Kutch,1949,0.0,0.1,0.0,0.0,0.9,13.3,236.5,231.8,55.9,3.4,0.3,0.0,542.3,0.1,0.9,537.6,3.7,493.3510638297872,8.969056603773593,Normal,180.1,-312.1,376.86666666666673,492.14000000000004,40.911666508692406
Saurashtra & Kutch,1950,0.2,0.0,0.0,0.0,0.0,3.1,386.8,21.0,62.5,0.0,0.0,0.0,473.6,0.2,0.0,473.4,0.0,493.3510638297872,-4.043989218328843,Normal,537.6,357.5,403.3000000000001,457.88,36.44176917426522
Saurashtra & Kutch,1951,0.0,0.0,0.8,0.8,1.4,40.0,128.3,87.7,6.9,0.4,18.8,0.0,285.2,0.0,3.0,263.0,19.2,493.3510638297872,-46.6911051212938,Deficient,473.4,-64.20000000000005,397.0333333333335,428.32,33.13447597712301
Saurashtra & Kutch,1952,0.0,0.3,0.0,0.1,1.7,79.1,279.3,32.7,5.6,1.4,0.7,0.0,400.8,0.3,1.8,396.7,2.1,493.3510638297872,-19.590727762803237,Normal,263.0,-210.39999999999998,424.66666666666674,389.26000000000005,40.49102912197641
Saurashtra & Kutch,1953,6.5,0.3,0.3,0.0,0.0,66.3,112.1,450.3,69.7,1.0,0.0,0.0,706.6,6.8,0.4,698.4,1.0,493.3510638297872,41.56247978436657,Excess,396.7,133.7,377.70000000000005,370.15999999999997,39.843075385935194
Saurashtra & Kutch,1954,1.9,1.1,3.5,0.0,0.4,47.6,180.6,207.0,154.9,0.8,0.5,1.5,599.8,3.0,3.9,590.0,2.8,493.3510638297872,19.59029649595688,Excess,698.4,301.7,452.7000000000001,473.82000000000005,34.17730014209266
Saurashtra & Kutch,1955,0.0,0.0,0.9,0.0,0.9,26.3,26.5,140.8,181.0,8.3,0.0,0.4,385.1,0.0,1.8,374.6,8.7,493.3510638297872,-24.070296495956867,Deficient,590.0,-108.39999999999998,561.7000000000002,484.3,34.824416092156454
Saurashtra & Kutch,1956,0.3,0.2,0.0,0.2,1.2,81.3,318.8,175.4,100.4,59.0,1.8,0.4,739.1,0.5,1.4,675.9,61.2,493.3510638297872,37.00183288409704,Excess,374.6,-215.39999999999998,554.3333333333334,464.53999999999996,37.86194438885552
Saurashtra & Kutch,1957,1.7,0.0,0.1,0.1,1.5,78.6,197.7,90.4,8.0,1.5,18.1,0.8,398.5,1.7,1.7,374.8,20.3,493.3510638297872,-24.029757412398915,Deficient,675.9,301.29999999999995,546.8333333333335,547.12,27.973863639240733
Saurashtra & Kutch,1958,0.9,0.5,0.3,3.3,0.5,43.5,159.9,80.8,213.9,34.6,10.1,3.4,551.6,1.4,4.1,498.1,48.0,493.3510638297872,0.9625876010781742,Normal,374.8,-301.09999999999997,475.10000000000014,542.74,29.22996378996423
Saurashtra & Kutch,1959,0.9,0.0,0.0,2.2,1.7,66.5,549.1,69.0,210.2,116.7,4.6,0.0,1020.9,0.9,4.0,894.7,121.3,493.3510638297872,81.35159029649597,Large Excess,498.1,123.30000000000001,516.2666666666668,502.68,26.3931718464975
Saurashtra & Kutch,1960,0.1,0.0,0.5,0.0,5.9,122.4,132.5,42.9,32.4,0.5,0.0,0.0,337.2,0.1,6.4,330.2,0.6,493.3510638297872,-33.0699730458221,Deficient,894.7,396.6,589.2000000000002,563.6200000000001,39.4640112051548
Saurashtra & Kutch,1961,1.0,7.0,4.8,0.0,2.0,125.9,294.0,127.2,178.8,12.1,0.2,0.0,752.9,7.9,6.8,725.9,12.3,493.3510638297872,47.13660377358491,Excess,330.2,-564.5,574.3333333333335,554.74,41.91465175368569
Saurashtra & Kutch,1962,0.0,0.0,0.7,0.7,2.8,24.0,136.9,103.2,90.3,0.3,12.7,0.2,371.8,0.0,4.1,354.4,13.2,493.3510638297872,-28.16474393530998,Deficient,725.9,395.7,650.2666666666668,564.74,42.494965532040126
Saurashtra & Kutch,1963,0.5,0.0,1.0,1.5,0.5,25.0,83.1,123.6,65.8,45.4,32.5,0.2,379.1,0.5,3.0,297.5,78.1,493.3510638297872,-39.698113207547166,Deficient,354.4,-371.5,470.1666666666667,560.66,43.548611733134905
Saurashtra & Kutch,1964,0.2,0.0,0.0,0.0,1.6,105.5,168.4,184.9,78.8,0.1,0.0,0.0,539.5,0.2,1.6,537.6,0.1,493.3510638297872,8.969056603773593,Normal,297.5,-56.89999999999998,459.2666666666667,520.54,52.236748723068146
Saurashtra & Kutch,1965,5.5,0.0,0.0,0.3,0.2,1.4,285.7,112.1,13.7,0.2,2.1,0.0,421.3,5.5,0.5,413.0,2.3,493.3510638297872,-16.286792452830188,Normal,537.6,240.10000000000002,396.50000000000006,449.12,40.22320433285765
Saurashtra & Kutch,1966,0.2,0.0,0.0,0.0,0.2,74.7,167.3,6.8,76.5,0.7,0.1,0.0,326.5,0.2,0.2,325.4,0.8,493.3510638297872,-34.04291105121294,Deficient,413.0,-124.60000000000002,416.0333333333335,465.67999999999995,36.620817560582445
Saurashtra & Kutch,1967,0.0,0.0,46.2,0.7,0.2,106.2,467.4,61.2,30.8,0.1,0.0,25.6,738.6,0.0,47.1,665.8,25.8,493.3510638297872,34.95460916442048,Excess,325.4,-87.60000000000002,425.3333333333334,385.58000000000004,24.67702735629261
Saurashtra & Kutch,1968,1.1,1.0,0.9,0.0,0.6,11.0,104.9,165.2,24.2,5.1,0.6,0.0,314.6,2.0,1.5,305.3,5.8,493.3510638297872,-38.11708894878706,Deficient,665.8,340.4,468.0666666666668,447.85999999999996,34.29626329429053
Saurashtra & Kutch,1969,0.0,0.2,0.0,0.0,0.0,44.2,176.3,35.5,26.9,0.3,6.4,0.2,290.0,0.2,0.0,282.9,6.9,493.3510638297872,-42.65746630727763,Deficient,305.3,-360.49999999999994,432.16666666666674,449.41999999999996,33.7587252348125
Saurashtra & Kutch,1970,0.1,0.1,0.4,0.2,7.6,70.2,215.7,327.5,196.0,17.7,0.1,0.0,835.8,0.2,8.3,809.5,17.8,493.3510638297872,64.08194070080863,Large Excess,282.9,-22.400000000000034,418.00000000000006,398.47999999999996,39.49087348965791
Saurashtra & Kutch,1971,0.3,0.0,0.0,0.3,2.0,147.1,176.8,134.1,52.2,0.9,0.0,0.0,513.6,0.3,2.3,510.1,0.9,493.3510638297872,3.3949326145552634,Normal,809.5,526.6,465.9000000000001,477.7799999999999,50.875397197852394
Saurashtra & Kutch,1972,0.1,3.4,0.0,0.0,0.3,87.0,98.8,24.9,7.2,0.4,0.0,0.0,222.1,3.4,0.3,217.9,0.4,493.3510638297872,-55.83266846361187,Deficient,510.1,-299.4,534.1666666666669,514.72,44.23229454755636
Saurashtra & Kutch,1973,0.8,0.1,0.0,0.0,0.5,50.8,177.2,78.6,75.3,7.0,0.0,0.0,390.3,1.0,0.5,381.9,7.0,493.3510638297872,-22.59061994609165,Deficient,217.9,-292.20000000000005,512.5000000000001,425.14000000000004,56.70783200766667
Saurashtra & Kutch,1974,0.0,0.0,0.0,0.2,10.3,16.1,56.4,26.1,45.6,29.6,0.0,0.4,184.7,0.0,10.5,144.2,30.0,493.3510638297872,-70.77132075471698,Large Deficient,381.9,163.99999999999997,369.9666666666667,440.4599999999999,53.1024563051955
Saurashtra & Kutch,1975,0.7,0.0,0.0,0.0,0.0,101.2,87.5,189.3,200.0,103.3,0.0,0.0,682.1,0.7,0.0,578.1,103.3,493.3510638297872,17.178221024258768,Normal,144.2,-237.7,248.00000000000009,412.71999999999997,63.867253485406
Saurashtra & Kutch,1976,1.0,0.1,1.0,0.0,0.0,103.7,237.8,188.2,64.8,2.3,26.6,0.0,625.5,1.1,1.1,594.5,28.9,493.3510638297872,20.502425876010783,Excess,578.1,433.90000000000003,368.0666666666668,366.44,50.52849879684773
Saurashtra & Kutch,1977,1.0,0.0,0.0,0.0,7.7,161.0,198.2,88.6,98.9,0.9,7.8,0.0,564.1,1.0,7.7,546.6,8.8,493.3510638297872,10.793315363881408,Normal,594.5,16.399999999999977,438.9333333333334,383.32,53.317685477990665
Saurashtra & Kutch,1978,0.0,0.7,0.0,2.5,0.0,157.4,104.2,170.3,11.1,9.7,32.1,0.5,488.6,0.7,2.5,443.1,42.3,493.3510638297872,-10.185660377358484,Normal,546.6,-47.89999999999998,573.0666666666667,449.06000000000006,42.36452072953607
Saurashtra & Kutch,1979,0.0,3.3,0.0,0.0,0.1,143.5,34.7,634.0,37.0,12.2,89.7,1.0,955.4,3.3,0.1,849.1,102.8,493.3510638297872,72.10867924528303,Large Excess,443.1,-103.5,528.0666666666667,461.3,40.48950580031655
Saurashtra & Kutch,1980,0.3,0.2,0.0,0.0,0.0,321.8,231.6,58.1,15.1,0.1,0.9,7.8,635.8,0.4,0.0,626.6,8.8,493.3510638297872,27.008948787062003,Excess,849.1,406.0,612.9333333333334,602.28,24.905892048945823
Saurashtra & Kutch,1981,0.7,0.0,0.0,0.0,0.7,46.0,284.5,163.8,89.5,32.8,87.0,0.0,705.0,0.7,0.8,583.7,119.8,493.3510638297872,18.31331536388141,Normal,626.6,-222.5,639.6000000000001,611.9800000000001,24.447912131864594
Saurashtra & Kutch,1982,0.1,0.0,0.0,0.3,20.5,5.2,136.7,114.1,16.9,0.7,106.7,0.0,401.3,0.1,20.8,272.9,107.4,493.3510638297872,-44.68442048517521,Deficient,583.7,-42.89999999999998,686.4666666666668,609.82,24.598934611817203
Saurashtra & Kutch,1983,0.2,0.1,0.0,1.3,0.5,210.2,211.8,246.3,67.8,20.3,0.0,0.0,758.4,0.3,1.7,736.1,20.3,493.3510638297872,49.20409703504044,Excess,272.9,-310.80000000000007,494.4000000000001,555.08,38.696169439985376
Saurashtra & Kutch,1984,0.0,0.0,0.0,0.0,0.0,57.7,116.7,153.2,116.1,0.0,0.0,0.0,443.7,0.0,0.0,443.7,0.0,493.3510638297872,-10.064043126684636,Normal,736.1,463.20000000000005,530.9000000000001,613.6800000000001,35.28997571333939
Saurashtra & Kutch,1985,0.0,0.0,0.0,0.0,5.1,12.0,103.3,118.6,17.7,42.1,0.0,0.0,298.8,0.0,5.1,251.6,42.1,493.3510638297872,-49.00183288409704,Deficient,443.7,-292.40000000000003,484.2333333333334,532.6,33.61431803323262
Saurashtra & Kutch,1986,0.0,0.0,0.2,0.0,2.2,167.8,30.4,93.0,4.8,0.0,0.0,0.1,298.5,0.0,2.3,296.0,0.1,493.3510638297872,-40.002156334231806,Deficient,251.6,-192.1,477.1333333333334,457.6,45.07880460004077
Saurashtra & Kutch,1987,0.0,0.0,0.4,0.0,0.1,31.4,18.4,33.5,2.1,0.1,3.2,3.3,92.7,0.0,0.5,85.5,6.6,493.3510638297872,-82.66954177897574,Large Deficient,296.0,44.400000000000006,330.4333333333334,400.06,50.592845236371616
Saurashtra & Kutch,1988,0.0,0.0,0.0,1.1,0.1,12.7,495.8,110.8,131.0,0.8,0.0,0.0,752.3,0.0,1.1,750.3,0.8,493.3510638297872,52.082371967654986,Excess,85.5,-210.5,211.0333333333334,362.58000000000004,67.50377795415885
Saurashtra & Kutch,1989,1.8,0.0,0.2,0.0,0.0,134.5,256.6,60.6,41.3,3.1,0.0,0.0,498.2,1.8,0.2,493.1,3.1,493.3510638297872,-0.0508894878706128,Normal,750.3,664.8,377.2666666666667,365.41999999999996,68.46772976929711
Saurashtra & Kutch,1990,0.0,2.3,0.4,0.0,5.9,32.9,16.9,259.4,70.1,18.8,0.1,1.1,407.9,2.3,6.3,379.3,20.0,493.3510638297872,-23.11762803234501,Deficient,493.1,-257.19999999999993,442.9666666666667,375.3,67.94251650302054
Saurashtra & Kutch,1991,0.0,0.0,0.0,0.0,0.0,13.3,155.6,44.2,5.4,0.0,0.0,0.3,218.7,0.0,0.0,218.4,0.3,493.3510638297872,-55.73132075471698,Deficient,379.3,-113.80000000000001,540.9000000000001,400.84000000000003,61.303251987727926
Saurashtra & Kutch,1992,1.8,0.2,0.0,0.0,0.1,45.1,343.2,111.9,88.7,9.5,0.2,0.0,600.7,2.0,0.1,588.9,9.7,493.3510638297872,19.36733153638814,Excess,218.4,-160.9,363.6000000000001,385.32,66.4982588522938
Saurashtra & Kutch,1993,1.5,4.8,0.0,0.0,0.0,41.4,140.6,4.0,70.1,30.5,17.2,2.5,312.7,6.4,0.0,256.2,50.1,493.3510638297872,-48.06943396226415,Deficient,588.9,370.5,395.5333333333335,486.0,41.598399595275346
Saurashtra & Kutch,1994,1.0,0.0,0.0,0.0,0.0,99.4,403.1,137.5,231.6,0.2,0.0,0.0,872.8,1.0,0.0,871.6,0.2,493.3510638297872,76.66932614555257,Large Excess,256.2,-332.7,354.50000000000006,387.18,40.34728933251993
Saurashtra & Kutch,1995,0.0,0.0,0.2,0.0,0.0,3.0,259.1,45.4,42.5,23.9,0.0,0.0,374.1,0.0,0.2,350.0,23.9,493.3510638297872,-29.056603773584904,Deficient,871.6,615.4000000000001,572.2333333333335,462.88,58.410990459749335
Saurashtra & Kutch,1996,0.4,0.0,0.0,0.1,0.0,137.1,162.1,23.9,11.8,39.0,0.0,0.0,374.4,0.4,0.2,334.9,39.0,493.3510638297872,-32.117304582210245,Deficient,350.0,-521.6,492.6000000000001,457.02,59.72221568613625
Saurashtra & Kutch,1997,0.8,0.0,0.6,0.3,3.0,189.8,137.4,95.7,170.7,1.9,0.0,0.0,600.2,0.8,3.9,593.7,1.9,493.3510638297872,20.340269541778987,Excess,334.9,-15.100000000000023,518.8333333333335,480.32,52.385827727666324
Saurashtra & Kutch,1998,0.0,0.0,0.0,0.0,0.0,109.1,149.6,94.4,62.1,150.0,1.6,0.0,566.9,0.0,0.0,415.2,151.6,493.3510638297872,-15.840862533692723,Normal,593.7,258.80000000000007,426.2000000000001,481.28000000000003,52.3907170459802
Saurashtra & Kutch,1999,1.3,10.5,0.0,0.0,131.9,60.6,42.3,17.4,23.9,92.9,0.0,0.0,380.7,11.8,131.9,144.2,92.9,493.3510638297872,-70.77132075471698,Large Deficient,415.2,-178.50000000000006,447.9333333333334,513.08,43.90257607773655
Saurashtra & Kutch,2000,0.0,0.0,0.0,0.0,2.9,5.4,224.7,46.2,4.5,2.2,0.0,0.1,286.1,0.0,2.9,280.9,2.3,493.3510638297872,-43.06285714285715,Deficient,144.2,-271.0,384.3666666666668,367.6,44.006116140210956
Saurashtra & Kutch,2001,0.0,0.0,0.0,0.2,0.9,172.9,191.1,116.9,20.6,7.6,0.0,0.0,510.2,0.0,1.0,501.5,7.6,493.3510638297872,1.651752021563345,Normal,280.9,136.7,280.1000000000001,353.78000000000003,47.070944175275805
Saurashtra & Kutch,2002,0.0,0.0,0.0,0.0,0.0,166.4,8.0,117.5,15.1,0.2,0.2,0.6,308.1,0.0,0.0,307.0,1.0,493.3510638297872,-37.77250673854447,Deficient,501.5,220.60000000000002,308.86666666666673,387.1,46.001700727415
Saurashtra & Kutch,2003,0.0,0.4,0.0,0.0,0.0,68.2,402.2,190.7,21.7,3.0,0.0,0.0,686.2,0.4,0.0,682.7,3.0,493.3510638297872,38.3801617250674,Excess,307.0,-194.5,363.1333333333334,329.76000000000005,41.28347176005093
Saurashtra & Kutch,2004,0.2,0.0,0.0,0.0,13.6,95.0,90.0,227.7,36.1,19.7,0.0,0.0,482.2,0.2,13.6,448.6,19.8,493.3510638297872,-9.070835579514815,Normal,682.7,375.70000000000005,497.0666666666668,383.26000000000005,54.899816665823906
Saurashtra & Kutch,2005,0.0,0.0,0.0,0.2,0.2,201.2,126.7,68.4,233.1,1.7,0.0,0.0,631.6,0.0,0.4,629.4,1.7,493.3510638297872,27.57649595687332,Excess,448.6,-234.10000000000002,479.4333333333334,444.14,36.596327204269166
Saurashtra & Kutch,2006,0.0,0.0,1.9,0.0,0.0,66.2,373.4,189.8,68.2,1.4,0.3,0.6,701.8,0.0,1.9,697.7,2.3,493.3510638297872,41.42059299191376,Excess,629.4,180.79999999999995,586.9000000000001,513.8399999999999,29.0389777756336
Saurashtra & Kutch,2007,0.0,1.9,0.1,0.0,0.2,114.1,209.2,405.4,157.0,1.7,1.2,0.0,890.7,1.9,0.3,885.7,2.8,493.3510638297872,79.52733153638816,Large Excess,697.7,68.30000000000007,591.9000000000001,553.08,30.65875476613888
Saurashtra & Kutch,2008,0.1,0.1,0.1,0.5,0.0,96.0,150.3,115.1,231.6,5.8,0.6,7.7,607.9,0.2,0.6,593.0,14.1,493.3510638297872,20.19838274932615,Excess,885.7,188.0,737.6,668.8199999999999,23.41678081919714
Saurashtra & Kutch,2009,0.0,0.0,0.0,0.0,0.0,68.1,409.1,106.0,8.8,3.3,1.5,0.0,596.9,0.0,0.1,592.0,4.9,493.3510638297872,19.99568733153639,Excess,593.0,-292.70000000000005,725.4666666666668,650.88,24.541407803663954
Saurashtra & Kutch,2010,0.1,0.0,0.0,0.0,0.1,71.1,393.8,391.3,187.6,11.6,64.3,0.0,1119.9,0.1,0.1,1043.7,75.9,493.3510638297872,111.55320754716982,Large Excess,592.0,-1.0,690.2333333333335,679.5600000000001,18.097280707993736
Saurashtra & Kutch,2011,0.0,1.4,0.0,0.0,0.0,26.0,212.7,290.9,210.1,1.2,0.1,0.0,742.5,1.4,0.0,739.8,1.3,493.3510638297872,49.95407008086253,Excess,1043.7,451.70000000000005,742.9000000000001,762.4200000000001,25.923127031854726
Saurashtra & Kutch,2012,0.0,0.0,0.0,0.2,0.1,22.4,34.7,34.5,228.5,2.4,0.0,1.0,323.8,0.0,0.2,320.1,3.4,493.3510638297872,-35.11719676549865,Deficient,739.8,-303.9000000000001,791.8333333333334,770.8399999999999,25.307030064934438
Saurashtra & Kutch,2013,1.7,0.2,0.1,8.5,0.1,127.7,171.2,83.3,260.2,28.6,0.0,0.0,681.8,1.9,8.7,642.5,28.6,493.3510638297872,30.23180592991914,Excess,320.1,-419.69999999999993,701.2000000000002,657.72,40.09751598438821
Saurashtra & Kutch,2014,0.3,0.0,0.1,0.5,2.1,17.3,137.7,118.8,99.2,5.2,2.7,0.0,383.9,0.3,2.7,373.0,7.8,493.3510638297872,-24.394609164420483,Deficient,642.5,322.4,567.4666666666667,667.6200000000001,39.18592995395142
Saurashtra & Kutch,2015,0.9,0.0,4.4,2.1,0.8,112.6,226.7,10.6,79.9,3.3,0.3,0.0,441.7,0.9,7.4,429.8,3.6,493.3510638297872,-12.88150943396226,Normal,373.0,-269.5,445.2000000000001,623.82,47.09570960458919
Saurashtra & Kutch,2016,0.0,0.0,0.3,0.0,1.1,31.3,110.0,216.0,59.6,64.7,0.0,0.0,482.9,0.0,1.3,416.9,64.7,493.3510638297872,-15.496280323450137,Normal,429.8,56.80000000000001,481.7666666666667,501.03999999999996,36.14992816302466
Saurashtra & Kutch,2017,0.1,0.0,0.0,0.0,0.1,81.8,368.6,153.5,41.8,4.8,0.0,1.3,652.1,0.1,0.1,645.8,6.1,493.3510638297872,30.90070080862533,Excess,416.9,-12.900000000000034,406.5666666666668,436.46000000000004,28.165031721239504
South Interior Karnataka,1901,4.9,31.8,3.0,32.7,109.6,106.0,210.0,109.2,140.8,170.1,72.5,12.3,1003.0,36.8,145.4,566.0,254.9,726.3510638297872,-22.07624822414576,Deficient,,,,,
South Interior Karnataka,1902,1.9,0.5,6.7,42.6,97.7,91.7,210.0,82.1,138.4,219.1,44.6,84.9,1020.1,2.4,147.0,522.3,348.5,726.3510638297872,-28.092622698712606,Deficient,566.0,,,,
South Interior Karnataka,1903,0.3,0.0,1.1,11.6,125.1,129.7,284.4,155.7,197.1,154.2,186.6,24.1,1269.9,0.3,137.7,766.9,364.9,726.3510638297872,5.582553422089428,Normal,522.3,-43.700000000000045,,,
South Interior Karnataka,1904,1.0,0.5,5.2,43.5,144.7,167.9,197.1,73.2,89.6,120.4,2.5,0.3,845.8,1.5,193.3,527.8,123.2,726.3510638297872,-27.335413096650413,Deficient,766.9,244.60000000000002,618.4,,
South Interior Karnataka,1905,1.7,7.9,14.2,23.6,118.6,95.9,148.4,140.6,43.1,142.8,22.4,0.3,759.4,9.5,156.5,427.9,165.5,726.3510638297872,-41.08909295956178,Deficient,527.8,-239.10000000000002,605.6666666666666,,
South Interior Karnataka,1906,14.1,1.5,2.2,4.8,46.1,116.4,211.3,256.3,109.5,173.4,16.5,52.6,1004.5,15.6,53.1,693.5,242.4,726.3510638297872,-4.522752903613221,Normal,427.9,-99.89999999999998,574.1999999999999,562.18,22.27545977018611
South Interior Karnataka,1907,4.5,0.0,11.7,84.7,46.5,137.4,231.5,219.4,146.5,52.6,49.5,14.1,998.5,4.5,142.9,734.9,116.3,726.3510638297872,1.1769702828185171,Normal,693.5,265.6,549.7333333333332,587.68,23.5639435537247
South Interior Karnataka,1908,8.3,2.4,9.3,44.4,92.5,92.2,263.6,118.1,88.0,69.6,1.2,0.5,790.2,10.7,146.2,561.9,71.3,726.3510638297872,-22.640713563864846,Deficient,734.9,41.39999999999998,618.7666666666667,630.1999999999999,23.140458506467233
South Interior Karnataka,1909,19.8,1.2,6.7,42.1,166.6,138.9,245.5,190.5,109.0,121.5,35.8,9.7,1087.4,21.0,215.4,684.0,167.1,726.3510638297872,-5.830660398084272,Normal,561.9,-173.0,663.4333333333334,589.2,21.23894123847751
South Interior Karnataka,1910,0.0,1.1,7.5,27.0,89.8,124.9,254.1,232.6,123.5,219.6,77.0,0.0,1157.3,1.1,124.4,735.1,296.7,726.3510638297872,1.2045051774389666,Normal,684.0,122.10000000000002,660.2666666666668,620.4399999999999,20.223777344516698
South Interior Karnataka,1911,0.8,0.1,5.2,28.8,123.2,174.8,225.7,84.0,63.3,156.7,35.8,7.9,906.3,0.9,157.2,547.8,200.5,726.3510638297872,-24.581923634606092,Deficient,735.1,51.10000000000002,660.3333333333334,681.88,10.416057030517049
South Interior Karnataka,1912,0.8,4.6,2.7,41.7,70.1,133.0,291.9,181.3,176.1,190.0,57.6,0.1,1150.2,5.4,114.6,782.4,247.7,726.3510638297872,7.716507755173777,Normal,547.8,-187.30000000000007,655.6333333333333,652.74,14.077548065902738
South Interior Karnataka,1913,0.0,0.1,1.0,22.3,93.4,124.5,257.5,88.4,151.0,133.6,1.4,3.1,876.4,0.1,116.8,621.4,138.1,726.3510638297872,-14.449082414282996,Normal,782.4,234.60000000000002,688.4333333333334,662.24,15.726245708607504
South Interior Karnataka,1914,0.0,0.6,1.7,16.0,62.6,69.6,309.7,153.3,107.9,115.3,64.0,26.0,926.7,0.6,80.3,640.4,205.3,726.3510638297872,-11.833267425340892,Normal,621.4,-161.0,650.5333333333333,674.14,13.731579606200164
South Interior Karnataka,1915,9.7,2.6,31.6,43.9,66.5,222.9,184.2,75.7,185.0,106.7,93.4,9.5,1031.9,12.4,142.0,667.8,209.6,726.3510638297872,-8.060986862340178,Normal,640.4,19.0,681.4,665.42,14.045015728676926
South Interior Karnataka,1916,0.0,0.1,0.2,23.9,146.3,184.0,188.5,204.7,145.5,178.4,151.6,7.4,1230.7,0.1,170.4,722.8,337.4,726.3510638297872,-0.4888908417182992,Normal,667.8,27.399999999999977,643.1999999999999,651.96,13.10114336366309
South Interior Karnataka,1917,0.3,37.2,15.9,18.4,51.8,163.8,104.4,171.2,275.6,160.0,94.7,1.0,1094.3,37.5,86.1,715.0,255.7,726.3510638297872,-1.5627517319155777,Normal,722.8,55.0,677.0,686.9599999999999,9.552899593337925
South Interior Karnataka,1918,11.1,0.7,13.9,41.0,110.1,69.2,47.5,102.7,98.7,47.0,182.6,8.9,733.3,11.7,165.0,318.1,238.5,726.3510638297872,-56.20575010618509,Deficient,715.0,-7.7999999999999545,701.8666666666667,673.4799999999999,6.638367187327058
South Interior Karnataka,1919,4.8,0.0,7.7,27.1,99.8,152.7,166.9,108.4,225.0,81.9,132.3,4.7,1011.4,4.8,134.6,653.0,218.9,726.3510638297872,-10.098569064252969,Normal,318.1,-396.9,585.3000000000001,612.8199999999999,27.448670889838944
South Interior Karnataka,1920,8.4,0.4,1.7,42.8,58.6,125.1,241.2,92.1,128.1,101.9,28.4,0.1,828.9,8.8,103.2,586.6,130.3,726.3510638297872,-19.240154078240103,Normal,653.0,334.9,562.0333333333333,615.3399999999999,27.435352452819682
South Interior Karnataka,1921,15.4,0.0,2.9,84.6,47.2,114.9,217.8,169.5,77.5,167.6,88.7,0.0,986.1,15.4,134.7,579.7,256.3,726.3510638297872,-20.190107942645398,Deficient,586.6,-66.39999999999998,519.2333333333333,599.1,27.775136261730403
South Interior Karnataka,1922,16.1,1.2,0.3,33.1,109.9,99.5,186.3,114.3,53.4,151.8,129.0,2.2,897.1,17.2,143.3,453.5,283.1,726.3510638297872,-37.564626448145056,Deficient,579.7,-6.899999999999977,606.4333333333333,570.48,26.54603950070277
South Interior Karnataka,1923,3.7,3.9,27.2,31.8,73.8,84.3,408.1,207.7,100.3,40.0,6.7,2.9,990.5,7.6,132.8,800.4,49.6,726.3510638297872,10.194648271013664,Normal,453.5,-126.20000000000005,539.9333333333334,518.1800000000001,25.68524090094863
South Interior Karnataka,1924,0.9,0.1,5.8,38.7,96.0,125.7,460.9,146.7,135.1,58.4,47.1,11.7,1127.0,1.0,140.5,868.3,117.2,726.3510638297872,19.542744994654125,Excess,800.4,346.9,611.1999999999999,614.6400000000001,20.571892824533126
South Interior Karnataka,1925,0.0,0.1,8.4,63.0,116.5,143.2,221.3,132.6,115.3,65.8,69.4,46.8,982.2,0.1,187.9,612.4,181.9,726.3510638297872,-15.68815267220294,Normal,868.3,67.89999999999998,707.4,657.7,26.065022091261092
South Interior Karnataka,1926,23.0,0.4,7.1,37.5,64.1,89.6,234.3,174.2,168.3,89.7,7.6,1.2,897.0,23.4,108.7,666.4,98.5,726.3510638297872,-8.253731124683277,Normal,612.4,-255.89999999999998,760.3666666666667,662.8599999999999,25.514793069064257
South Interior Karnataka,1927,0.1,2.5,5.2,11.2,82.5,114.3,249.1,118.5,186.8,19.4,74.2,0.0,863.7,2.5,98.9,668.7,93.5,726.3510638297872,-7.937079836548171,Normal,666.4,54.0,715.6999999999999,680.2,23.93351165229699
South Interior Karnataka,1928,0.6,44.3,24.0,43.4,66.1,112.1,189.1,161.7,37.8,229.7,28.9,12.7,950.5,44.9,133.5,500.8,271.3,726.3510638297872,-31.05262387041024,Deficient,668.7,2.300000000000068,649.1666666666666,723.24,14.744534994447767
South Interior Karnataka,1929,4.7,13.7,1.9,127.7,101.3,149.7,178.6,88.8,186.0,100.9,76.5,5.2,1034.9,18.4,230.9,603.1,182.5,726.3510638297872,-16.96852527205354,Normal,500.8,-167.90000000000003,611.9666666666667,663.3199999999999,20.093798555809915
South Interior Karnataka,1930,5.2,6.6,10.8,27.0,156.8,126.9,117.2,85.5,150.5,253.9,40.9,12.1,993.3,11.8,194.5,480.1,306.9,726.3510638297872,-33.90248546362611,Deficient,603.1,102.30000000000001,590.8666666666667,610.28,11.174990440414279
South Interior Karnataka,1931,0.0,0.0,3.0,45.7,81.7,116.8,188.2,246.0,144.6,42.7,117.5,26.3,1012.6,0.0,130.4,695.7,186.5,726.3510638297872,-4.219869062788339,Normal,480.1,-123.0,528.0,583.8199999999999,15.331251130099858
South Interior Karnataka,1932,0.0,10.4,0.5,35.8,155.8,72.4,262.9,264.3,117.1,227.0,122.4,1.6,1270.1,10.4,192.0,716.6,351.0,726.3510638297872,-1.3424725749520288,Normal,695.7,215.60000000000002,592.9666666666667,589.6800000000001,16.43559181572503
South Interior Karnataka,1933,0.0,2.9,10.5,43.8,176.0,139.9,216.8,241.6,195.1,236.6,19.2,46.6,1329.2,2.9,230.3,793.4,302.5,726.3510638297872,9.230926959298152,Normal,716.6,20.899999999999977,630.8000000000001,599.26,18.084228998234522
South Interior Karnataka,1934,5.9,0.4,1.1,40.9,52.6,149.4,158.7,137.5,27.7,173.5,38.3,0.3,786.3,6.3,94.6,473.3,212.1,726.3510638297872,-34.83867188072118,Deficient,793.4,76.79999999999995,735.2333333333335,657.78,18.282821898143027
South Interior Karnataka,1935,6.2,1.2,5.2,48.6,52.6,121.9,211.0,197.1,105.2,191.6,6.8,7.3,954.5,7.4,106.3,635.2,205.6,726.3510638297872,-12.549174685472403,Normal,473.3,-320.09999999999997,661.1,631.8199999999999,23.14304530508349
South Interior Karnataka,1936,0.0,6.2,34.7,15.7,102.1,185.2,156.2,111.6,176.1,89.5,76.5,4.5,958.4,6.3,152.5,629.2,170.5,726.3510638297872,-13.3752215240857,Normal,635.2,161.90000000000003,633.9666666666667,662.84,18.120443218895645
South Interior Karnataka,1937,0.1,9.8,14.6,90.8,81.6,99.6,232.7,78.0,121.7,147.0,25.5,9.7,911.2,9.9,187.0,532.0,182.2,726.3510638297872,-26.757180309621106,Deficient,629.2,-6.0,579.2333333333333,649.54,18.357594268680334
South Interior Karnataka,1938,0.0,3.9,17.4,40.7,45.8,144.4,153.8,237.6,178.7,30.6,15.9,2.6,871.4,3.9,103.9,714.6,49.1,726.3510638297872,-1.6178215211564608,Normal,532.0,-97.20000000000005,598.8000000000001,612.6200000000001,19.887656018053626
South Interior Karnataka,1939,3.5,0.0,13.1,70.5,49.6,92.1,184.7,198.1,114.7,226.6,71.6,0.0,1024.6,3.5,133.2,589.6,298.1,726.3510638297872,-18.82713065893346,Normal,714.6,182.60000000000002,625.2666666666668,596.86,15.861959626640484
South Interior Karnataka,1940,0.0,0.1,0.7,60.1,138.3,177.6,203.4,188.7,80.7,174.9,139.7,15.8,1180.0,0.2,199.1,650.4,330.4,726.3510638297872,-10.456522694318734,Normal,589.6,-125.0,612.0666666666667,620.1200000000001,10.797416852823737
South Interior Karnataka,1941,1.2,2.3,2.3,43.8,73.8,154.9,186.5,154.9,129.8,108.4,19.5,60.2,937.6,3.4,119.9,626.2,188.1,726.3510638297872,-13.78824494339235,Normal,650.4,60.799999999999955,651.5333333333333,623.1600000000001,10.935755236063883
South Interior Karnataka,1942,0.1,2.0,0.5,45.0,91.0,164.1,247.5,145.9,77.3,109.0,26.7,23.7,932.9,2.1,136.4,634.8,159.5,726.3510638297872,-12.604244474713305,Normal,626.2,-24.199999999999932,622.0666666666667,622.5600000000001,10.937735236805146
South Interior Karnataka,1943,24.4,0.9,3.7,48.3,189.9,88.5,243.1,67.5,137.0,283.0,50.8,0.0,1137.1,25.3,241.9,536.0,333.9,726.3510638297872,-26.20648241721224,Deficient,634.8,8.599999999999909,637.1333333333333,643.1200000000001,7.118021211234124
South Interior Karnataka,1944,0.2,24.3,37.0,21.7,98.5,100.0,275.1,82.0,127.2,178.5,74.4,6.7,1025.7,24.5,157.3,584.3,259.6,726.3510638297872,-19.55680536637521,Normal,536.0,-98.79999999999995,599.0,607.4,7.530192048751521
South Interior Karnataka,1945,0.4,1.2,0.3,54.9,93.3,79.9,260.9,109.9,72.6,85.2,33.7,0.1,792.3,1.6,148.4,523.3,119.0,726.3510638297872,-27.954948225610387,Deficient,584.3,48.299999999999955,585.0333333333333,606.3399999999999,7.6379351409181115
South Interior Karnataka,1946,0.1,2.4,14.8,62.5,86.9,146.8,201.5,255.9,168.1,112.9,150.3,42.9,1245.0,2.5,164.2,772.2,306.1,726.3510638297872,6.3122281295311815,Normal,523.3,-61.0,547.8666666666667,580.92,8.736302937743961
South Interior Karnataka,1947,8.1,5.9,10.0,22.4,53.2,83.5,238.9,236.2,139.7,127.6,15.2,17.6,958.3,14.0,85.6,698.3,160.5,726.3510638297872,-3.861915432722591,Normal,772.2,248.9000000000001,626.5999999999999,610.12,16.508047745923164
South Interior Karnataka,1948,4.0,0.1,3.2,70.7,153.9,135.6,188.6,255.6,61.1,117.7,81.5,2.1,1074.1,4.0,227.8,641.0,201.3,726.3510638297872,-11.75066274147956,Normal,698.3,-73.90000000000009,664.6,622.8199999999999,17.392688869775437
South Interior Karnataka,1949,0.1,0.1,3.8,32.1,103.6,82.4,179.5,165.2,107.8,188.3,13.6,0.0,876.4,0.2,139.4,534.9,201.9,726.3510638297872,-26.35792433762468,Deficient,641.0,-57.299999999999955,703.8333333333334,643.8199999999999,15.044118564565487
South Interior Karnataka,1950,0.1,13.3,0.8,6.5,61.3,91.2,268.8,148.7,154.5,133.7,77.1,0.4,956.5,13.4,68.7,663.3,211.2,726.3510638297872,-8.68052199130015,Normal,534.9,-106.10000000000002,624.7333333333333,633.9399999999999,16.797662634542835
South Interior Karnataka,1951,0.2,0.0,13.0,60.9,135.2,111.7,205.7,89.4,177.9,98.0,33.3,0.0,925.3,0.2,209.1,584.7,131.3,726.3510638297872,-19.501735577134312,Normal,663.3,128.39999999999998,613.0666666666667,661.9399999999999,13.095958338480399
South Interior Karnataka,1952,0.3,10.7,0.6,40.0,76.8,106.8,176.2,156.2,66.7,188.6,0.7,48.2,871.8,11.0,117.5,505.8,237.5,726.3510638297872,-30.36425150489916,Deficient,584.7,-78.59999999999991,594.3,624.4399999999999,10.389694361312692
South Interior Karnataka,1953,0.5,2.2,0.7,71.0,34.4,163.7,368.5,191.5,113.0,307.4,2.6,0.5,1255.9,2.6,106.1,836.8,310.4,726.3510638297872,15.205999091934322,Normal,505.8,-78.90000000000003,584.6,585.9399999999999,11.462988373614499
South Interior Karnataka,1954,1.8,0.5,8.9,38.5,127.2,139.3,298.5,175.6,56.9,164.8,0.5,18.6,1031.1,2.3,174.5,670.3,183.9,726.3510638297872,-7.716800679584638,Normal,836.8,330.99999999999994,642.4333333333333,625.1,21.2044277359172
South Interior Karnataka,1955,0.9,0.1,10.4,48.7,168.2,135.9,88.9,151.6,201.2,175.1,18.1,2.9,1002.0,1.0,227.4,577.5,196.1,726.3510638297872,-20.492991783470277,Deficient,670.3,-166.5,670.9666666666666,652.1800000000001,18.86000909429115
South Interior Karnataka,1956,0.4,1.4,2.5,68.5,62.5,209.6,251.3,137.1,120.1,265.0,124.0,1.2,1243.7,1.8,133.5,718.1,390.3,726.3510638297872,-1.1359608652987048,Normal,577.5,-92.79999999999995,694.8666666666667,635.02,19.996627731442526
South Interior Karnataka,1957,0.0,0.5,9.4,18.6,169.0,174.9,242.6,147.2,47.0,177.6,77.9,0.1,1064.7,0.5,196.9,611.6,255.6,726.3510638297872,-15.798292250684709,Normal,718.1,140.60000000000002,655.3000000000001,661.6999999999999,19.310639225693595
South Interior Karnataka,1958,3.3,1.3,13.1,60.6,134.5,163.2,340.2,201.7,123.1,108.7,59.6,0.6,1210.0,4.6,208.2,828.2,168.9,726.3510638297872,14.021998623255277,Normal,611.6,-106.5,635.7333333333333,682.86,14.876006309637086
South Interior Karnataka,1959,0.2,2.5,0.3,25.2,89.8,255.8,425.6,172.2,218.2,55.4,29.3,6.3,1280.9,2.7,115.3,1071.8,91.1,726.3510638297872,47.55950027095508,Excess,828.2,216.60000000000002,719.3000000000001,681.14,14.438349839787259
South Interior Karnataka,1960,0.3,0.0,15.3,42.4,92.6,119.8,254.3,124.4,162.7,112.8,65.3,0.2,989.9,0.3,150.2,661.2,178.2,726.3510638297872,-8.96963838481479,Normal,1071.8,243.5999999999999,837.2000000000002,761.4399999999999,26.1792447197205
South Interior Karnataka,1961,2.1,3.4,2.6,62.5,161.6,196.2,492.7,213.5,93.8,165.4,14.3,1.4,1409.5,5.5,226.7,996.2,181.1,726.3510638297872,37.15131010442756,Excess,661.2,-410.5999999999999,853.7333333333332,778.1800000000001,23.498982425858863
South Interior Karnataka,1962,1.4,6.9,5.5,81.3,118.5,66.1,310.4,268.5,149.1,203.7,29.6,65.9,1307.2,8.3,205.4,794.2,299.3,726.3510638297872,9.341066537779934,Normal,996.2,335.0,909.7333333333332,833.8,24.151859127157316
South Interior Karnataka,1963,1.2,2.8,13.0,51.6,78.1,108.5,197.5,232.5,92.6,193.8,9.0,12.3,992.8,3.9,142.7,631.1,215.1,726.3510638297872,-13.113640025191495,Normal,794.2,-202.0,817.2000000000002,870.32,18.85725588352427
South Interior Karnataka,1964,0.0,0.1,0.7,23.6,51.0,122.2,280.0,305.4,182.7,121.5,78.4,3.8,1169.4,0.1,75.2,890.3,203.7,726.3510638297872,22.571583402902878,Excess,631.1,-163.10000000000002,807.1666666666666,830.9,23.723424508656034
South Interior Karnataka,1965,1.0,0.2,4.6,24.6,42.0,129.8,245.2,141.1,81.4,17.7,25.8,21.7,735.2,1.2,71.3,597.5,65.1,726.3510638297872,-17.739502321425952,Normal,890.3,259.19999999999993,771.8666666666667,794.6,19.32609476982769
South Interior Karnataka,1966,4.2,0.9,2.5,24.7,90.9,82.3,256.1,91.0,188.5,132.8,123.2,13.8,1010.9,5.2,118.1,617.8,269.8,726.3510638297872,-14.944710517450975,Normal,597.5,-292.79999999999995,706.3000000000001,781.86,21.64597213096464
South Interior Karnataka,1967,5.7,0.0,4.7,25.7,77.8,136.3,350.4,157.3,57.8,96.2,12.3,16.0,940.3,5.7,108.3,701.8,124.6,726.3510638297872,-3.3800547768648346,Normal,617.8,20.299999999999955,701.8666666666667,706.1800000000001,18.3143112237717
South Interior Karnataka,1968,0.0,8.0,8.5,47.5,71.8,120.6,284.1,124.7,209.7,99.3,23.4,3.4,1001.0,8.0,127.8,739.2,126.0,726.3510638297872,1.7689705171580552,Normal,701.8,84.0,639.0333333333333,687.7,17.429945817914483
South Interior Karnataka,1969,0.0,0.0,2.3,37.8,101.9,100.8,289.5,216.3,104.0,174.8,51.4,27.7,1106.5,0.0,142.0,710.6,253.9,726.3510638297872,-2.1685194135653245,Normal,739.2,37.40000000000009,686.2666666666665,709.3199999999999,16.468555103643666
South Interior Karnataka,1970,1.4,5.4,4.3,49.5,129.6,99.5,210.1,206.4,129.0,217.6,20.9,0.2,1073.8,6.7,183.4,645.0,238.7,726.3510638297872,-11.199964849070696,Normal,710.6,-28.600000000000023,717.2000000000002,673.3799999999999,9.206147252263596
South Interior Karnataka,1971,2.0,5.3,2.7,37.9,100.5,204.5,174.9,180.7,161.7,122.3,17.4,10.3,1020.2,7.3,141.1,721.7,150.0,726.3510638297872,-0.6403327621307242,Normal,645.0,-65.60000000000002,698.2666666666668,682.8799999999999,7.3104291108294985
South Interior Karnataka,1972,0.0,1.1,0.1,26.9,190.5,153.6,214.6,97.6,176.2,135.7,26.3,41.5,1064.0,1.1,217.5,642.0,203.5,726.3510638297872,-11.612988268377345,Normal,721.7,76.70000000000005,692.4333333333334,703.6600000000001,5.065102445896536
South Interior Karnataka,1973,0.0,0.0,0.2,21.8,102.4,214.9,232.7,220.8,118.0,140.5,26.5,8.7,1086.6,0.0,124.4,786.5,175.7,726.3510638297872,8.280973094892865,Normal,642.0,-79.70000000000005,669.5666666666667,691.7,6.531537573806522
South Interior Karnataka,1974,0.1,0.0,4.3,34.5,113.2,71.0,281.8,166.7,235.0,138.2,6.6,0.0,1051.5,0.1,152.0,754.5,144.9,726.3510638297872,3.8753899556219538,Normal,786.5,144.5,716.7333333333332,701.1600000000001,8.571430571209016
South Interior Karnataka,1975,4.1,3.2,15.5,21.0,93.0,224.8,260.6,252.8,224.0,157.7,76.3,1.3,1334.3,7.3,129.4,962.2,235.3,726.3510638297872,32.47037801895222,Excess,754.5,-32.0,727.6666666666666,709.9399999999999,9.133565240133864
South Interior Karnataka,1976,0.0,0.1,2.6,66.9,25.9,64.0,203.7,148.3,87.2,54.4,106.5,1.7,761.2,0.1,95.3,503.1,162.6,726.3510638297872,-30.73597258227514,Deficient,962.2,207.70000000000005,834.4,773.3799999999999,15.314725945851762
South Interior Karnataka,1977,0.0,1.3,13.8,51.2,136.8,168.5,227.7,134.5,166.5,224.6,82.8,0.1,1207.8,1.3,201.8,697.1,307.4,726.3510638297872,-4.0271248004452405,Normal,503.1,-459.1,739.9333333333334,729.6600000000001,23.432804717376673
South Interior Karnataka,1978,0.5,7.0,2.6,40.1,104.5,188.1,281.8,231.2,156.8,107.1,81.0,30.8,1231.6,7.5,147.3,857.9,219.0,726.3510638297872,18.110930474391083,Normal,697.1,194.0,720.8000000000001,740.6800000000001,22.359016288478372
South Interior Karnataka,1979,0.3,29.2,4.1,31.3,49.0,192.8,189.3,207.9,219.6,81.9,113.9,1.4,1120.8,29.5,84.4,809.6,197.2,726.3510638297872,11.461253423554057,Normal,857.9,160.79999999999995,686.0333333333333,754.96,22.973476796578503
South Interior Karnataka,1980,0.0,0.0,7.2,79.1,99.0,228.0,287.7,179.6,161.8,99.6,81.1,1.9,1225.0,0.0,185.2,857.1,182.7,726.3510638297872,18.000790895909315,Normal,809.6,-48.299999999999955,788.2000000000002,765.98,22.86562336735532
South Interior Karnataka,1981,1.8,0.1,19.6,25.5,94.9,136.3,189.4,299.8,254.6,123.2,32.8,6.5,1184.6,1.9,140.0,880.2,162.5,726.3510638297872,21.18107122457051,Excess,857.1,47.5,841.5333333333333,744.9599999999999,20.16839260214709
South Interior Karnataka,1982,0.1,0.0,2.0,18.3,99.2,151.1,217.0,240.8,126.9,97.1,50.8,0.2,1003.5,0.1,119.5,735.8,148.1,726.3510638297872,1.3008773086105083,Normal,880.2,23.100000000000023,848.9666666666667,820.3799999999999,8.967490628452571
South Interior Karnataka,1983,0.0,0.0,0.9,5.1,77.0,215.3,206.6,262.5,185.9,97.8,21.1,38.9,1111.2,0.0,83.0,870.3,157.8,726.3510638297872,19.81809394085856,Excess,735.8,-144.4000000000001,824.3666666666667,828.1200000000001,6.964404291776344
South Interior Karnataka,1984,2.1,7.9,75.4,39.0,44.7,196.2,256.8,122.3,167.1,142.3,5.7,4.4,1063.9,10.0,159.1,742.4,152.4,726.3510638297872,2.209528831085137,Normal,870.3,134.5,828.7666666666668,830.6,7.164897365444419
South Interior Karnataka,1985,4.1,0.1,13.8,42.1,52.8,193.3,138.7,172.3,139.7,67.4,29.3,5.8,859.3,4.2,108.6,644.0,102.5,726.3510638297872,-11.337639322172912,Normal,742.4,-127.89999999999998,782.8333333333334,817.1600000000001,8.782405924318079
South Interior Karnataka,1986,13.9,9.2,3.9,26.2,51.7,210.0,149.9,208.2,175.3,79.4,94.1,8.4,1030.2,23.1,81.8,743.4,181.8,726.3510638297872,2.347203304187353,Normal,644.0,-98.39999999999998,752.2333333333332,774.54,12.896109236033457
South Interior Karnataka,1987,0.3,0.0,4.5,9.2,64.2,135.7,114.9,151.7,139.9,205.4,76.9,31.9,934.7,0.3,77.9,542.3,314.2,726.3510638297872,-25.33913323666828,Deficient,743.4,99.39999999999998,709.9333333333333,747.18,10.78428880859937
South Interior Karnataka,1988,0.2,2.9,11.9,71.4,84.9,68.0,276.0,251.3,199.2,30.6,5.9,19.9,1022.2,3.1,168.2,794.6,56.4,726.3510638297872,9.396136327020816,Normal,542.3,-201.10000000000002,643.2333333333332,708.48,17.33428790521883
South Interior Karnataka,1989,0.0,0.1,12.5,24.0,53.3,145.0,286.3,135.0,149.4,86.9,15.7,5.2,913.5,0.1,89.8,715.7,107.9,726.3510638297872,-1.4663796007440202,Normal,794.6,252.30000000000007,693.4333333333334,693.3399999999999,14.497383376854827
South Interior Karnataka,1990,4.0,0.1,5.0,15.2,115.1,130.1,148.5,193.8,59.0,128.5,47.0,2.2,848.5,4.2,135.3,531.3,177.7,726.3510638297872,-26.85355244079266,Deficient,715.7,-78.89999999999998,684.1999999999999,688.0,14.234635057316419
South Interior Karnataka,1991,1.0,0.1,2.6,64.2,108.6,248.9,261.9,165.5,115.8,192.5,60.0,0.1,1221.2,1.1,175.3,792.2,252.6,726.3510638297872,9.065717591575504,Normal,531.3,-184.4000000000001,680.5333333333334,665.46,18.164137870307307
South Interior Karnataka,1992,0.2,0.3,0.0,28.6,78.9,269.4,202.1,215.9,145.5,113.5,146.5,0.2,1201.0,0.4,107.5,832.9,260.2,726.3510638297872,14.669068646835685,Normal,792.2,260.9000000000001,679.7333333333333,675.22,19.30350372335551
South Interior Karnataka,1993,0.0,0.5,6.2,22.9,66.4,149.0,204.7,189.9,105.3,234.5,25.0,33.7,1038.1,0.5,95.5,648.9,293.2,726.3510638297872,-10.663034403972055,Normal,832.9,40.69999999999993,718.8000000000001,733.3399999999999,16.457084412081546
South Interior Karnataka,1994,11.7,2.4,3.9,54.6,70.9,184.9,336.4,132.6,96.4,238.6,24.8,0.5,1157.8,14.1,129.4,750.4,263.9,726.3510638297872,3.3109246159028647,Normal,648.9,-184.0,758.0,704.2,17.009883064436263
South Interior Karnataka,1995,4.2,0.2,3.5,32.1,70.9,79.6,248.4,179.8,135.6,98.8,30.1,0.0,883.2,4.4,106.5,643.4,128.9,726.3510638297872,-11.420244006034244,Normal,750.4,101.5,744.0666666666666,711.1400000000001,17.100399846443782
South Interior Karnataka,1996,1.1,0.2,1.5,49.8,52.8,204.4,187.3,187.4,188.3,132.9,10.9,27.5,1044.0,1.3,104.0,767.5,171.2,726.3510638297872,5.665158105950761,Normal,643.4,-107.0,680.9,733.5600000000001,11.58468341639517
South Interior Karnataka,1997,4.9,0.1,26.2,26.0,45.3,178.9,251.7,246.8,108.4,134.4,123.8,33.6,1180.0,4.9,97.5,785.8,291.8,726.3510638297872,8.184600963721307,Normal,767.5,124.10000000000002,720.4333333333334,728.6200000000001,11.166371250775754
South Interior Karnataka,1998,0.0,0.0,3.5,31.6,47.0,155.6,278.4,205.5,175.8,148.9,55.0,11.7,1113.3,0.1,82.2,815.4,215.7,726.3510638297872,12.259765367546905,Normal,785.8,18.299999999999955,732.2333333333332,719.2,9.437968334750012
South Interior Karnataka,1999,0.1,4.6,1.5,42.2,131.2,129.5,289.6,138.8,108.0,271.9,28.8,3.5,1149.6,4.7,174.9,665.9,304.2,726.3510638297872,-8.322568361234385,Normal,815.4,29.600000000000023,789.5666666666666,752.5,8.713575763045815
South Interior Karnataka,2000,1.4,15.5,0.3,46.3,59.3,167.5,200.5,300.6,183.5,206.2,14.1,12.1,1207.2,16.9,105.9,852.1,232.3,726.3510638297872,17.312418530398237,Normal,665.9,-149.5,755.6999999999999,735.6,10.367553028427384
South Interior Karnataka,2001,0.5,1.1,1.7,90.6,30.4,127.2,168.2,152.0,189.9,122.7,40.0,2.1,926.3,1.6,122.7,637.2,164.8,726.3510638297872,-12.273825739267972,Normal,852.1,186.20000000000005,777.8000000000001,777.34,9.010784971322755
South Interior Karnataka,2002,2.0,11.4,2.3,20.6,77.2,131.9,92.6,155.1,74.9,168.4,18.8,0.6,755.8,13.4,100.0,454.5,187.8,726.3510638297872,-37.42695197504284,Deficient,637.2,-214.89999999999998,718.4,751.28,12.587450406577027
South Interior Karnataka,2003,0.1,4.2,20.1,36.4,9.6,118.2,162.5,152.2,51.9,192.4,11.5,3.6,762.8,4.3,66.1,484.9,207.4,726.3510638297872,-33.24164799273548,Deficient,454.5,-182.70000000000005,647.9333333333334,685.02,23.16303349447959
South Interior Karnataka,2004,9.1,12.8,16.4,62.2,180.2,196.6,191.7,211.1,117.5,101.5,24.0,10.4,1133.4,21.9,258.7,716.8,136.0,726.3510638297872,-1.314937680331595,Normal,484.9,30.399999999999977,525.5333333333334,618.92,25.789492581534024
South Interior Karnataka,2005,7.2,3.9,3.2,76.0,74.7,138.7,333.5,233.2,145.5,241.8,56.3,5.3,1319.3,11.1,153.8,851.0,303.5,726.3510638297872,17.160976609985795,Normal,716.8,231.89999999999998,552.0666666666666,629.1,26.211646501841653
South Interior Karnataka,2006,0.2,0.1,35.4,24.7,127.1,183.7,226.7,172.9,112.0,61.7,84.9,1.1,1030.5,0.3,187.2,695.3,147.7,726.3510638297872,-4.274938852029239,Normal,851.0,134.20000000000005,684.2333333333332,628.8799999999999,26.161729662469774
South Interior Karnataka,2007,0.1,0.3,0.9,39.8,76.7,216.7,267.2,245.5,198.5,152.5,18.2,14.6,1231.0,0.4,117.5,927.9,185.3,726.3510638297872,27.7481435915462,Excess,695.3,-155.70000000000005,754.3666666666667,640.5,26.118489728438156
South Interior Karnataka,2008,0.8,20.7,108.9,24.9,66.3,149.8,203.4,269.8,141.4,117.1,32.3,5.2,1140.6,21.5,200.1,764.4,154.6,726.3510638297872,5.238367239333889,Normal,927.9,232.60000000000002,824.7333333333332,735.1800000000001,23.07589099201593
South Interior Karnataka,2009,0.1,0.1,27.3,25.4,101.3,101.6,324.7,153.2,247.9,98.2,55.7,22.9,1158.4,0.2,153.9,827.5,176.8,726.3510638297872,13.92562649208372,Normal,764.4,-163.5,795.8666666666667,791.0799999999999,12.274298567916626
South Interior Karnataka,2010,7.9,1.7,5.6,71.1,94.9,129.1,235.1,228.1,150.7,129.6,183.5,2.5,1239.7,9.5,171.6,743.1,315.5,726.3510638297872,2.3059009622566946,Normal,827.5,63.10000000000002,839.9333333333333,813.2199999999999,10.837807724203072
South Interior Karnataka,2011,2.1,12.4,12.4,80.2,83.5,177.1,202.4,199.5,111.2,144.8,56.7,5.0,1087.4,14.5,176.1,690.2,206.5,726.3510638297872,-4.977078664850527,Normal,743.1,-84.39999999999998,778.3333333333334,791.64,11.33933886249171
South Interior Karnataka,2012,4.6,5.5,8.1,99.0,45.6,81.8,144.7,236.5,100.6,62.8,82.6,6.2,877.8,10.1,152.6,563.5,151.6,726.3510638297872,-22.4204344069013,Deficient,690.2,-52.89999999999998,753.6,790.62,11.52935300839956
South Interior Karnataka,2013,0.5,10.1,11.7,34.6,95.6,176.2,307.4,151.7,191.8,103.7,24.9,2.4,1110.7,10.6,142.0,827.1,131.0,726.3510638297872,13.870556702842835,Normal,563.5,-126.70000000000005,665.6,717.74,13.830534819222642
South Interior Karnataka,2014,0.4,2.4,17.7,46.7,130.5,106.8,271.6,254.6,161.6,152.9,20.2,18.7,1184.2,2.8,195.0,794.5,191.8,726.3510638297872,9.382368879710592,Normal,827.1,263.6,693.6,730.2800000000001,15.064608972418167
South Interior Karnataka,2015,1.7,0.2,24.4,80.5,125.3,218.7,112.0,136.6,164.5,106.1,138.1,4.4,1112.5,1.9,230.2,631.8,248.6,726.3510638297872,-13.017267894019954,Normal,794.5,-32.60000000000002,728.3666666666667,723.6800000000001,14.304879685962831
South Interior Karnataka,2016,3.6,0.4,3.2,8.8,92.0,172.2,196.5,85.9,62.8,21.9,9.1,31.0,687.3,4.0,103.9,517.4,61.9,726.3510638297872,-28.76722761691346,Deficient,631.8,-162.70000000000005,751.1333333333333,701.42,15.691236233471088
South Interior Karnataka,2017,5.0,0.0,16.8,34.1,140.9,107.6,125.9,181.4,250.3,178.3,13.8,7.7,1061.7,5.0,191.8,665.2,199.8,726.3510638297872,-8.418940492405927,Normal,517.4,-114.39999999999998,647.9,666.86,20.699921718305106
Sub Himalayan West Bengal & Sikkim,1901,26.5,14.8,14.1,29.2,195.5,488.4,524.8,501.1,242.7,55.5,17.9,2.6,2113.2,41.3,238.9,1757.0,76.1,2077.859574468085,-15.441831508282872,Normal,,,,,
Sub Himalayan West Bengal & Sikkim,1902,1.2,0.7,87.1,126.1,271.3,539.2,671.0,603.8,799.9,74.4,5.6,0.0,3180.4,1.9,484.6,2613.9,80.1,2077.859574468085,25.797721468696302,Excess,1757.0,,,,
Sub Himalayan West Bengal & Sikkim,1903,5.5,8.7,19.6,18.6,163.6,541.2,431.5,708.8,365.2,141.3,0.3,0.0,2404.5,14.3,201.9,2046.7,141.6,2077.859574468085,-1.49959962891437,Normal,2613.9,856.9000000000001,,,
Sub Himalayan West Bengal & Sikkim,1904,3.4,29.2,0.9,124.3,333.6,274.2,500.4,468.5,260.6,164.8,8.9,1.1,2169.9,32.5,458.8,1503.7,174.8,2077.859574468085,-27.63226069379906,Deficient,2046.7,-567.2,2139.2000000000003,,
Sub Himalayan West Bengal & Sikkim,1905,12.0,31.2,51.9,104.4,290.6,524.8,523.1,1036.6,321.1,87.9,2.7,18.7,3005.0,43.2,447.0,2405.6,109.3,2077.859574468085,15.77298242667884,Normal,1503.7,-543.0,2054.766666666667,,
Sub Himalayan West Bengal & Sikkim,1906,9.3,49.2,30.4,13.0,198.1,438.0,706.4,816.0,208.6,140.5,8.0,0.4,2618.0,58.5,241.5,2169.0,149.0,2077.859574468085,4.386264916638846,Normal,2405.6,901.8999999999999,1985.3333333333333,2065.38,22.022599604115946
Sub Himalayan West Bengal & Sikkim,1907,10.4,20.8,71.1,108.8,156.2,408.1,889.8,358.8,456.1,40.0,5.8,4.1,2530.0,31.2,336.1,2112.9,49.8,2077.859574468085,1.6863712044104324,Normal,2169.0,-236.5999999999999,2026.1000000000001,2147.7799999999997,19.605526396556442
Sub Himalayan West Bengal & Sikkim,1908,10.6,32.9,9.8,53.8,315.0,368.6,449.1,268.5,441.6,36.0,2.3,0.0,1988.2,43.5,378.6,1527.8,38.3,2077.859574468085,-26.47241330583641,Deficient,2112.9,-56.09999999999991,2229.1666666666665,2047.5800000000004,16.25279587194484
Sub Himalayan West Bengal & Sikkim,1909,2.1,8.6,0.0,147.8,191.9,896.0,340.9,600.5,340.2,136.8,3.6,1.8,2670.1,10.7,339.7,2177.5,142.2,2077.859574468085,4.79533972152194,Normal,1527.8,-585.1000000000001,1936.5666666666666,1943.8,20.88643308682667
Sub Himalayan West Bengal & Sikkim,1910,2.5,17.4,73.2,47.4,170.4,833.7,859.8,489.2,353.1,188.0,11.2,0.2,3046.1,19.9,291.1,2535.7,199.3,2077.859574468085,22.03423326377183,Excess,2177.5,649.7,1939.3999999999999,2078.56,15.763709725044295
Sub Himalayan West Bengal & Sikkim,1911,22.9,6.7,40.8,117.3,315.2,575.4,853.2,430.4,493.3,326.4,12.4,0.1,3194.2,29.7,473.3,2352.3,338.9,2077.859574468085,13.207842767823688,Normal,2535.7,358.1999999999998,2080.3333333333335,2104.5800000000004,17.26445307829172
Sub Himalayan West Bengal & Sikkim,1912,2.3,12.0,81.8,134.7,277.3,397.8,743.5,553.3,335.6,133.0,121.9,0.5,2793.6,14.3,493.8,2030.1,255.4,2077.859574468085,-2.298498659627242,Normal,2352.3,-183.39999999999964,2355.1666666666665,2141.2400000000002,17.761645978128417
Sub Himalayan West Bengal & Sikkim,1913,0.7,35.1,46.5,52.2,301.4,736.9,596.1,477.7,476.6,153.7,4.8,53.2,2935.1,35.9,400.1,2287.4,211.8,2077.859574468085,10.08443631642218,Normal,2030.1,-322.2000000000003,2306.0333333333333,2124.68,18.056837990369743
Sub Himalayan West Bengal & Sikkim,1914,2.2,70.0,9.1,139.2,247.7,402.2,351.3,741.7,392.8,43.0,14.8,0.3,2414.1,72.2,396.0,1887.9,58.0,2077.859574468085,-9.142079513083225,Normal,2287.4,257.3000000000002,2223.2666666666664,2276.6,8.321555909075222
Sub Himalayan West Bengal & Sikkim,1915,1.0,52.9,50.4,72.7,366.4,352.7,509.1,610.7,359.0,116.5,13.0,0.6,2504.9,53.9,489.5,1831.5,130.1,2077.859574468085,-11.856411159601638,Normal,1887.9,-399.5,2068.4666666666667,2218.68,11.667781915759182
Sub Himalayan West Bengal & Sikkim,1916,6.6,17.6,8.7,165.3,305.4,649.0,1020.8,514.9,571.9,209.9,5.6,1.1,3476.8,24.2,479.4,2756.6,216.6,2077.859574468085,32.665365545968946,Excess,1831.5,-56.40000000000009,2002.2666666666664,2077.84,11.242638560280737
Sub Himalayan West Bengal & Sikkim,1917,1.0,21.4,15.1,23.4,226.1,619.4,740.5,410.5,428.0,354.3,1.7,0.4,2841.6,22.4,264.5,2198.4,356.3,2077.859574468085,5.801182477058022,Normal,2756.6,925.0999999999999,2158.6666666666665,2158.7,17.501997025463968
Sub Himalayan West Bengal & Sikkim,1918,0.8,1.5,17.2,141.9,306.3,682.6,703.8,746.9,345.0,33.6,2.0,0.1,2981.4,2.2,465.3,2478.2,35.6,2077.859574468085,19.266962524856787,Excess,2198.4,-558.1999999999998,2262.1666666666665,2192.3599999999997,16.91914013928356
Sub Himalayan West Bengal & Sikkim,1919,19.6,5.0,5.5,93.4,177.8,558.0,704.0,285.9,518.2,170.5,6.1,0.4,2544.5,24.6,276.7,2066.1,177.0,2077.859574468085,-0.5659465448282568,Normal,2478.2,279.7999999999997,2477.733333333333,2230.52,17.58990553829679
Sub Himalayan West Bengal & Sikkim,1920,0.8,24.2,80.5,66.0,148.9,615.2,389.8,608.7,788.8,161.0,0.2,0.0,2884.1,25.1,295.3,2402.5,161.2,2077.859574468085,15.623790439015597,Normal,2066.1,-412.0999999999999,2247.566666666666,2266.16,15.89566246763226
Sub Himalayan West Bengal & Sikkim,1921,37.9,6.0,54.9,157.4,503.1,589.2,970.2,521.4,479.6,183.8,2.7,7.1,3513.4,43.9,715.5,2560.4,193.7,2077.859574468085,23.222956520314483,Excess,2402.5,336.4000000000001,2315.6,2380.3599999999997,11.183940100616821
Sub Himalayan West Bengal & Sikkim,1922,17.8,2.5,5.6,45.4,217.1,803.0,719.8,526.3,571.2,87.2,1.9,3.9,3001.9,20.4,268.1,2620.3,93.1,2077.859574468085,26.105730733549464,Excess,2560.4,157.9000000000001,2342.9999999999995,2341.12,8.718570265023274
Sub Himalayan West Bengal & Sikkim,1923,0.0,40.2,3.8,104.2,336.5,536.9,656.3,228.1,504.1,76.5,0.6,1.7,2489.0,40.2,444.5,1925.4,78.9,2077.859574468085,-7.337337726834281,Normal,2620.3,59.90000000000009,2527.733333333333,2425.5,8.952869420457576
Sub Himalayan West Bengal & Sikkim,1924,0.8,3.5,4.1,110.9,264.7,693.1,732.0,491.2,439.0,128.2,81.4,1.9,2950.9,4.3,379.7,2355.4,211.5,2077.859574468085,13.357034755486929,Normal,1925.4,-694.9000000000001,2368.7000000000003,2314.94,13.22344015936465
Sub Himalayan West Bengal & Sikkim,1925,3.0,6.1,13.1,261.6,284.6,554.1,446.0,664.5,568.6,69.3,14.8,0.8,2886.6,9.1,559.3,2233.3,84.9,2077.859574468085,7.480795499460376,Normal,2355.4,430.0,2300.366666666667,2372.8,11.499326329379603
Sub Himalayan West Bengal & Sikkim,1926,12.7,2.9,66.5,43.7,236.1,580.8,853.8,396.4,331.8,102.8,0.2,9.9,2637.7,15.6,346.4,2162.8,112.9,2077.859574468085,4.087880941312363,Normal,2233.3,-122.09999999999991,2171.3666666666663,2338.96,11.914771583029001
Sub Himalayan West Bengal & Sikkim,1927,21.0,33.9,56.4,44.5,300.4,682.1,518.1,408.4,543.5,107.3,16.3,0.3,2732.2,55.0,401.2,2152.0,124.0,2077.859574468085,3.5681153068726585,Normal,2162.8,-70.5,2250.5,2259.44,11.306218506575986
Sub Himalayan West Bengal & Sikkim,1928,25.5,11.8,5.4,92.6,210.8,527.8,666.2,660.9,395.9,255.3,14.9,1.9,2868.9,37.3,308.9,2250.7,272.1,2077.859574468085,8.318195688279866,Normal,2152.0,-10.800000000000182,2182.7000000000003,2165.78,7.245443597231686
Sub Himalayan West Bengal & Sikkim,1929,49.7,2.0,37.9,126.4,235.0,594.0,554.5,392.6,400.9,513.5,10.5,14.3,2931.3,51.7,399.4,1942.0,538.3,2077.859574468085,-6.538438696121421,Normal,2250.7,98.69999999999982,2188.4999999999995,2230.8399999999997,3.6664988189649126
Sub Himalayan West Bengal & Sikkim,1930,17.6,19.9,51.7,61.3,192.3,495.1,346.1,475.8,329.6,140.4,52.0,2.4,2184.5,37.5,305.4,1646.7,194.9,2077.859574468085,-20.750178682236424,Deficient,1942.0,-308.6999999999998,2114.8999999999996,2148.16,5.724803415277995
Sub Himalayan West Bengal & Sikkim,1931,2.8,9.7,28.2,98.6,296.3,523.7,793.8,408.7,585.3,112.1,12.7,4.5,2876.5,12.4,423.2,2311.6,129.3,2077.859574468085,11.249096349148155,Normal,1646.7,-295.29999999999995,1946.4666666666662,2030.8400000000001,11.957680248683424
Sub Himalayan West Bengal & Sikkim,1932,3.0,7.0,8.6,72.4,255.9,731.3,363.5,582.9,380.1,154.4,132.1,24.4,2715.6,10.0,336.9,2057.8,310.9,2077.859574468085,-0.9653960601846764,Normal,2311.6,664.8999999999999,1966.7666666666664,2060.6,13.131530270588367
Sub Himalayan West Bengal & Sikkim,1933,16.5,9.4,0.5,112.4,206.0,565.3,653.3,512.3,284.1,149.3,3.9,1.1,2514.2,25.9,318.9,2015.0,154.4,2077.859574468085,-3.025208018890145,Normal,2057.8,-253.79999999999973,2005.3666666666668,2041.7599999999998,13.021697793040222
Sub Himalayan West Bengal & Sikkim,1934,10.5,60.2,0.4,86.8,227.5,517.2,656.2,455.6,436.3,151.4,4.0,6.8,2612.9,70.7,314.7,2065.4,162.2,2077.859574468085,-0.5996350581715617,Normal,2015.0,-42.80000000000018,2128.133333333333,1994.6200000000001,11.987909524370181
Sub Himalayan West Bengal & Sikkim,1935,9.5,28.4,16.6,24.2,248.9,609.2,365.4,935.1,521.7,18.0,6.3,1.8,2785.1,37.9,289.7,2431.5,26.1,2077.859574468085,17.019457420381446,Normal,2065.4,50.40000000000009,2046.0666666666666,2019.3,11.82054526357882
Sub Himalayan West Bengal & Sikkim,1936,3.7,8.9,46.7,85.7,274.8,410.4,663.8,508.7,536.0,113.2,0.1,8.3,2660.3,12.5,407.3,2118.8,121.6,2077.859574468085,1.970317245446937,Normal,2431.5,366.0999999999999,2170.633333333333,2176.2599999999998,8.466347934289779
Sub Himalayan West Bengal & Sikkim,1937,0.0,68.6,2.2,63.7,270.2,317.2,477.3,654.0,354.8,351.6,6.7,2.0,2568.4,68.6,336.0,1803.4,360.4,2077.859574468085,-13.20876433809751,Normal,2118.8,-312.6999999999998,2205.233333333333,2137.7000000000003,7.874430292448814
Sub Himalayan West Bengal & Sikkim,1938,0.8,8.2,7.6,76.2,460.9,889.2,699.4,539.0,461.0,102.4,4.4,0.1,3249.3,8.9,544.7,2588.7,106.9,2077.859574468085,24.584934988337004,Excess,1803.4,-315.4000000000001,2117.8999999999996,2086.82,10.868683388708853
Sub Himalayan West Bengal & Sikkim,1939,0.0,19.8,5.8,6.7,268.3,626.3,605.9,460.5,444.6,146.3,6.5,0.3,2591.1,19.8,280.8,2137.4,153.1,2077.859574468085,2.8654691714264087,Normal,2588.7,785.2999999999997,2170.2999999999997,2201.56,14.122438084902896
Sub Himalayan West Bengal & Sikkim,1940,0.1,54.2,121.2,24.7,217.1,469.1,600.3,400.8,408.4,11.7,9.5,3.1,2320.2,54.2,363.0,1878.7,24.3,2077.859574468085,-9.584842831309633,Normal,2137.4,-451.2999999999997,2176.5,2215.96,13.747317879521159
Sub Himalayan West Bengal & Sikkim,1941,3.8,6.3,12.7,85.4,378.8,470.1,544.9,582.1,452.8,154.5,22.0,4.5,2718.0,10.1,477.0,2049.9,181.0,2077.859574468085,-1.3455949964877914,Normal,1878.7,-258.70000000000005,2201.6,2105.4,14.588963779075309
Sub Himalayan West Bengal & Sikkim,1942,6.6,19.5,45.7,186.9,253.8,537.8,382.2,363.8,511.7,49.7,7.6,0.0,2365.4,26.1,486.4,1795.6,57.3,2077.859574468085,-13.584150629637298,Normal,2049.9,171.20000000000005,2022.0,2091.62,14.72299452417493
Sub Himalayan West Bengal & Sikkim,1943,42.0,38.8,30.3,185.0,209.6,828.9,450.0,555.7,532.8,39.6,4.0,0.9,2917.6,80.8,424.9,2367.4,44.5,2077.859574468085,13.934552127086592,Normal,1795.6,-254.30000000000018,1908.0666666666664,2090.06,14.821987533561629
Sub Himalayan West Bengal & Sikkim,1944,37.1,15.7,53.9,105.9,248.8,585.9,446.9,416.7,613.3,52.1,6.9,0.0,2583.2,52.8,408.6,2062.8,59.0,2077.859574468085,-0.7247638220181507,Normal,2367.4,571.8000000000002,2070.9666666666667,2045.8,10.994241712720354
Sub Himalayan West Bengal & Sikkim,1945,27.8,21.3,6.9,120.3,305.4,398.3,551.3,680.0,406.9,235.9,0.0,1.3,2755.4,49.2,432.6,2036.5,237.1,2077.859574468085,-1.9904893947740845,Normal,2062.8,-304.5999999999999,2075.2666666666664,2030.8800000000003,10.81991540822545
Sub Himalayan West Bengal & Sikkim,1946,0.0,11.6,34.2,182.8,248.7,523.4,599.9,401.1,461.7,297.0,7.8,0.2,2768.5,11.6,465.7,1986.1,305.1,2077.859574468085,-4.416062355492668,Normal,2036.5,-26.300000000000182,2155.566666666666,2062.44,9.848633790530439
Sub Himalayan West Bengal & Sikkim,1947,1.6,0.8,93.4,76.0,171.1,377.7,688.1,439.2,542.0,141.9,1.9,0.5,2534.1,2.4,340.5,2046.9,144.3,2077.859574468085,-1.4899743393877067,Normal,1986.1,-50.40000000000009,2028.4666666666665,2049.68,10.054697510078569
Sub Himalayan West Bengal & Sikkim,1948,0.5,15.5,21.5,178.3,357.5,556.3,798.0,415.5,349.2,185.8,57.1,1.3,2936.6,15.9,557.3,2119.1,244.2,2077.859574468085,1.9847551797369156,Normal,2046.9,60.80000000000018,2023.1666666666663,2099.94,7.2498709831254216
Sub Himalayan West Bengal & Sikkim,1949,9.6,25.5,14.1,281.8,351.9,660.9,645.1,586.3,395.8,311.4,0.1,5.1,3287.7,35.1,647.8,2288.1,316.7,2077.859574468085,10.118124829765485,Normal,2119.1,72.19999999999982,2050.6999999999994,2050.2799999999997,2.340804239530084
Sub Himalayan West Bengal & Sikkim,1950,0.3,19.6,27.9,48.4,210.4,747.5,570.9,639.9,366.2,131.0,0.2,0.3,2762.5,19.9,286.7,2324.5,131.5,2077.859574468085,11.869927523617797,Normal,2288.1,169.0,2151.3666666666663,2095.34,5.619747910526588
Sub Himalayan West Bengal & Sikkim,1951,1.0,0.5,22.7,69.3,239.8,546.5,778.3,503.7,326.1,158.0,37.3,0.0,2683.1,1.5,331.7,2154.5,195.4,2077.859574468085,3.6884314259559217,Normal,2324.5,36.40000000000009,2243.8999999999996,2152.94,6.88648185564076
Sub Himalayan West Bengal & Sikkim,1952,1.3,22.2,80.8,168.2,420.8,580.6,713.0,522.9,587.9,148.8,20.7,3.7,3270.7,23.4,669.9,2404.3,173.1,2077.859574468085,15.710418044755553,Normal,2154.5,-170.0,2255.6999999999994,2186.62,5.3343508314436034
Sub Himalayan West Bengal & Sikkim,1953,28.2,10.7,88.1,64.5,253.2,427.7,755.2,315.5,540.7,105.7,0.4,4.1,2594.0,39.0,405.8,2039.1,110.2,2077.859574468085,-1.8653606309274957,Normal,2404.3,249.80000000000018,2294.433333333333,2258.1,5.274258307950716
Sub Himalayan West Bengal & Sikkim,1954,15.7,10.2,10.0,71.1,308.9,841.5,961.5,496.2,250.8,85.6,0.7,3.5,3055.6,25.9,390.0,2549.9,89.7,2077.859574468085,22.71762882016478,Excess,2039.1,-365.2000000000003,2199.2999999999997,2242.1,6.4670498247211
Sub Himalayan West Bengal & Sikkim,1955,4.6,2.8,34.6,71.5,220.5,541.0,1064.6,626.2,365.0,51.3,6.1,4.6,2992.9,7.4,326.6,2596.9,62.0,2077.859574468085,24.97957185893012,Excess,2549.9,510.8000000000002,2331.1,2294.46,8.798374312774573
Sub Himalayan West Bengal & Sikkim,1956,14.8,1.4,42.6,164.9,420.9,747.9,471.4,486.8,285.2,215.8,30.1,3.6,2885.5,16.2,628.4,1991.4,249.6,2077.859574468085,-4.160992183036142,Normal,2596.9,47.0,2395.2999999999997,2348.9399999999996,10.400688445004718
Sub Himalayan West Bengal & Sikkim,1957,103.0,8.9,25.5,10.6,167.7,430.2,650.6,535.4,208.4,73.7,7.7,3.8,2225.5,112.0,203.7,1824.6,85.1,2077.859574468085,-12.188483648271449,Normal,1991.4,-605.5,2379.3999999999996,2316.3200000000006,12.276497125033924
Sub Himalayan West Bengal & Sikkim,1958,8.1,17.5,14.8,120.6,269.4,487.8,500.3,898.1,353.2,145.6,1.8,3.0,2820.3,25.6,404.8,2239.4,150.4,2077.859574468085,7.774366830023532,Normal,1824.6,-166.80000000000018,2137.633333333333,2200.38,15.910998263248672
Sub Himalayan West Bengal & Sikkim,1959,99.8,5.7,64.3,111.6,218.7,565.9,538.6,291.7,337.9,345.0,0.9,0.1,2580.1,105.5,394.6,1734.2,346.0,2077.859574468085,-16.539114514322225,Normal,2239.4,414.8000000000002,2018.4666666666665,2240.44,15.099491099562934
Sub Himalayan West Bengal & Sikkim,1960,0.1,6.5,52.0,4.8,293.2,407.2,764.5,387.2,623.0,71.9,0.0,0.0,2610.5,6.6,350.0,2182.0,71.9,2077.859574468085,5.011908735871813,Normal,1734.2,-505.20000000000005,1932.733333333333,2077.3,16.766313025190282
Sub Himalayan West Bengal & Sikkim,1961,11.5,38.9,19.6,39.3,279.2,448.3,448.9,542.0,341.5,127.5,2.1,5.4,2304.2,50.4,338.1,1780.8,135.0,2077.859574468085,-14.296422054610211,Normal,2182.0,447.79999999999995,2051.8666666666663,1994.3200000000002,10.978891227400291
Sub Himalayan West Bengal & Sikkim,1962,33.0,21.7,14.4,57.2,318.7,537.1,516.6,663.2,279.5,77.4,0.4,2.6,2521.7,54.7,390.3,1996.4,80.3,2077.859574468085,-3.920359944869616,Normal,1780.8,-401.20000000000005,1898.9999999999998,1952.2,12.242373048569906
Sub Himalayan West Bengal & Sikkim,1963,2.1,0.7,32.2,103.9,323.6,409.4,676.1,611.9,267.7,152.5,21.7,3.0,2604.7,2.7,459.7,1965.1,177.2,2077.859574468085,-5.426717755792076,Normal,1996.4,215.60000000000014,1986.3999999999996,1986.56,11.485635159893327
Sub Himalayan West Bengal & Sikkim,1964,0.0,1.2,9.4,127.0,184.7,613.2,959.1,445.6,486.8,151.0,3.4,0.1,2981.4,1.2,321.0,2504.7,154.5,2077.859574468085,20.542313387139373,Excess,1965.1,-31.300000000000182,1914.0999999999997,1931.7,9.322846313216433
Sub Himalayan West Bengal & Sikkim,1965,0.2,22.0,48.2,69.5,232.4,444.6,697.6,830.2,345.7,39.5,32.7,0.2,2762.7,22.1,350.1,2318.2,72.3,2077.859574468085,11.566730903527963,Normal,2504.7,539.5999999999999,2155.3999999999996,2085.8,13.136741714925224
Sub Himalayan West Bengal & Sikkim,1966,29.5,7.6,3.0,51.5,231.7,287.5,741.5,682.8,357.3,100.9,18.3,3.8,2515.3,37.1,286.2,2069.1,123.0,2077.859574468085,-0.4215672019283413,Normal,2318.2,-186.5,2262.6666666666665,2113.04,13.825165496023518
Sub Himalayan West Bengal & Sikkim,1967,2.3,0.1,98.8,85.3,213.7,727.5,901.6,274.1,409.4,128.7,7.9,11.1,2860.5,2.4,397.8,2312.6,147.7,2077.859574468085,11.29722279678146,Normal,2069.1,-249.0999999999999,2297.3333333333326,2170.7,10.712357680684638
Sub Himalayan West Bengal & Sikkim,1968,26.3,4.7,34.3,90.8,237.3,646.7,827.6,594.2,514.8,314.3,87.3,0.5,3378.8,31.0,362.4,2583.3,402.1,2077.859574468085,24.32505217111717,Excess,2312.6,243.5,2233.2999999999997,2233.9399999999996,9.654012171677612
Sub Himalayan West Bengal & Sikkim,1969,11.5,2.8,45.1,77.5,273.3,504.8,550.5,448.2,431.2,45.8,34.1,0.0,2424.9,14.4,396.0,1934.6,79.9,2077.859574468085,-6.894574408607883,Normal,2583.3,270.7000000000003,2321.6666666666665,2357.5800000000004,8.467048907858327
Sub Himalayan West Bengal & Sikkim,1970,18.0,13.4,7.6,162.5,162.7,556.6,731.2,425.4,560.8,60.7,3.3,0.0,2702.3,31.4,332.9,2273.9,64.1,2077.859574468085,9.43472927337256,Normal,1934.6,-648.7000000000003,2276.8333333333335,2243.56,11.179793875992138
Sub Himalayan West Bengal & Sikkim,1971,28.4,21.3,63.0,239.8,244.5,757.6,599.5,542.0,375.4,328.7,24.8,1.9,3226.8,49.7,547.4,2274.4,355.4,2077.859574468085,9.458792497189211,Normal,2273.9,339.3000000000002,2263.933333333333,2234.7,11.111084528564112
Sub Himalayan West Bengal & Sikkim,1972,9.4,41.6,52.1,134.3,287.5,457.2,590.3,335.1,407.1,86.8,12.3,0.9,2414.6,51.0,473.9,1789.7,100.0,2077.859574468085,-13.86809667067379,Normal,2274.4,0.5,2160.9666666666667,2275.76,10.12401536604764
Sub Himalayan West Bengal & Sikkim,1973,13.8,35.9,40.8,82.9,324.3,679.8,426.5,424.7,474.1,281.3,16.6,3.9,2804.6,49.7,448.0,2005.1,301.8,2077.859574468085,-3.5016598504598706,Normal,1789.7,-484.70000000000005,2112.6666666666665,2171.18,14.428437856880866
Sub Himalayan West Bengal & Sikkim,1974,19.1,2.5,94.4,210.8,339.0,508.1,826.8,673.7,480.8,175.0,3.0,8.3,3341.6,21.6,644.2,2489.4,186.3,2077.859574468085,19.80597873834981,Excess,2005.1,215.39999999999986,2023.0666666666664,2055.54,10.417661087345618
Sub Himalayan West Bengal & Sikkim,1975,20.4,29.9,15.6,83.7,251.1,493.2,808.2,263.8,515.7,174.6,1.0,6.6,2663.6,50.2,350.4,2080.8,182.2,2077.859574468085,0.1415122353813418,Normal,2489.4,484.3000000000002,2094.733333333333,2166.5,12.544918533754226
Sub Himalayan West Bengal & Sikkim,1976,8.8,51.0,27.3,112.8,303.5,649.2,531.9,671.7,288.0,113.1,35.5,1.2,2793.9,59.7,443.6,2140.8,149.8,2077.859574468085,3.02909909337965,Normal,2080.8,-408.5999999999999,2191.7666666666664,2127.88,12.518315431703048
Sub Himalayan West Bengal & Sikkim,1977,6.6,16.0,67.6,245.6,308.1,466.0,502.9,627.8,316.0,263.7,60.8,25.3,2906.5,22.6,621.3,1912.7,349.8,2077.859574468085,-7.948543611777259,Normal,2140.8,60.0,2237.0,2101.16,12.109318052699889
Sub Himalayan West Bengal & Sikkim,1978,14.7,17.9,49.3,136.7,313.3,515.5,545.2,274.0,376.5,62.9,61.1,10.8,2377.8,32.6,499.2,1711.1,134.8,2077.859574468085,-17.65083545465158,Normal,1912.7,-228.10000000000014,2044.7666666666667,2125.76,10.371535396388634
Sub Himalayan West Bengal & Sikkim,1979,8.1,26.8,15.1,100.6,142.0,261.7,741.7,432.4,427.0,286.5,31.7,38.1,2511.7,34.9,257.7,1862.9,356.3,2077.859574468085,-10.345240703915852,Normal,1711.1,-201.60000000000014,1921.533333333333,2066.96,13.991256595036985
Sub Himalayan West Bengal & Sikkim,1980,11.6,44.8,77.3,130.4,300.1,485.9,774.4,692.5,477.5,151.2,0.9,2.0,3148.6,56.4,507.8,2430.4,154.1,2077.859574468085,16.966518327984815,Normal,1862.9,151.80000000000018,1828.8999999999999,1941.6600000000003,8.891291401568854
Sub Himalayan West Bengal & Sikkim,1981,48.8,23.0,77.8,185.6,273.7,468.6,833.1,540.9,453.2,38.1,9.2,17.3,2969.3,71.8,537.1,2295.9,64.6,2077.859574468085,10.493511121305271,Normal,2430.4,567.5,2001.4666666666665,2011.5800000000004,13.934472542634838
Sub Himalayan West Bengal & Sikkim,1982,0.2,9.9,47.0,125.6,174.5,499.0,749.5,305.5,341.6,54.1,20.0,10.6,2337.7,10.1,347.1,1895.7,84.8,2077.859574468085,-8.766693221543447,Normal,2295.9,-134.5,2196.3999999999996,2042.6,14.962177646225792
Sub Himalayan West Bengal & Sikkim,1983,26.7,56.9,35.3,87.7,335.3,557.9,758.4,295.6,535.8,125.1,3.2,20.8,2838.8,83.7,458.3,2147.6,149.1,2077.859574468085,3.356358937286112,Normal,1895.7,-400.20000000000005,2207.3333333333335,2039.2,15.080058483195396
Sub Himalayan West Bengal & Sikkim,1984,29.3,11.3,42.6,127.3,360.1,474.6,737.2,364.8,405.5,179.1,5.1,11.5,2748.4,40.6,530.0,1982.1,195.7,2077.859574468085,-4.608568146025888,Normal,2147.6,251.89999999999986,2113.066666666666,2126.5,11.6204311350287
Sub Himalayan West Bengal & Sikkim,1985,2.2,30.5,43.2,69.5,358.6,532.7,907.4,372.7,464.5,211.9,17.4,27.3,3037.9,32.8,471.2,2277.3,256.6,2077.859574468085,9.598359195325802,Normal,1982.1,-165.5,2008.4666666666662,2150.3399999999997,10.209119449166026
Sub Himalayan West Bengal & Sikkim,1986,1.3,5.8,7.9,122.4,152.1,436.4,545.4,363.2,493.9,215.1,15.5,6.4,2365.4,7.1,282.4,1838.9,237.0,2077.859574468085,-11.500275447115175,Normal,2277.3,295.2000000000003,2135.6666666666665,2119.7200000000003,8.365350182620086
Sub Himalayan West Bengal & Sikkim,1987,2.8,35.3,79.8,152.7,148.0,451.0,791.9,836.6,530.3,150.3,5.6,1.2,3185.5,38.1,380.6,2609.8,157.1,2077.859574468085,25.60040303339976,Excess,1838.9,-438.4000000000001,2032.7666666666664,2028.3200000000002,8.950127165550862
Sub Himalayan West Bengal & Sikkim,1988,6.8,24.6,71.2,96.5,268.8,304.9,831.7,990.5,446.6,76.0,18.4,5.5,3141.4,31.4,436.5,2573.6,99.9,2077.859574468085,23.858225629074106,Excess,2609.8,770.9000000000001,2241.9999999999995,2171.1400000000003,13.631488596353533
Sub Himalayan West Bengal & Sikkim,1989,21.0,41.6,45.8,58.1,358.4,551.3,629.8,407.8,593.6,98.9,30.7,17.6,2854.6,62.6,462.2,2182.5,147.2,2077.859574468085,5.035971959688466,Normal,2573.6,-36.20000000000027,2340.7666666666664,2256.34,15.280465380485445
Sub Himalayan West Bengal & Sikkim,1990,3.8,109.9,80.1,158.3,358.2,554.7,814.1,916.6,440.6,115.0,0.4,13.7,3565.3,113.6,596.6,2726.0,129.1,2077.859574468085,31.192696248389808,Excess,2182.5,-391.0999999999999,2455.2999999999997,2296.42,13.730883488039877
Sub Himalayan West Bengal & Sikkim,1991,41.5,24.2,45.8,102.7,283.7,691.4,592.6,500.9,689.5,67.8,1.7,30.4,3072.4,65.7,432.3,2474.4,99.9,2077.859574468085,19.08408202385024,Excess,2726.0,543.5,2494.033333333333,2386.16,15.421054562347928
Sub Himalayan West Bengal & Sikkim,1992,10.0,46.7,26.0,84.0,253.4,328.1,736.3,458.0,276.4,125.5,5.0,9.5,2358.8,56.7,363.4,1798.8,140.0,2077.859574468085,-13.43014599721072,Normal,2474.4,-251.5999999999999,2460.966666666666,2513.2599999999998,8.181723517536115
Sub Himalayan West Bengal & Sikkim,1993,37.6,35.2,58.8,136.9,320.5,449.6,723.9,521.6,352.2,228.8,28.4,2.4,2895.9,72.9,516.2,2047.3,259.6,2077.859574468085,-1.4707237603343912,Normal,1798.8,-675.6000000000001,2333.066666666666,2351.0600000000004,15.609464315423901
Sub Himalayan West Bengal & Sikkim,1994,49.6,55.0,114.1,126.6,243.3,388.0,357.3,396.1,302.1,84.3,8.5,2.2,2127.3,104.6,484.1,1443.6,95.0,2077.859574468085,-30.524660196560703,Deficient,2047.3,248.5,2106.833333333333,2245.8,16.14804411360307
Sub Himalayan West Bengal & Sikkim,1995,17.9,41.1,50.6,84.2,349.6,859.0,775.3,539.2,638.5,99.7,88.6,14.0,3557.8,59.0,484.5,2812.0,202.3,2077.859574468085,35.331570744854055,Excess,1443.6,-603.7,1763.233333333333,2098.02,24.494739142261512
Sub Himalayan West Bengal & Sikkim,1996,30.9,34.2,59.5,85.0,401.7,334.6,863.6,545.1,337.9,107.3,0.4,0.0,2800.3,65.1,546.1,2081.3,107.8,2077.859574468085,0.1655754591979944,Normal,2812.0,1368.4,2100.966666666666,2115.2200000000003,25.57213117372463
Sub Himalayan West Bengal & Sikkim,1997,18.9,31.3,76.4,119.5,166.9,613.3,488.1,479.0,443.9,41.3,16.3,56.5,2551.4,50.2,362.9,2024.2,114.1,2077.859574468085,-2.582444700663735,Normal,2081.3,-730.6999999999998,2112.2999999999997,2036.6,24.692163270156207
Sub Himalayan West Bengal & Sikkim,1998,13.6,37.0,125.1,154.1,254.2,653.0,854.6,860.4,478.9,209.1,13.1,2.1,3655.1,50.5,533.4,2846.8,224.3,2077.859574468085,37.00637112249308,Excess,2024.2,-57.100000000000136,2305.833333333333,2081.6800000000003,23.349189864193008
Sub Himalayan West Bengal & Sikkim,1999,8.7,6.2,17.9,156.0,335.4,550.5,831.7,751.6,404.1,246.0,10.7,4.5,3323.3,14.9,509.3,2537.9,261.2,2077.859574468085,22.14011144856512,Excess,2846.8,822.6000000000001,2317.433333333333,2241.58,26.405515839387533
Sub Himalayan West Bengal & Sikkim,2000,10.7,36.2,55.1,185.1,326.5,649.6,574.3,498.1,465.8,82.9,22.6,1.2,2908.0,46.9,566.6,2187.8,106.7,2077.859574468085,5.291042132144992,Normal,2537.9,-308.9000000000001,2469.633333333333,2460.4399999999996,15.90960805018906
Sub Himalayan West Bengal & Sikkim,2001,4.0,20.5,50.2,134.8,347.2,472.2,399.0,424.5,434.9,282.8,36.6,5.9,2612.6,24.5,532.2,1730.5,325.4,2077.859574468085,-16.717182370565457,Normal,2187.8,-350.0999999999999,2524.1666666666665,2335.6000000000004,14.920067868278702
Sub Himalayan West Bengal & Sikkim,2002,30.1,10.0,95.6,237.1,181.7,407.2,743.3,406.6,340.1,75.7,8.7,10.8,2547.0,40.1,514.4,1897.2,95.2,2077.859574468085,-8.694503550093488,Normal,1730.5,-457.3000000000002,2152.066666666666,2265.44,19.273725658570186
Sub Himalayan West Bengal & Sikkim,2003,17.0,79.2,90.1,171.4,211.7,516.6,703.0,354.0,321.4,223.0,16.4,19.2,2723.3,96.3,473.3,1895.1,258.7,2077.859574468085,-8.795569090123436,Normal,1897.2,166.70000000000005,1938.4999999999998,2240.04,20.418284297392592
Sub Himalayan West Bengal & Sikkim,2004,19.9,11.5,40.5,163.5,287.5,489.5,739.5,356.4,394.7,198.4,9.0,4.4,2714.7,31.4,491.5,1980.1,211.8,2077.859574468085,-4.704821041292498,Normal,1895.1,-2.1000000000001364,1840.9333333333332,2049.7,15.552025278151321
Sub Himalayan West Bengal & Sikkim,2005,19.5,21.0,132.1,155.5,254.0,446.5,704.3,564.5,229.9,271.1,8.8,0.5,2807.7,40.6,541.6,1945.1,280.4,2077.859574468085,-6.389246708458178,Normal,1980.1,85.0,1924.133333333333,1938.14,8.584691069627308
Sub Himalayan West Bengal & Sikkim,2006,0.7,17.0,39.8,119.3,270.5,446.2,470.2,295.0,456.8,118.4,20.3,7.9,2262.1,17.7,429.6,1668.2,146.6,2077.859574468085,-19.715460058120364,Normal,1945.1,-35.0,1940.0999999999997,1889.6,5.067145739472824
Sub Himalayan West Bengal & Sikkim,2007,3.1,81.1,46.6,160.1,215.1,485.1,686.3,412.4,458.6,79.5,8.8,2.0,2638.9,84.2,421.7,2042.5,90.3,2077.859574468085,-1.701730708974254,Normal,1668.2,-276.89999999999986,1864.4666666666662,1877.1399999999999,6.502752765036
Sub Himalayan West Bengal & Sikkim,2008,33.2,22.1,79.8,141.8,171.4,526.5,657.7,636.3,296.7,97.9,16.9,9.5,2689.9,55.3,393.0,2117.3,124.3,2077.859574468085,1.89812757399698,Normal,2042.5,374.29999999999995,1885.2666666666664,1906.2,7.525795730324604
Sub Himalayan West Bengal & Sikkim,2009,6.0,40.3,55.0,115.2,308.7,350.6,456.1,568.4,174.6,235.1,9.1,5.6,2324.6,46.3,478.9,1549.6,249.8,2077.859574468085,-25.42325674743036,Deficient,2117.3,74.80000000000018,1942.6666666666663,1950.64,8.763383318277102
Sub Himalayan West Bengal & Sikkim,2010,5.6,19.6,77.6,176.6,335.9,558.1,593.4,461.3,308.1,66.2,7.9,2.2,2612.3,25.2,590.0,1920.8,76.3,2077.859574468085,-7.558719385947492,Normal,1549.6,-567.7000000000003,1903.1333333333332,1864.5400000000002,13.13131749864823
Sub Himalayan West Bengal & Sikkim,2011,8.5,19.9,71.2,135.0,247.8,419.8,612.3,470.3,356.3,46.7,26.7,4.3,2418.7,28.4,453.9,1858.6,77.7,2077.859574468085,-10.552184428739071,Normal,1920.8,371.20000000000005,1862.5666666666664,1859.6799999999998,13.070776262698717
Sub Himalayan West Bengal & Sikkim,2012,15.3,13.9,45.5,159.8,202.4,604.2,684.5,332.7,434.7,119.4,12.5,7.4,2632.2,29.2,407.7,2056.0,139.3,2077.859574468085,-1.0520236659246345,Normal,1858.6,-62.200000000000045,1776.333333333333,1897.7599999999998,11.557448304909643
Sub Himalayan West Bengal & Sikkim,2013,3.0,23.6,32.1,114.7,296.5,404.9,588.4,416.3,308.0,199.8,16.1,2.7,2406.1,26.7,443.4,1717.6,218.5,2077.859574468085,-17.338013545035096,Normal,2056.0,197.4000000000001,1945.1333333333332,1900.4599999999998,11.661959858383792
Sub Himalayan West Bengal & Sikkim,2014,0.2,26.6,37.7,47.9,308.6,543.2,384.6,563.3,371.5,31.2,5.3,2.4,2322.6,26.9,394.2,1862.6,38.9,2077.859574468085,-10.359678638205851,Normal,1717.6,-338.4000000000001,1877.3999999999996,1820.52,10.67055563824618
Sub Himalayan West Bengal & Sikkim,2015,15.7,15.0,64.8,149.0,304.6,508.2,393.3,626.6,354.9,53.6,23.8,9.0,2518.6,30.7,518.5,1883.0,86.4,2077.859574468085,-9.377899106486424,Normal,1862.6,145.0,1878.733333333333,1883.1199999999997,6.488963812543721
Sub Himalayan West Bengal & Sikkim,2016,20.7,7.1,98.9,101.4,233.7,570.8,732.1,209.9,494.3,155.6,0.0,0.3,2624.8,27.9,434.0,2007.1,155.8,2077.859574468085,-3.40540695519326,Normal,1883.0,20.40000000000009,1821.0666666666664,1875.56,6.421423570559242
Sub Himalayan West Bengal & Sikkim,2017,3.0,5.1,84.6,146.8,226.8,400.6,478.6,777.9,390.1,166.5,3.8,1.0,2684.9,8.1,458.2,2047.3,171.3,2077.859574468085,-1.4707237603343912,Normal,2007.1,124.09999999999991,1917.5666666666664,1905.2599999999998,6.974238663739607
Tamil Nadu,1901,24.5,39.1,21.7,36.0,74.0,41.8,49.3,67.9,191.1,122.3,212.3,80.4,960.3,63.6,131.6,350.1,415.0,333.7191489361702,4.90857390594717,Normal,,,,,
Tamil Nadu,1902,67.2,9.8,25.1,21.9,84.7,39.3,55.1,113.8,98.6,282.2,174.9,165.8,1138.2,77.0,131.7,306.7,622.9,333.7191489361702,-8.096373559114557,Normal,350.1,,,,
Tamil Nadu,1903,19.3,7.8,1.7,18.2,128.5,58.5,72.6,115.0,210.4,128.1,200.5,203.2,1163.9,27.1,148.4,456.5,531.9,333.7191489361702,36.79167091706621,Excess,306.7,-43.400000000000034,,,
Tamil Nadu,1904,35.2,0.1,0.7,19.5,121.9,34.9,89.0,40.4,85.7,163.2,23.6,49.1,663.1,35.3,142.1,249.9,235.8,333.7191489361702,-25.11667346730592,Deficient,456.5,149.8,371.09999999999997,,
Tamil Nadu,1905,6.5,7.5,17.2,64.8,83.7,49.8,39.0,101.8,73.5,250.4,123.7,3.2,821.1,14.0,165.7,264.1,377.2,333.7191489361702,-20.861598490258075,Deficient,249.9,-206.6,337.7,,
Tamil Nadu,1906,52.4,12.9,17.0,8.5,39.6,43.6,76.0,195.2,65.3,162.8,189.1,127.7,990.2,65.4,65.1,380.0,479.6,333.7191489361702,13.868203611139451,Normal,264.1,14.200000000000017,323.50000000000006,325.46000000000004,25.524989243443976
Tamil Nadu,1907,8.4,1.2,25.0,78.9,56.6,46.1,70.4,58.2,117.2,160.4,200.0,63.2,885.6,9.6,160.5,291.9,423.6,333.7191489361702,-12.531240436601044,Normal,380.0,115.89999999999998,298.0,331.44000000000005,26.039132836226987
Tamil Nadu,1908,16.8,36.9,25.0,24.5,70.3,34.2,37.5,48.4,154.2,261.0,36.1,20.1,765.0,53.7,119.8,274.3,317.2,333.7191489361702,-17.805136182801178,Normal,291.9,-88.10000000000002,312.0,328.48,26.670934846536433
Tamil Nadu,1909,116.5,11.2,7.7,68.6,117.4,30.8,36.1,206.6,106.1,158.0,74.7,20.8,954.6,127.7,193.8,379.7,253.6,333.7191489361702,13.778307660920127,Normal,274.3,-17.599999999999966,315.40000000000003,292.04,17.63383256235118
Tamil Nadu,1910,9.2,21.2,2.4,26.8,64.7,51.5,148.1,142.0,52.4,278.0,146.7,0.6,943.7,30.4,93.8,394.2,425.3,333.7191489361702,18.12327858818729,Normal,379.7,105.39999999999998,315.3,318.0,18.028359755355822
Tamil Nadu,1911,2.8,1.1,6.0,30.8,72.1,70.7,50.3,28.9,120.5,125.6,176.2,130.1,814.9,3.9,108.9,270.3,431.9,333.7191489361702,-19.00374885239212,Normal,394.2,14.5,349.40000000000003,344.02000000000004,16.355171270895603
Tamil Nadu,1912,5.9,2.8,2.9,18.5,64.2,46.7,34.8,74.2,126.7,244.2,259.3,23.9,904.1,8.7,85.6,282.4,527.5,333.7191489361702,-15.37794552687953,Normal,270.3,-123.89999999999998,348.06666666666666,322.08,18.626510857002
Tamil Nadu,1913,2.9,3.2,6.6,21.0,64.6,29.7,58.7,62.3,124.8,203.4,184.1,117.7,878.8,6.1,92.2,275.4,505.1,333.7191489361702,-17.47551769866368,Normal,282.4,12.099999999999966,315.6333333333333,320.18,19.15257925223612
Tamil Nadu,1914,5.7,1.9,5.6,34.6,57.1,37.9,37.6,98.4,132.2,281.2,129.1,132.0,953.3,7.6,97.3,306.1,542.3,333.7191489361702,-8.276165459553187,Normal,275.4,-7.0,276.03333333333336,320.4,19.075722280230938
Tamil Nadu,1915,35.1,18.1,43.6,37.0,52.4,66.4,117.7,82.9,133.0,99.9,241.0,61.5,988.5,53.2,133.0,399.9,402.3,333.7191489361702,19.83130164235438,Excess,306.1,30.700000000000045,287.96666666666664,305.68,16.798022028424775
Tamil Nadu,1916,0.1,3.2,3.1,19.2,61.1,34.5,168.6,125.5,94.7,208.6,145.7,33.2,897.4,3.3,83.3,423.4,387.5,333.7191489361702,26.87315107620116,Excess,399.9,93.79999999999995,327.1333333333333,306.82,17.537670021368182
Tamil Nadu,1917,14.3,39.1,32.3,11.9,77.5,72.4,45.1,155.7,163.5,123.1,167.5,45.9,948.3,53.4,121.7,436.7,336.5,333.7191489361702,30.85853820259105,Excess,423.4,23.5,376.4666666666667,337.43999999999994,20.505407249124303
Tamil Nadu,1918,80.9,5.4,25.9,9.9,81.8,36.2,40.8,58.6,47.0,81.8,315.1,88.4,871.7,86.3,117.6,182.5,485.3,333.7191489361702,-45.31329694991329,Deficient,436.7,13.300000000000011,420.0,368.29999999999995,19.77256376261927
Tamil Nadu,1919,22.9,0.8,16.2,25.0,88.5,49.9,87.8,51.6,162.7,152.4,264.4,106.4,1028.6,23.7,129.7,352.0,523.2,333.7191489361702,5.477914924002861,Normal,182.5,-254.2,347.5333333333333,349.71999999999997,30.45579575641942
Tamil Nadu,1920,135.9,3.1,3.7,67.3,59.6,47.3,37.3,74.8,156.3,159.4,404.9,4.7,1154.2,139.0,130.5,315.7,569.0,333.7191489361702,-5.399495052534938,Normal,352.0,169.5,323.73333333333335,358.9,28.908582773426534
Tamil Nadu,1921,141.2,0.0,1.7,72.3,39.5,55.7,92.5,129.6,78.3,236.4,76.0,56.1,979.4,141.3,113.5,356.1,368.6,333.7191489361702,6.706492910333582,Normal,315.7,-36.30000000000001,283.4,342.06,29.894461460201928
Tamil Nadu,1922,41.9,18.1,2.5,34.9,100.1,48.8,45.4,87.1,75.3,262.8,291.8,71.6,1080.5,60.1,137.5,256.7,626.2,333.7191489361702,-23.079031929001324,Deficient,356.1,40.400000000000034,341.2666666666667,328.6,28.26301822502432
Tamil Nadu,1923,136.0,2.5,50.1,26.6,30.8,33.7,40.5,39.8,99.8,220.3,44.3,109.7,834.1,138.5,107.5,213.8,374.3,333.7191489361702,-35.93415281036417,Deficient,256.7,-99.40000000000003,309.5,292.6,25.05911965762643
Tamil Nadu,1924,29.7,0.7,31.3,30.2,75.4,54.9,113.9,87.1,170.8,107.1,163.5,30.6,895.1,30.4,136.9,426.7,301.2,333.7191489361702,27.86200652861369,Excess,213.8,-42.89999999999998,275.53333333333336,298.86,20.759345965161565
Tamil Nadu,1925,17.6,4.6,57.2,30.1,85.0,50.6,38.7,91.7,77.3,148.9,229.0,182.8,1013.3,22.1,172.2,258.3,560.8,333.7191489361702,-22.599586861164944,Deficient,426.7,212.89999999999998,299.06666666666666,313.8,26.566679467656947
Tamil Nadu,1926,88.0,2.2,30.4,41.4,53.7,38.7,73.8,70.5,120.2,151.5,119.2,26.1,815.6,90.2,125.5,303.2,296.7,333.7191489361702,-9.14515964500663,Normal,258.3,-168.39999999999998,299.59999999999997,302.32,28.749594907055524
Tamil Nadu,1927,18.0,21.6,17.2,50.7,73.7,83.1,65.9,77.8,131.0,87.2,171.3,32.5,829.9,39.6,141.6,357.8,291.0,333.7191489361702,7.215903294909729,Normal,303.2,44.89999999999998,329.40000000000003,291.74,28.039320347076412
Tamil Nadu,1928,21.0,54.9,24.0,56.9,51.0,41.1,75.5,95.2,59.7,219.0,173.8,98.8,970.8,75.9,131.9,271.5,491.6,333.7191489361702,-18.64416505151484,Normal,357.8,54.60000000000002,306.43333333333334,311.96000000000004,26.751416114974525
Tamil Nadu,1929,20.4,29.2,9.4,107.3,50.7,63.2,48.9,70.7,135.1,161.2,192.0,89.6,977.7,49.6,167.4,317.9,442.8,333.7191489361702,-4.740258084259923,Normal,271.5,-86.30000000000001,310.8333333333333,323.5,21.412968627099776
Tamil Nadu,1930,53.6,60.3,21.4,34.4,165.7,68.9,38.9,66.7,94.2,436.1,186.5,48.7,1275.4,113.9,221.4,268.7,671.4,333.7191489361702,-19.4831939202285,Normal,317.9,46.39999999999998,315.7333333333333,301.74,13.055550908786154
Tamil Nadu,1931,22.7,0.0,3.3,55.6,54.2,40.8,77.3,81.7,104.7,120.3,183.4,295.8,1039.8,22.7,113.0,304.4,599.5,333.7191489361702,-8.785575844129351,Normal,268.7,-49.19999999999999,286.0333333333333,303.82000000000005,12.082780362049009
Tamil Nadu,1932,0.7,31.9,7.3,62.9,109.6,43.0,56.5,163.5,61.6,247.4,246.9,78.5,1109.8,32.6,179.8,324.6,572.8,333.7191489361702,-2.732581862695082,Normal,304.4,35.69999999999999,297.0,304.06,12.072866925182462
Tamil Nadu,1933,2.7,5.0,41.2,52.5,105.3,36.9,60.7,169.9,104.5,201.8,124.5,105.9,1010.9,7.7,199.1,372.0,432.2,333.7191489361702,11.470978271957568,Normal,324.6,20.200000000000045,299.23333333333335,297.42,8.741180537728676
Tamil Nadu,1934,99.8,0.1,11.6,34.6,49.6,73.5,57.5,56.4,38.1,303.4,99.2,15.9,839.7,99.9,95.9,225.5,418.4,333.7191489361702,-32.42821075181067,Deficient,372.0,47.39999999999998,333.6666666666667,317.52,11.756478615176915
Tamil Nadu,1935,37.5,2.5,9.3,63.9,23.7,60.0,38.6,153.4,78.6,192.4,147.6,86.3,893.9,40.0,96.9,330.6,426.3,333.7191489361702,-0.9346628583086704,Normal,225.5,-146.5,307.36666666666673,299.04,18.569067148716496
Tamil Nadu,1936,1.9,51.1,55.3,35.7,74.4,56.3,85.5,59.4,122.0,103.7,234.5,64.7,944.5,53.0,165.3,323.2,402.9,333.7191489361702,-3.152096297051923,Normal,330.6,105.10000000000002,309.3666666666666,311.41999999999996,17.324345963754332
Tamil Nadu,1937,10.7,16.7,26.7,96.1,59.9,42.3,51.1,118.1,105.7,189.8,280.1,22.8,1020.1,27.4,182.7,317.2,492.8,333.7191489361702,-4.950015301438334,Normal,323.2,-7.400000000000034,293.09999999999997,315.18,17.131486226514188
Tamil Nadu,1938,1.2,52.1,34.8,44.5,54.3,53.0,101.4,146.3,116.8,87.5,39.3,51.8,783.2,53.3,133.7,417.5,178.6,333.7191489361702,25.10519738855453,Excess,317.2,-6.0,323.6666666666667,313.7,17.141609033905667
Tamil Nadu,1939,31.1,5.0,26.0,132.1,60.0,60.4,35.1,91.3,96.2,243.8,266.2,8.6,1055.8,36.1,218.1,283.0,518.6,333.7191489361702,-15.198153626440885,Normal,417.5,100.30000000000001,352.6333333333334,322.8,21.083742434557244
Tamil Nadu,1940,0.9,0.7,12.6,82.8,131.5,85.2,59.0,69.4,121.2,152.0,367.8,95.4,1178.5,1.6,226.9,334.8,615.2,333.7191489361702,0.3238804447618149,Normal,283.0,-134.5,339.23333333333335,334.3,14.94408687680907
Tamil Nadu,1941,31.7,4.4,1.4,58.6,70.9,47.1,69.6,84.7,166.4,148.1,216.4,107.5,1006.9,36.1,130.9,367.8,472.1,333.7191489361702,10.212434968887084,Normal,334.8,51.80000000000001,345.09999999999997,335.14,14.8939573853381
Tamil Nadu,1942,0.5,0.6,6.0,78.6,61.3,53.1,54.9,110.1,120.8,146.5,68.0,146.9,847.3,1.1,145.8,338.9,361.4,333.7191489361702,1.5524584310925198,Normal,367.8,33.0,328.5333333333333,344.06,14.885944122224767
Tamil Nadu,1943,112.0,18.5,10.8,72.1,204.4,43.2,75.3,78.8,101.1,310.6,117.4,43.2,1187.3,130.5,287.3,298.4,471.1,333.7191489361702,-10.583494848515764,Normal,338.9,-28.900000000000034,347.1666666666667,348.4,14.136990241920799
Tamil Nadu,1944,18.4,34.6,83.5,32.7,46.1,81.8,73.8,104.7,143.5,188.8,288.8,130.9,1227.6,53.0,162.3,403.9,608.5,333.7191489361702,21.029914311945323,Excess,298.4,-40.5,335.0333333333333,324.58,10.438502918678525
Tamil Nadu,1945,4.6,5.5,5.0,74.7,38.2,22.0,75.1,110.1,58.6,168.4,206.8,15.0,784.0,10.1,117.9,265.7,390.3,333.7191489361702,-20.38215342242171,Deficient,403.9,105.5,347.06666666666666,348.76,11.316918935762716
Tamil Nadu,1946,19.8,1.0,46.4,45.7,76.4,56.8,59.3,87.7,140.8,175.5,311.2,273.5,1294.1,20.8,168.4,344.7,760.2,333.7191489361702,3.290446801999389,Normal,265.7,-138.2,322.66666666666663,334.93999999999994,16.33942202119422
Tamil Nadu,1947,59.5,14.8,54.4,92.8,40.9,54.1,125.5,113.4,127.6,205.9,30.5,20.0,939.5,74.3,188.2,420.7,256.4,333.7191489361702,26.06408752422728,Excess,344.7,79.0,338.09999999999997,330.32,15.795380440165047
Tamil Nadu,1948,51.7,9.9,10.6,35.3,72.5,67.5,79.8,102.3,68.8,145.4,226.2,36.6,906.7,61.6,118.4,318.4,408.3,333.7191489361702,-4.590431500561055,Normal,420.7,76.0,343.7,346.67999999999995,19.158478092013006
Tamil Nadu,1949,8.6,3.0,0.6,62.3,98.2,75.6,113.6,148.2,82.3,159.4,86.4,2.3,840.7,11.6,161.2,419.7,248.1,333.7191489361702,25.76443435682954,Excess,318.4,-102.30000000000001,361.26666666666665,350.68,18.054567804953997
Tamil Nadu,1950,2.4,68.0,16.8,11.8,54.5,31.2,56.1,125.3,85.5,160.6,100.7,34.6,747.5,70.4,83.1,298.1,296.0,333.7191489361702,-10.67339079873507,Normal,419.7,101.30000000000001,386.26666666666665,353.84,18.914005365414223
Tamil Nadu,1951,11.7,0.8,26.7,115.2,83.0,30.8,83.6,94.7,113.4,98.3,187.2,9.6,855.1,12.6,224.9,322.5,295.1,333.7191489361702,-3.361853514230334,Normal,298.1,-121.59999999999997,345.40000000000003,360.32000000000005,15.848657890245812
Tamil Nadu,1952,13.7,47.7,8.9,29.5,58.7,32.9,74.3,73.7,38.2,123.8,47.2,167.6,716.4,61.4,97.1,219.2,338.7,333.7191489361702,-34.316025706416404,Deficient,322.5,24.399999999999977,346.76666666666665,355.88,16.702066311559115
Tamil Nadu,1953,13.0,15.8,4.8,97.8,45.8,67.6,111.7,86.2,131.1,278.2,97.1,18.9,968.0,28.8,148.5,396.5,394.2,333.7191489361702,18.812480873202087,Normal,219.2,-103.30000000000001,279.93333333333334,315.58000000000004,22.680209850998757
Tamil Nadu,1954,77.5,2.7,58.2,54.2,77.9,35.5,118.5,147.2,34.0,271.0,32.6,107.0,1016.3,80.2,190.3,335.1,410.6,333.7191489361702,0.4137763949811389,Normal,396.5,177.3,312.73333333333335,331.2,24.254229120397632
Tamil Nadu,1955,35.7,1.3,10.3,85.3,149.4,47.8,73.4,88.1,128.2,165.2,130.6,145.3,1060.6,37.0,245.0,337.4,441.1,333.7191489361702,1.1029786799959167,Normal,335.1,-61.39999999999998,316.93333333333334,314.28000000000003,20.475049639174358
Tamil Nadu,1956,22.9,0.5,1.0,34.3,35.1,98.0,46.0,99.2,126.4,255.8,225.5,45.1,989.7,23.4,70.4,369.6,526.3,333.7191489361702,10.75181067020301,Normal,337.4,2.2999999999999545,356.3333333333333,322.14,19.95365785941501
Tamil Nadu,1957,1.2,10.3,15.1,14.8,81.1,65.4,64.0,60.8,73.5,203.3,200.4,77.1,866.9,11.5,111.0,263.6,480.8,333.7191489361702,-21.01142507395694,Deficient,369.6,32.200000000000045,347.3666666666666,331.56,20.420014786263934
Tamil Nadu,1958,12.1,6.0,27.2,49.4,114.7,33.0,47.3,147.7,80.0,155.2,154.4,25.5,852.5,18.1,191.3,308.0,335.2,333.7191489361702,-7.706824441497496,Normal,263.6,-106.0,323.53333333333336,340.43999999999994,14.639192362318612
Tamil Nadu,1959,3.7,34.8,0.1,51.4,68.2,83.5,60.6,62.1,99.1,187.0,190.4,53.4,894.3,38.5,119.7,305.3,430.8,333.7191489361702,-8.51588799347138,Normal,308.0,44.39999999999998,313.73333333333335,322.73999999999995,12.275524013200602
Tamil Nadu,1960,5.5,9.9,21.0,60.0,60.9,35.9,146.8,55.6,108.4,134.5,354.1,21.2,1013.9,15.4,141.9,346.7,509.9,333.7191489361702,3.8897531367948592,Normal,305.3,-2.6999999999999886,292.3,316.78000000000003,12.48033319851727
Tamil Nadu,1961,76.0,12.7,2.2,23.9,71.9,73.8,99.4,110.4,122.2,154.7,107.5,56.1,910.7,88.6,98.0,405.7,318.3,333.7191489361702,21.56929001326125,Excess,346.7,41.39999999999998,320.0,318.64,12.848851472195452
Tamil Nadu,1962,10.0,23.6,13.6,48.4,114.1,44.0,56.7,130.5,114.8,275.7,63.1,47.1,941.6,33.6,176.2,345.9,385.9,333.7191489361702,3.650030602876668,Normal,405.7,59.0,352.56666666666666,325.86,16.402119511353995
Tamil Nadu,1963,76.2,4.8,39.1,56.5,45.1,49.9,93.1,88.7,115.0,173.4,195.0,135.9,1072.8,81.0,140.7,346.8,504.3,333.7191489361702,3.91971845353464,Normal,345.9,-59.80000000000001,366.09999999999997,342.32,11.863780029044444
Tamil Nadu,1964,1.6,1.2,15.5,11.4,56.8,31.3,174.7,100.8,92.3,187.7,166.4,70.9,910.6,2.7,83.8,399.1,424.9,333.7191489361702,19.591579108436203,Excess,346.8,0.9000000000000341,366.1333333333334,350.08,10.238123813740307
Tamil Nadu,1965,1.8,7.2,10.1,63.8,40.9,33.5,55.4,169.8,92.7,123.9,120.3,202.3,921.8,9.0,114.8,351.4,446.6,333.7191489361702,5.298123023564212,Normal,399.1,52.30000000000001,363.93333333333334,368.84,8.33062193456361
Tamil Nadu,1966,16.0,1.6,11.9,33.4,51.8,51.6,76.4,143.4,166.1,290.6,224.3,99.8,1166.9,17.6,97.1,437.5,614.7,333.7191489361702,31.09826073650924,Excess,351.4,-47.700000000000045,365.7666666666667,369.78000000000003,8.097218272401358
Tamil Nadu,1967,28.9,1.0,40.4,19.3,47.6,69.1,69.4,81.2,76.2,182.3,127.1,156.7,899.1,29.9,107.2,295.9,466.1,333.7191489361702,-11.332627767010102,Normal,437.5,86.10000000000002,396.0,376.14,10.864126201397548
Tamil Nadu,1968,4.6,5.6,36.5,85.9,46.9,47.9,53.7,65.0,137.7,111.8,121.1,72.7,789.4,10.2,169.3,304.3,305.6,333.7191489361702,-8.815541160869115,Normal,295.9,-141.60000000000002,361.59999999999997,366.14,14.773453949269541
Tamil Nadu,1969,1.5,7.2,3.5,32.1,57.0,30.4,60.9,139.7,36.8,275.1,190.5,127.1,961.8,8.7,92.6,267.8,592.7,333.7191489361702,-19.752881770886457,Normal,304.3,8.400000000000034,345.90000000000003,357.64,17.003733751981013
Tamil Nadu,1970,15.9,18.0,9.2,61.8,85.4,51.6,88.9,98.5,102.4,195.1,199.9,15.3,942.1,34.0,156.5,341.3,410.3,333.7191489361702,2.271626032847095,Normal,267.8,-36.5,289.3333333333333,331.38,20.07203592799151
Tamil Nadu,1971,19.3,11.1,37.8,40.6,75.7,46.9,87.2,127.8,109.0,221.3,71.3,199.6,1047.6,30.4,154.2,370.9,492.2,333.7191489361702,11.141359787820052,Normal,341.3,73.5,304.4666666666667,329.36,20.01010920880005
Tamil Nadu,1972,4.0,1.2,1.0,14.0,151.1,55.1,49.2,42.7,175.3,273.1,126.0,200.6,1093.4,5.2,166.2,322.3,599.8,333.7191489361702,-3.421784147709878,Normal,370.9,29.599999999999966,326.6666666666667,316.04,12.772998413149214
Tamil Nadu,1973,0.3,0.2,5.3,20.7,57.0,63.5,92.3,87.6,130.4,195.2,79.1,127.1,858.5,0.5,82.9,373.7,401.4,333.7191489361702,11.980388656533716,Normal,322.3,-48.599999999999966,344.8333333333333,321.32000000000005,12.065809606354316
Tamil Nadu,1974,0.6,8.9,6.7,30.4,59.5,40.6,79.8,63.5,178.0,114.8,47.8,22.2,652.8,9.4,96.6,361.9,184.8,333.7191489361702,8.444481281240435,Normal,373.7,51.39999999999998,355.6333333333334,335.2,12.920726705526024
Tamil Nadu,1975,6.0,4.3,34.8,20.8,80.8,46.8,129.1,121.3,147.8,165.3,130.3,36.4,923.6,10.3,136.3,445.0,332.0,333.7191489361702,33.34565949199225,Excess,361.9,-11.800000000000011,352.63333333333327,354.02,6.159994731786609
Tamil Nadu,1976,1.2,0.2,8.4,50.1,33.8,48.6,64.0,129.9,83.7,137.6,244.9,56.6,858.9,1.4,92.3,326.1,439.1,333.7191489361702,-2.2831021115984798,Normal,445.0,83.10000000000002,393.5333333333333,374.76,11.833805871296166
Tamil Nadu,1977,1.4,24.8,10.4,45.5,104.1,50.6,55.4,128.3,118.6,347.5,346.8,12.6,1246.0,26.2,160.0,353.0,706.9,333.7191489361702,5.777568091400596,Normal,326.1,-118.89999999999998,377.6666666666667,365.8,13.544129171603847
Tamil Nadu,1978,1.4,11.2,10.9,35.9,55.2,29.4,78.2,55.4,137.2,151.4,234.6,198.1,998.8,12.6,102.0,300.2,584.1,333.7191489361702,-10.044119147199837,Normal,353.0,26.899999999999977,374.70000000000005,371.94,11.94970450976033
Tamil Nadu,1979,0.7,43.5,12.5,15.3,35.1,60.2,75.2,80.2,183.1,132.6,416.7,48.2,1103.4,44.2,62.9,398.7,597.5,333.7191489361702,19.4717178414771,Excess,300.2,-52.80000000000001,326.43333333333334,357.23999999999995,15.309539837827208
Tamil Nadu,1980,0.1,0.0,15.4,45.9,69.2,37.7,64.9,64.2,76.3,122.3,166.2,47.0,709.1,0.1,130.4,243.0,335.5,333.7191489361702,-27.184280322350297,Deficient,398.7,98.5,350.6333333333334,364.6,15.869458766962055
Tamil Nadu,1981,8.9,1.3,21.7,23.7,87.2,57.0,117.0,91.8,200.5,258.0,106.4,72.5,1045.9,10.1,132.6,466.3,436.8,333.7191489361702,39.72827195756402,Excess,243.0,-155.7,313.9666666666667,324.2,17.95438556154682
Tamil Nadu,1982,0.2,0.1,8.6,25.2,58.8,49.8,52.5,44.5,93.4,114.0,200.8,30.9,678.6,0.3,92.5,240.1,345.7,333.7191489361702,-28.05327450780373,Deficient,466.3,223.3,369.3333333333333,352.23999999999995,24.50838749962563
Tamil Nadu,1983,0.2,0.2,1.9,5.5,86.9,72.9,77.9,132.0,154.6,138.7,94.5,242.6,1007.7,0.4,94.2,437.3,475.7,333.7191489361702,31.038330103029693,Excess,240.1,-226.20000000000002,316.46666666666664,329.65999999999997,30.27197842096236
Tamil Nadu,1984,34.5,131.3,101.7,45.4,21.6,43.6,149.5,38.0,151.3,134.8,113.5,58.5,1023.8,165.9,168.7,382.4,306.8,333.7191489361702,14.58737121289401,Normal,437.3,197.20000000000002,381.23333333333335,357.08,30.2903594308015
Tamil Nadu,1985,89.7,5.2,11.9,43.9,33.4,108.8,81.2,129.7,161.6,107.3,233.3,57.4,1063.5,94.9,89.3,481.2,398.1,333.7191489361702,44.193104151790266,Excess,382.4,-54.900000000000034,353.26666666666665,353.82,30.193382263238867
Tamil Nadu,1986,65.5,39.0,16.1,20.9,62.7,63.4,66.9,115.2,142.3,170.5,133.4,57.1,953.0,104.4,99.7,387.7,361.0,333.7191489361702,16.17553300010201,Normal,481.2,98.80000000000001,433.63333333333327,401.46,24.357316107332043
Tamil Nadu,1987,8.0,1.2,28.7,20.0,50.5,70.5,26.1,82.8,127.0,236.7,136.9,175.0,963.5,9.2,99.2,306.4,548.6,333.7191489361702,-8.186269509333881,Normal,387.7,-93.5,417.09999999999997,385.74,23.545770073323713
Tamil Nadu,1988,0.2,3.8,27.4,94.6,59.1,41.1,102.6,149.8,136.1,71.8,117.6,33.1,837.2,4.0,181.1,429.7,222.4,333.7191489361702,28.76096603080689,Excess,306.4,-81.30000000000001,391.76666666666665,399.0,16.435514286477183
Tamil Nadu,1989,2.7,0.0,27.9,40.8,53.6,57.4,154.9,39.7,137.3,148.6,154.0,39.8,856.5,2.7,122.2,389.2,342.4,333.7191489361702,16.625012751198614,Normal,429.7,123.30000000000001,374.59999999999997,397.47999999999996,16.23931289214057
Tamil Nadu,1990,84.8,10.2,36.2,24.3,94.9,28.9,40.0,80.1,119.6,194.1,144.0,46.1,903.2,95.0,155.3,268.7,384.2,333.7191489361702,-19.4831939202285,Normal,389.2,-40.5,375.09999999999997,398.84000000000003,16.10211382943671
Tamil Nadu,1991,24.2,4.6,9.7,37.4,29.5,128.1,54.7,71.7,114.0,225.1,234.4,21.4,954.8,28.9,76.6,368.5,480.9,333.7191489361702,10.422192186065494,Normal,268.7,-120.5,362.5333333333333,356.34000000000003,18.62535610422758
Tamil Nadu,1992,3.1,0.2,0.0,22.5,58.3,66.4,77.9,59.9,157.3,123.9,297.2,52.1,918.7,3.3,80.8,361.4,473.2,333.7191489361702,8.294654697541565,Normal,368.5,99.80000000000001,342.13333333333327,352.5,18.33597659861783
Tamil Nadu,1993,0.1,7.0,9.9,11.2,46.6,68.2,60.3,88.8,96.7,214.5,315.9,163.1,1082.3,7.1,67.7,314.0,693.5,333.7191489361702,-5.908905437111085,Normal,361.4,-7.100000000000023,332.8666666666666,363.49999999999994,16.309801437620248
Tamil Nadu,1994,7.0,27.6,5.5,48.3,66.6,38.6,75.3,66.1,84.2,230.6,229.1,27.0,905.9,34.6,120.5,264.2,486.6,333.7191489361702,-20.83163317351831,Deficient,314.0,-47.39999999999998,347.96666666666664,340.36,14.280549268784704
Tamil Nadu,1995,23.8,3.3,16.7,39.5,139.0,64.6,86.7,121.1,94.0,143.1,107.9,3.7,843.4,27.1,195.2,366.4,254.7,333.7191489361702,9.792920534530245,Normal,264.2,-49.80000000000001,313.2,315.36,15.647338148522483
Tamil Nadu,1996,7.6,3.6,5.0,91.5,34.0,125.3,55.4,112.4,141.2,149.7,106.0,237.6,1069.4,11.3,130.5,434.3,493.3,333.7191489361702,30.13937060083649,Excess,366.4,102.19999999999999,314.8666666666667,334.9,13.567888928310474
Tamil Nadu,1997,7.7,0.2,2.3,42.0,49.2,50.4,63.5,56.4,116.0,169.5,258.1,135.2,950.5,7.9,93.5,286.3,562.8,333.7191489361702,-14.209298174028351,Normal,434.3,67.90000000000003,354.96666666666664,348.06,18.2525935689632
Tamil Nadu,1998,6.9,5.7,4.1,23.6,55.8,43.0,101.9,152.9,121.8,124.7,242.0,197.4,1079.7,12.5,83.6,419.6,564.0,333.7191489361702,25.73446904008978,Excess,286.3,-148.0,362.3333333333333,333.04,20.504206592885108
Tamil Nadu,1999,8.3,24.1,3.9,56.9,74.5,46.4,55.3,74.8,73.1,268.9,182.8,53.6,922.6,32.3,135.3,249.6,505.3,333.7191489361702,-25.206569417525248,Deficient,419.6,133.3,380.06666666666666,354.16,21.666471517347734
Tamil Nadu,2000,30.3,74.5,9.4,41.6,54.7,52.2,45.8,136.1,169.8,120.3,148.6,88.9,972.0,104.7,105.6,403.9,357.8,333.7191489361702,21.029914311945323,Excess,249.6,-170.00000000000003,318.50000000000006,351.24,23.107580076173292
Tamil Nadu,2001,21.8,10.9,13.0,93.8,45.0,39.9,37.2,18.7,53.8,69.5,52.3,27.6,483.4,32.7,151.8,149.5,149.3,333.7191489361702,-55.20185147403856,Deficient,403.9,154.29999999999998,357.7,358.74000000000007,23.575590444301078
Tamil Nadu,2002,2.9,22.1,3.9,9.2,32.6,23.7,11.8,26.5,32.2,93.7,47.2,12.2,318.0,25.0,45.7,94.2,153.1,333.7191489361702,-71.77267163113333,Large Deficient,149.5,-254.39999999999998,267.6666666666667,301.78000000000003,37.21861252214679
Tamil Nadu,2003,0.3,4.1,18.0,17.1,19.8,22.5,38.7,49.3,26.1,86.0,59.5,7.1,348.5,4.4,54.8,136.6,152.6,333.7191489361702,-59.06737733346935,Deficient,94.2,-55.3,215.86666666666667,263.36,55.65382946979436
Tamil Nadu,2004,2.8,0.7,3.0,16.2,101.1,21.2,98.6,85.1,208.3,271.1,204.5,25.0,1037.6,3.5,120.3,413.2,500.6,333.7191489361702,23.816688768744264,Excess,136.6,42.39999999999999,126.76666666666667,206.76,60.00524710592919
Tamil Nadu,2005,4.1,11.1,24.4,128.0,80.6,35.7,87.9,93.3,117.9,280.5,353.4,148.5,1365.3,15.2,233.0,334.8,782.3,333.7191489361702,0.3238804447618149,Normal,413.2,276.6,214.66666666666666,239.48000000000002,65.02578595390747
Tamil Nadu,2006,15.3,0.2,52.4,32.6,65.2,57.2,33.6,73.4,116.3,240.4,215.1,26.1,927.9,15.5,150.2,280.6,481.6,333.7191489361702,-15.91732122819544,Normal,334.8,-78.39999999999998,294.8666666666666,225.66,61.920057436969756
Tamil Nadu,2007,7.2,7.5,1.8,58.0,44.9,73.1,101.0,136.5,89.1,248.9,79.2,219.9,1067.2,14.7,104.7,399.7,548.0,333.7191489361702,19.77137100887484,Excess,280.6,-54.19999999999999,342.86666666666673,251.88000000000002,53.2196235666684
Tamil Nadu,2008,11.7,29.1,164.7,31.5,53.7,51.1,73.1,126.5,70.7,242.7,298.5,50.1,1203.4,40.8,250.0,321.5,591.2,333.7191489361702,-3.661506681628069,Normal,399.7,119.09999999999997,338.3666666666667,312.98,35.79319500621333
Tamil Nadu,2009,7.9,0.0,41.0,41.4,74.8,27.0,42.1,96.9,114.4,62.1,314.7,106.2,928.5,7.9,157.2,280.4,482.9,333.7191489361702,-15.977251861675,Normal,321.5,-78.19999999999999,333.93333333333334,349.96000000000004,15.86086789635647
Tamil Nadu,2010,11.8,0.2,1.9,22.9,91.9,70.0,81.4,102.9,111.1,148.1,328.6,124.5,1095.2,11.9,116.7,365.4,601.2,333.7191489361702,9.493267367132509,Normal,280.4,-41.10000000000002,333.8666666666667,323.4,15.176814917958707
Tamil Nadu,2011,4.3,11.2,8.0,91.5,33.4,56.0,45.5,128.9,76.0,200.4,230.5,41.0,926.5,15.5,132.8,306.4,471.8,333.7191489361702,-8.186269509333881,Normal,365.4,85.0,322.43333333333334,329.52,15.974023012019964
Tamil Nadu,2012,3.0,0.1,2.5,35.5,41.9,30.1,46.5,98.0,84.9,235.2,44.5,14.0,636.1,3.1,79.9,259.5,293.6,333.7191489361702,-22.240003060287663,Deficient,306.4,-59.0,317.4,334.67999999999995,14.244547329826501
Tamil Nadu,2013,3.9,30.9,30.0,20.3,42.0,54.6,42.7,110.7,113.5,127.9,112.3,53.2,741.9,34.8,92.2,321.5,293.4,333.7191489361702,-3.661506681628069,Normal,259.5,-46.89999999999998,310.43333333333334,306.64,13.23113371944733
Tamil Nadu,2014,7.4,6.1,8.1,8.3,139.1,47.8,50.6,117.7,98.9,252.2,110.8,66.0,913.0,13.4,155.5,315.1,428.9,333.7191489361702,-5.579286952973569,Normal,321.5,62.0,295.8,306.64,13.23113371944733
Tamil Nadu,2015,8.3,2.3,21.7,108.8,112.4,62.4,43.5,81.6,98.4,132.6,379.8,152.8,1204.6,10.6,242.8,285.9,665.3,333.7191489361702,-14.329159440987455,Normal,315.1,-6.399999999999977,298.7,313.58000000000004,12.066132810230586
Tamil Nadu,2016,2.5,0.8,3.1,6.3,102.5,63.0,86.8,55.1,49.0,65.8,33.8,66.5,535.0,3.3,111.9,253.9,166.0,333.7191489361702,-23.91806079771498,Deficient,285.9,-29.200000000000045,307.5,297.67999999999995,8.470810157718379
Tamil Nadu,2017,37.3,1.1,35.4,17.3,73.5,47.9,42.0,159.4,165.3,155.5,141.5,96.8,973.0,38.4,126.1,414.6,393.9,333.7191489361702,24.236203203101105,Excess,253.9,-31.99999999999997,284.96666666666664,287.18,10.778841334671627
Telangana,1901,6.9,41.8,7.8,45.2,22.0,123.6,237.8,177.2,77.7,75.5,12.2,0.0,827.7,48.7,75.0,616.4,87.7,798.5680851063829,-22.81184140762588,Deficient,,,,,
Telangana,1902,0.0,0.0,0.2,10.7,7.3,52.4,146.3,142.8,190.5,41.7,31.2,7.3,630.4,0.0,18.2,532.0,80.2,798.5680851063829,-33.38075864512811,Deficient,616.4,,,,
Telangana,1903,12.9,4.6,0.0,9.9,40.7,99.2,505.2,246.7,191.9,155.8,15.5,1.1,1283.4,17.5,50.5,1042.9,172.4,798.5680851063829,30.596253400368237,Excess,532.0,-84.39999999999998,,,
Telangana,1904,0.0,0.0,10.8,0.8,14.7,104.2,139.5,50.0,162.3,44.4,0.0,0.0,526.7,0.0,26.3,456.0,44.4,798.5680851063829,-42.89779312439552,Deficient,1042.9,510.9000000000001,730.4333333333334,,
Telangana,1905,0.0,4.3,12.8,27.6,32.2,129.5,82.4,237.3,179.1,19.6,0.0,0.0,724.9,4.3,72.6,628.4,19.6,798.5680851063829,-21.30915175300471,Deficient,456.0,-586.9000000000001,676.9666666666667,,
Telangana,1906,22.5,1.2,13.4,2.4,0.7,211.1,210.8,226.7,96.3,20.5,14.9,34.8,855.2,23.7,16.5,744.8,70.2,798.5680851063829,-6.733062103179359,Normal,628.4,172.39999999999998,709.1,655.1400000000001,34.756321513534886
Telangana,1907,1.0,3.3,10.2,61.9,0.2,217.5,160.5,263.3,116.8,0.3,3.6,5.0,843.7,4.3,72.3,758.1,8.9,798.5680851063829,-5.067581069307553,Normal,744.8,116.39999999999998,609.7333333333332,680.8199999999999,33.70564208217705
Telangana,1908,35.6,2.6,5.2,0.3,6.5,107.4,254.9,168.3,401.2,0.1,0.0,0.7,982.8,38.3,12.0,931.8,0.8,798.5680851063829,16.68385168133388,Normal,758.1,13.300000000000068,710.4333333333334,726.04,29.55941095724091
Telangana,1909,0.5,5.9,0.5,26.4,2.2,133.8,288.3,168.6,138.5,4.6,0.0,0.2,769.5,6.3,29.1,729.2,4.8,798.5680851063829,-8.686558654186868,Normal,931.8,173.69999999999993,811.5666666666666,703.8199999999999,24.986151750134535
Telangana,1910,0.0,0.0,0.0,4.2,25.0,220.9,198.2,150.3,230.5,101.4,45.3,0.0,975.9,0.0,29.2,799.9,146.8,798.5680851063829,0.1667878942895187,Normal,729.2,-202.5999999999999,806.3666666666668,758.46,14.443804750973221
Telangana,1911,0.0,0.0,7.9,0.7,7.8,133.9,122.1,176.3,174.4,23.0,6.0,9.9,662.0,0.0,16.4,606.7,39.0,798.5680851063829,-24.02651554511132,Deficient,799.9,70.69999999999993,820.3000000000001,792.76,10.34907922788749
Telangana,1912,0.0,37.5,0.0,20.4,6.6,28.5,263.3,196.8,149.5,7.8,33.4,0.0,743.8,37.5,26.9,638.1,41.3,798.5680851063829,-20.094477615519256,Deficient,606.7,-193.19999999999993,711.9333333333334,765.1400000000001,15.384905954635556
Telangana,1913,0.0,13.4,0.0,8.0,34.6,83.5,337.2,108.8,101.7,35.2,0.0,9.7,732.2,13.4,42.6,631.3,44.9,798.5680851063829,-20.94600175313793,Deficient,638.1,31.399999999999977,681.5666666666667,741.1400000000001,17.674686513488513
Telangana,1914,0.0,0.0,1.2,34.1,41.5,233.1,271.3,195.1,278.6,16.2,10.3,2.0,1083.5,0.0,76.8,978.1,28.5,798.5680851063829,22.481729265413904,Excess,631.3,-6.800000000000068,625.3666666666667,681.04,11.904317585955827
Telangana,1915,15.4,8.6,77.8,18.8,26.7,165.6,140.4,236.2,186.8,122.0,23.6,0.1,1022.0,24.0,123.3,729.0,145.7,798.5680851063829,-8.711603481763893,Normal,978.1,346.80000000000007,749.1666666666666,730.82,21.61635129349523
Telangana,1916,0.0,4.1,0.0,15.9,16.1,233.2,216.4,137.0,291.8,153.1,95.1,0.0,1162.6,4.1,32.0,878.4,248.1,798.5680851063829,9.996882718269676,Normal,729.0,-249.10000000000002,779.4666666666667,716.6400000000001,21.397044481837817
Telangana,1917,0.0,65.5,33.0,34.1,52.7,184.1,267.5,180.1,275.6,106.7,6.6,0.0,1206.0,65.5,119.9,907.3,113.4,798.5680851063829,13.615860303148992,Normal,878.4,149.39999999999998,861.8333333333334,770.9799999999999,19.81641770553567
Telangana,1918,20.2,0.0,32.6,8.3,55.5,97.8,106.1,89.6,96.9,6.4,7.5,33.9,554.7,20.2,96.4,390.3,47.8,798.5680851063829,-51.12501898344642,Deficient,907.3,28.899999999999977,838.2333333333332,824.82,17.124276605607267
Telangana,1919,5.5,39.2,31.3,35.0,23.6,158.8,139.4,115.3,129.9,130.6,78.5,7.4,894.6,44.8,89.9,543.4,216.6,798.5680851063829,-31.953203473238,Deficient,390.3,-517.0,725.3333333333334,776.62,30.166135406348936
Telangana,1920,7.4,0.0,1.7,24.4,31.4,62.8,138.8,66.5,78.9,24.9,0.0,0.0,437.0,7.4,57.6,347.1,24.9,798.5680851063829,-56.53470174008264,Deficient,543.4,153.09999999999997,613.6666666666666,689.68,32.05876789650355
Telangana,1921,7.1,0.0,0.1,5.4,5.5,200.9,296.7,161.1,240.7,68.0,17.9,0.0,1003.3,7.1,11.0,899.4,85.9,798.5680851063829,12.626589613856725,Normal,347.1,-196.29999999999995,426.9333333333334,613.3,43.30808424307814
Telangana,1922,55.3,0.0,0.0,6.6,50.1,69.2,184.3,158.3,170.2,23.0,50.7,0.0,767.5,55.3,56.7,581.9,73.7,798.5680851063829,-27.132074164661745,Deficient,899.4,552.3,596.6333333333333,617.5,43.88024962069396
Telangana,1923,3.0,5.3,23.3,10.7,18.0,43.5,222.8,80.3,334.4,44.0,1.0,0.0,786.2,8.3,52.0,680.9,45.0,798.5680851063829,-14.73488451403709,Normal,581.9,-317.5,609.4666666666667,552.42,39.43040742596254
Telangana,1924,37.0,0.0,0.0,9.2,34.6,62.8,124.7,220.2,288.2,51.6,116.1,0.0,944.5,37.0,43.8,695.9,167.7,798.5680851063829,-12.856522445760628,Normal,680.9,99.0,720.7333333333332,610.54,33.07566204889683
Telangana,1925,0.0,0.0,0.0,49.8,97.8,168.1,266.2,239.2,148.1,187.5,8.1,3.1,1167.9,0.0,147.6,821.6,198.7,798.5680851063829,2.884151686396141,Normal,695.9,15.0,652.9,641.0400000000001,31.32060531531228
Telangana,1926,46.1,2.0,24.0,48.8,24.0,74.7,227.3,205.1,70.5,41.0,0.0,0.0,763.5,48.1,96.8,577.6,41.0,798.5680851063829,-27.67053795756766,Deficient,821.6,125.70000000000005,732.7999999999998,735.9399999999999,16.973897995770397
Telangana,1927,9.6,11.0,4.6,2.0,14.3,248.3,266.0,158.5,142.4,59.9,89.0,0.0,1005.5,20.7,20.8,815.1,148.9,798.5680851063829,2.070194790143008,Normal,577.6,-244.0,698.3666666666667,671.58,14.901248959479348
Telangana,1928,0.0,15.8,47.3,4.5,27.9,143.9,248.6,191.6,215.2,104.1,0.0,7.4,1006.4,15.8,79.7,799.4,111.5,798.5680851063829,0.1041758253469699,Normal,815.1,237.5,738.1,718.22,14.2225964953777
Telangana,1929,5.3,64.8,0.0,21.7,2.8,146.0,115.0,142.2,232.5,35.9,0.0,24.5,790.5,70.0,24.4,635.6,60.3,798.5680851063829,-20.407537960232,Deficient,799.4,-15.700000000000045,730.6999999999999,741.92,14.15681190241576
Telangana,1930,0.0,14.7,5.4,13.5,1.7,184.9,131.1,144.7,215.6,60.0,64.3,0.0,835.8,14.7,20.6,676.2,124.3,798.5680851063829,-15.32343796209704,Normal,635.6,-163.79999999999995,750.0333333333334,729.86,15.709606683685184
Telangana,1931,0.3,5.1,4.0,13.3,25.9,187.3,368.6,155.9,288.1,107.4,25.5,1.6,1183.1,5.4,43.3,1000.0,134.5,798.5680851063829,25.22413788509754,Excess,676.2,40.60000000000002,703.7333333333332,700.78,14.764411475594134
Telangana,1932,0.0,40.3,1.3,17.6,25.8,119.7,300.4,179.0,172.9,32.0,60.9,0.0,949.9,40.3,44.6,772.0,92.9,798.5680851063829,-3.3269655527047,Normal,1000.0,323.79999999999995,770.6,785.26,18.177084560875503
Telangana,1933,12.9,17.4,15.7,25.0,63.4,332.0,243.4,226.7,262.2,128.9,24.0,44.5,1396.3,30.3,104.2,1064.3,197.4,798.5680851063829,33.27604995110931,Excess,772.0,-228.0,816.0666666666666,776.64,18.25595274834921
Telangana,1934,0.1,0.0,0.1,18.3,1.2,111.7,296.9,280.2,162.3,15.2,42.0,0.0,927.9,0.1,19.6,851.1,57.1,798.5680851063829,6.578263754006517,Normal,1064.3,292.29999999999995,945.4333333333334,829.6200000000001,23.23316261175144
Telangana,1935,16.2,3.4,1.4,42.2,2.7,115.1,309.7,162.9,198.3,43.5,2.6,0.5,898.5,19.6,46.3,786.0,46.6,798.5680851063829,-1.5738276223133345,Normal,851.1,-213.19999999999993,895.8000000000001,872.7199999999999,18.309761482228776
Telangana,1936,2.5,79.1,15.3,8.4,73.7,200.0,268.9,220.9,128.4,96.4,48.2,15.1,1157.0,81.7,97.4,818.2,159.7,798.5680851063829,2.4583896175868123,Normal,786.0,-65.10000000000002,900.4666666666667,894.68,14.639993523448858
Telangana,1937,0.0,33.2,28.6,105.6,3.0,77.8,285.8,102.4,153.6,72.1,0.9,3.0,866.1,33.2,137.3,619.6,76.0,798.5680851063829,-22.411124166393563,Deficient,818.2,32.200000000000045,818.4333333333334,858.32,13.879805690164323
Telangana,1938,0.0,41.3,14.2,16.6,27.8,226.3,331.6,256.5,201.9,59.2,0.0,0.0,1175.3,41.3,58.6,1016.2,59.2,798.5680851063829,27.252768918836125,Excess,619.6,-198.60000000000002,741.2666666666668,827.8399999999999,19.25761211625084
Telangana,1939,0.0,0.0,22.0,16.7,3.0,73.5,173.2,202.5,107.1,130.3,11.8,0.0,740.0,0.0,41.7,556.3,142.1,798.5680851063829,-30.337812094520245,Deficient,1016.2,396.6,818.0,818.22,17.36649083175709
Telangana,1940,0.0,0.5,11.4,33.6,91.4,128.5,345.8,281.5,94.7,64.9,22.2,8.1,1082.6,0.5,136.4,850.6,95.1,798.5680851063829,6.515651685063969,Normal,556.3,-459.9000000000001,730.6999999999999,759.26,23.826335686459
Telangana,1941,16.6,3.3,4.8,4.8,17.5,121.4,87.9,149.9,137.5,49.6,0.7,0.4,594.4,19.9,27.2,496.7,50.7,798.5680851063829,-37.80117071247206,Deficient,850.6,294.30000000000007,807.6999999999999,772.1800000000001,24.0278810592424
Telangana,1942,0.0,23.0,0.2,31.7,30.9,160.0,250.1,277.3,107.4,20.9,3.9,1.6,906.9,23.0,62.7,794.7,26.4,798.5680851063829,-0.4843776227129799,Normal,496.7,-353.90000000000003,634.5333333333333,707.88,30.852915548362127
Telangana,1943,15.2,0.6,1.7,34.4,26.9,180.4,179.3,133.4,262.2,62.7,2.6,0.0,899.3,15.8,62.9,755.3,65.2,798.5680851063829,-5.418208655385834,Normal,794.7,298.00000000000006,714.0,742.9,28.90221962983553
Telangana,1944,0.0,13.7,82.3,5.4,15.7,114.5,224.1,142.4,207.7,131.9,22.7,0.0,960.5,13.7,103.4,688.7,154.7,798.5680851063829,-13.75813623853332,Normal,755.3,-39.40000000000009,682.2333333333333,690.72,22.458620120744015
Telangana,1945,4.3,0.0,0.0,39.0,11.2,144.5,332.1,238.4,159.1,94.1,4.8,0.0,1027.4,4.3,50.3,874.0,98.9,798.5680851063829,9.44589651157525,Normal,688.7,-66.59999999999991,746.2333333333332,717.2,19.052373685683136
Telangana,1946,0.0,15.9,5.2,21.7,14.5,152.1,287.2,149.5,85.0,30.7,57.5,3.6,822.8,15.9,41.3,673.9,91.8,798.5680851063829,-15.61145347923277,Normal,874.0,185.29999999999995,772.6666666666666,721.8799999999999,19.757381301063308
Telangana,1947,13.4,18.0,3.3,1.8,10.8,59.9,273.3,315.5,248.3,35.3,16.2,9.7,1005.5,31.4,15.9,897.0,61.1,798.5680851063829,12.326051682932492,Normal,673.9,-200.10000000000002,745.5333333333333,757.3199999999999,10.784729914712546
Telangana,1948,3.7,4.6,5.1,20.0,15.0,71.4,239.3,165.4,242.5,25.0,123.0,0.0,915.0,8.3,40.1,718.6,148.0,798.5680851063829,-10.013934515768906,Normal,897.0,223.10000000000002,814.9666666666667,777.78,13.284468878906885
Telangana,1949,0.5,0.0,2.4,13.8,67.9,152.0,335.5,173.6,198.1,94.6,0.2,0.0,1038.6,0.6,84.1,859.2,94.8,798.5680851063829,7.592579270875811,Normal,718.6,-178.39999999999998,763.1666666666666,770.4399999999999,13.832695399326065
Telangana,1950,0.0,34.7,14.2,0.2,11.6,78.4,222.7,118.5,254.1,21.8,4.7,0.5,761.3,34.7,25.9,673.7,26.9,798.5680851063829,-15.636498306809782,Normal,859.2,140.60000000000002,824.9333333333334,804.5400000000001,12.555257486997185
Telangana,1951,0.0,0.0,56.1,20.1,31.1,116.8,356.0,151.7,103.9,64.4,0.7,0.0,900.8,0.0,107.3,728.3,65.1,798.5680851063829,-8.799260378283467,Normal,673.7,-185.5,750.5,764.4799999999999,13.88723579815537
Telangana,1952,0.5,16.4,0.8,12.4,32.5,80.1,205.1,148.9,137.7,88.3,0.2,6.9,729.7,16.9,45.6,571.9,95.3,798.5680851063829,-28.384315543512724,Deficient,728.3,54.59999999999991,753.7333333333332,775.36,12.50375642722344
Telangana,1953,5.1,0.0,3.0,26.8,0.7,224.0,200.9,364.5,269.5,175.8,1.7,0.0,1272.1,5.1,30.5,1058.9,177.5,798.5680851063829,32.5998396065298,Excess,571.9,-156.39999999999998,657.9666666666667,710.34,14.606014560420777
Telangana,1954,0.0,0.0,13.2,4.3,14.4,105.3,300.4,192.5,252.9,44.2,0.0,1.2,928.4,0.0,31.9,851.2,45.4,798.5680851063829,6.590786167795031,Normal,1058.9,487.0000000000001,786.3666666666668,778.4000000000001,24.147599812346527
Telangana,1955,1.0,0.0,2.9,9.8,27.8,230.3,259.9,300.1,249.7,116.2,5.5,0.0,1203.2,1.0,40.5,1040.0,121.7,798.5680851063829,30.23310340050144,Excess,851.2,-207.70000000000005,827.3333333333334,776.8,24.09080965604624
Telangana,1956,0.7,1.5,1.9,5.9,52.9,220.1,393.8,133.3,156.9,94.5,59.1,0.0,1120.5,2.2,60.6,904.1,153.5,798.5680851063829,13.215143061916686,Normal,1040.0,188.79999999999995,983.3666666666668,850.0600000000001,24.386370036348097
Telangana,1957,0.0,7.7,23.7,33.4,18.6,157.9,206.9,358.5,100.9,75.6,0.0,0.0,983.2,7.7,75.8,824.1,75.6,798.5680851063829,3.1972120311088847,Normal,904.1,-135.89999999999998,931.7666666666668,885.22,22.15153218489095
Telangana,1958,2.1,4.9,10.0,24.7,14.1,72.9,407.5,351.7,135.2,69.8,20.9,0.0,1113.9,7.1,48.8,967.3,90.8,798.5680851063829,21.129308576254843,Excess,824.1,-80.0,922.7333333333332,935.6600000000001,11.54192354279889
Telangana,1959,1.0,0.4,0.0,4.0,16.3,163.7,403.2,348.3,212.8,68.6,4.2,1.7,1224.1,1.4,20.3,1128.0,74.5,798.5680851063829,41.25282753439002,Excess,967.3,143.19999999999993,898.5,917.3399999999999,9.563328075489842
Telangana,1960,0.7,0.0,32.9,4.1,21.9,223.9,203.6,82.1,197.5,59.4,12.0,1.4,839.5,0.7,58.8,707.1,72.8,798.5680851063829,-11.454012101447528,Normal,1128.0,160.70000000000005,973.1333333333333,972.7,12.105939049000261
Telangana,1961,0.8,6.1,2.7,11.8,46.1,142.2,368.3,209.2,144.5,188.3,26.4,0.2,1146.5,6.9,60.6,864.1,215.0,798.5680851063829,8.206177546512787,Normal,707.1,-420.9,934.1333333333333,906.1200000000001,17.3896015060778
Telangana,1962,0.2,25.1,2.1,47.0,20.3,84.5,270.5,264.1,289.6,62.5,38.6,34.2,1138.7,25.3,69.4,908.7,135.4,798.5680851063829,13.791174096188138,Normal,864.1,157.0,899.7333333333332,898.1200000000001,17.67137474993241
Telangana,1963,0.0,0.3,4.0,35.5,9.0,179.5,214.7,372.7,103.3,91.2,0.0,0.0,1010.1,0.3,48.5,870.1,91.2,798.5680851063829,8.957522373823371,Normal,908.7,44.60000000000002,826.6333333333333,915.04,16.749233598243872
Telangana,1964,0.0,0.2,5.5,2.1,0.7,109.1,186.3,232.3,302.4,41.7,7.2,0.0,887.5,0.2,8.3,830.1,48.9,798.5680851063829,3.9485568584194697,Normal,870.1,-38.60000000000002,880.9666666666667,895.6,16.87426023752735
Telangana,1965,2.7,0.8,4.4,6.8,2.7,124.3,318.6,152.2,166.2,0.1,0.0,0.0,778.9,3.5,13.9,761.3,0.1,798.5680851063829,-4.666863828075249,Normal,830.1,-40.0,869.6333333333333,836.0200000000001,9.243591825350364
Telangana,1966,19.8,0.0,2.6,7.9,2.7,67.2,294.0,216.3,254.4,39.5,34.9,31.7,970.9,19.8,13.2,831.9,106.1,798.5680851063829,4.173960306612639,Normal,761.3,-68.80000000000007,820.5,846.86,6.538154666268698
Telangana,1967,0.3,0.0,62.7,8.5,1.1,166.7,320.8,183.7,139.4,5.6,0.2,53.1,942.1,0.3,72.3,810.6,58.8,798.5680851063829,1.506686169660068,Normal,831.9,70.60000000000002,807.7666666666668,840.4200000000001,6.512393027259577
Telangana,1968,16.5,15.0,35.1,16.0,7.4,87.6,188.6,52.3,231.4,82.7,15.8,0.1,748.7,31.5,58.5,560.0,98.7,798.5680851063829,-29.87448278434538,Deficient,810.6,-21.299999999999955,801.2666666666668,820.8,4.829112587437017
Telangana,1969,2.2,0.0,1.4,9.6,53.3,103.2,265.5,186.4,278.8,56.1,64.4,26.2,1047.1,2.2,64.3,833.9,146.7,798.5680851063829,4.424408582382835,Normal,560.0,-250.60000000000002,734.1666666666666,758.78,15.118362680036313
Telangana,1970,6.9,0.7,4.5,22.5,45.8,205.5,135.6,345.8,176.1,26.8,0.0,0.0,970.3,7.6,72.8,863.0,26.8,798.5680851063829,8.068430994839176,Normal,833.9,273.9,734.8333333333334,759.54,15.18244605085467
Telangana,1971,7.3,7.5,6.3,6.9,37.8,139.9,114.1,144.3,97.2,167.9,0.0,0.0,729.1,14.8,51.0,495.4,167.9,798.5680851063829,-37.96396209172268,Deficient,863.0,29.100000000000023,752.3000000000001,779.8799999999999,15.941205151069173
Telangana,1972,0.0,14.6,0.1,12.7,12.2,162.8,183.9,93.9,71.3,64.8,49.7,4.8,670.7,14.6,24.9,511.9,119.4,798.5680851063829,-35.89776381661857,Deficient,495.4,-367.6,730.7666666666668,712.58,24.042036524532495
Telangana,1973,0.0,0.0,1.7,5.5,6.4,110.5,239.4,367.0,83.5,223.0,5.3,0.1,1042.5,0.0,13.7,800.4,228.4,798.5680851063829,0.2293999632320674,Normal,511.9,16.5,623.4333333333333,652.84,27.6377816222241
Telangana,1974,0.0,0.0,1.8,7.0,32.9,111.1,113.1,171.9,124.8,261.6,6.0,0.0,830.4,0.0,41.7,521.0,267.6,798.5680851063829,-34.758224161864185,Deficient,800.4,288.5,602.5666666666666,700.9199999999998,25.899245490484684
Telangana,1975,12.9,10.5,7.7,3.0,21.8,138.8,269.4,194.0,347.0,204.9,5.7,0.0,1215.8,23.4,32.6,949.2,210.6,798.5680851063829,18.86275168053459,Normal,521.0,-279.4,611.0999999999999,638.3399999999999,27.905407538660924
Telangana,1976,0.2,0.0,1.0,25.6,10.7,85.7,471.7,277.3,123.4,5.6,34.5,0.0,1035.6,0.2,37.3,958.0,40.1,798.5680851063829,19.96472409392344,Excess,949.2,428.20000000000005,756.8666666666667,655.58,31.593776605855744
Telangana,1977,0.0,0.0,2.4,8.0,42.3,97.4,253.1,240.0,70.9,51.0,36.7,6.7,808.6,0.0,52.6,661.5,94.5,798.5680851063829,-17.164232789007976,Normal,958.0,8.799999999999955,809.4,748.1,29.483636853360117
Telangana,1978,30.7,19.1,5.9,20.6,23.0,261.6,376.5,376.7,116.0,50.1,31.6,0.0,1311.7,49.8,49.5,1130.8,81.7,798.5680851063829,41.60345512046829,Excess,661.5,-296.5,856.2333333333332,778.02,24.202879719561885
Telangana,1979,9.8,22.8,1.2,12.6,48.7,145.9,156.4,131.8,200.0,15.7,39.5,7.3,791.7,32.7,62.5,634.0,62.5,798.5680851063829,-20.60789658084816,Deficient,1130.8,469.29999999999995,916.7666666666668,844.1,29.2569279915262
Telangana,1980,0.0,0.0,5.3,15.5,8.3,219.6,210.1,294.5,145.6,5.0,2.4,16.2,922.6,0.0,29.1,869.9,23.6,798.5680851063829,8.932477546246346,Normal,634.0,-496.79999999999995,808.7666666666668,866.7,24.553696121742185
Telangana,1981,10.3,0.0,26.2,11.7,40.1,187.2,227.5,310.2,285.2,42.5,0.8,2.1,1143.5,10.3,77.9,1010.0,45.3,798.5680851063829,26.476379263948512,Excess,869.9,235.89999999999998,878.2333333333335,850.8399999999999,24.449068910983936
Telangana,1982,5.7,0.0,4.2,22.2,37.1,123.8,265.6,184.1,174.4,100.8,15.3,0.0,933.2,5.8,63.6,747.8,116.1,798.5680851063829,-6.357389689524067,Normal,1010.0,140.10000000000002,837.9666666666667,861.24,25.065142498988198
Telangana,1983,0.0,4.2,1.7,3.9,38.4,158.8,301.5,416.8,378.2,185.4,1.0,7.5,1497.5,4.2,43.9,1255.4,194.0,798.5680851063829,57.206382700951465,Excess,747.8,-262.20000000000005,875.9,878.5,22.61505399335915
Telangana,1984,7.3,8.1,4.7,11.4,3.5,104.9,277.8,119.8,111.8,91.1,2.2,0.0,742.8,15.5,19.7,614.4,93.3,798.5680851063829,-23.062289683396077,Deficient,1255.4,507.60000000000014,1004.4,903.4200000000001,26.72536532104554
Telangana,1985,5.7,0.0,4.7,15.5,13.6,181.4,223.8,160.8,70.0,108.0,0.0,2.3,785.9,5.7,33.9,636.1,110.3,798.5680851063829,-20.344925891289453,Deficient,614.4,-641.0000000000001,872.5333333333333,899.5,27.46026919448529
Telangana,1986,29.4,60.3,1.9,21.5,9.1,115.5,234.9,406.8,65.6,24.6,20.4,17.3,1007.3,89.7,32.5,822.8,62.3,798.5680851063829,3.034420651858249,Normal,636.1,21.700000000000045,835.3000000000001,852.7400000000001,32.20188540541772
Telangana,1987,15.3,1.0,18.4,9.5,30.5,133.1,275.0,221.6,60.1,94.7,116.0,1.8,976.9,16.2,58.3,689.8,212.5,798.5680851063829,-13.620389686859724,Normal,822.8,186.69999999999993,691.1,815.3,31.912146000632518
Telangana,1988,0.0,6.5,1.1,26.6,3.4,135.8,656.2,341.7,313.4,50.5,2.4,7.2,1544.9,6.5,31.1,1447.2,60.1,798.5680851063829,81.22437234731316,Large Excess,689.8,-133.0,716.2333333333332,803.7,32.995686290731626
Telangana,1989,0.0,0.0,39.2,1.9,4.9,238.5,406.0,277.7,165.4,17.4,1.4,8.6,1161.0,0.0,45.9,1087.6,27.4,798.5680851063829,36.19377236383208,Excess,1447.2,757.4000000000001,986.6,842.0600000000001,41.309347367278924
Telangana,1990,4.2,4.1,35.2,1.0,159.8,245.1,180.2,471.1,132.1,180.2,12.4,0.1,1425.7,8.3,196.1,1028.6,192.7,798.5680851063829,28.805548228611315,Excess,1087.6,-359.60000000000014,1074.8666666666666,936.7,35.71499030794385
Telangana,1991,21.7,4.1,8.9,21.6,34.4,194.5,268.8,122.0,100.8,29.4,36.8,6.0,849.1,25.8,65.0,686.2,72.2,798.5680851063829,-14.071196583246062,Normal,1028.6,-59.0,1187.8,1015.2,28.504094246577736
Telangana,1992,4.8,0.0,2.5,10.7,20.6,180.5,180.5,271.8,99.0,47.0,46.1,0.0,863.5,4.8,33.9,731.8,93.1,798.5680851063829,-8.360975895685627,Normal,686.2,-342.39999999999986,934.1333333333333,987.8799999999999,32.10821396053012
Telangana,1993,4.9,2.0,12.9,13.1,29.4,83.9,291.8,146.4,187.0,100.9,0.1,13.2,885.6,7.0,55.3,709.0,114.2,798.5680851063829,-11.216086239465843,Normal,731.8,45.59999999999991,815.5333333333333,996.2800000000001,30.888760676928566
Telangana,1994,8.6,12.5,0.0,21.5,20.4,115.3,308.2,256.3,53.9,143.0,36.2,0.0,975.7,21.1,41.8,733.6,179.2,798.5680851063829,-8.135572447492443,Normal,709.0,-22.799999999999955,709.0,848.64,22.744494709837817
Telangana,1995,98.7,0.5,22.0,16.0,35.6,135.4,282.1,209.2,141.1,332.7,12.6,0.0,1286.0,99.3,73.6,767.9,345.3,798.5680851063829,-3.8403845180336025,Normal,733.6,24.600000000000023,724.8000000000001,777.84,18.19200056144912
Telangana,1996,0.0,7.9,4.7,31.1,13.6,115.9,264.1,295.9,160.2,72.4,13.2,7.8,986.8,7.9,49.4,836.1,93.4,798.5680851063829,4.699901685730056,Normal,767.9,34.299999999999955,736.8333333333334,725.7,4.202047919978981
Telangana,1997,22.6,0.9,20.2,43.4,21.3,85.5,156.7,154.5,169.1,87.9,46.9,46.9,856.0,23.5,84.9,565.9,181.7,798.5680851063829,-29.135660370823302,Deficient,836.1,68.20000000000005,779.1999999999999,755.6800000000001,6.5679148370890745
Telangana,1998,5.2,22.2,15.2,15.5,27.9,149.4,264.0,290.5,209.3,79.4,14.5,0.0,1093.0,27.3,58.5,913.2,93.9,798.5680851063829,14.354682716671077,Normal,565.9,-270.20000000000005,723.3000000000001,722.5,13.8053420464604
Telangana,1999,0.0,9.3,4.6,1.7,74.8,141.6,205.2,190.9,177.6,55.7,2.2,0.0,863.8,9.3,81.2,715.4,58.0,798.5680851063829,-10.414651757001224,Normal,913.2,347.30000000000007,771.7333333333332,763.34,17.035438151398004
Telangana,2000,0.6,16.8,1.0,16.3,48.8,253.2,220.9,420.5,70.7,20.2,6.4,2.5,1078.0,17.5,66.1,965.3,29.1,798.5680851063829,20.87886030048465,Excess,715.4,-197.80000000000007,731.5,759.7,17.286724224912962
Telangana,2001,8.5,0.0,21.5,37.3,7.5,183.9,123.8,266.8,119.9,135.6,17.4,0.0,922.3,8.5,66.4,694.3,153.1,798.5680851063829,-13.056881066376786,Normal,965.3,249.89999999999998,864.6333333333333,799.1800000000001,20.117859811329154
Telangana,2002,18.8,10.1,7.6,7.7,32.0,143.2,91.7,321.7,52.4,76.2,3.9,0.0,765.3,28.9,47.3,609.0,80.1,798.5680851063829,-23.7385000279756,Deficient,694.3,-271.0,791.6666666666666,770.8199999999999,21.416920673940318
Telangana,2003,0.0,10.7,21.9,14.0,7.9,112.6,312.2,266.5,103.2,101.7,7.3,5.3,963.2,10.7,43.8,794.5,114.2,798.5680851063829,-0.5094224502900052,Normal,609.0,-85.29999999999995,756.1999999999999,779.4399999999999,19.545381394544805
Telangana,2004,34.4,17.9,9.3,25.9,34.6,64.6,216.7,117.7,110.1,30.6,5.3,0.0,667.0,52.2,69.8,509.1,35.9,798.5680851063829,-36.24839140269684,Deficient,794.5,185.5,699.2666666666668,755.7,17.79702756605102
Telangana,2005,43.4,14.1,14.6,23.8,19.7,115.1,400.3,126.9,246.3,136.1,3.9,18.8,1163.1,57.5,58.2,888.5,158.8,798.5680851063829,11.261646510909165,Normal,509.1,-285.4,637.5333333333333,714.4399999999999,24.547448163319604
Telangana,2006,0.0,0.0,42.7,38.6,46.1,104.8,169.5,308.2,280.2,28.1,34.7,0.0,1053.0,0.0,127.5,862.7,62.8,798.5680851063829,8.030863753473652,Normal,888.5,379.4,730.6999999999999,699.08,21.362939728039283
Telangana,2007,0.0,0.0,0.1,0.1,9.2,176.6,134.6,206.6,262.3,40.8,13.0,0.0,843.3,0.0,9.4,780.2,53.8,798.5680851063829,-2.3001276220468942,Normal,862.7,-25.799999999999955,753.4333333333334,732.76,22.661011731990637
Telangana,2008,0.2,18.6,108.6,15.7,4.9,132.9,183.4,391.8,146.7,24.2,7.5,0.8,1035.3,18.8,129.3,854.8,32.5,798.5680851063829,7.04159306418137,Normal,780.2,-82.5,843.8000000000001,767.0,19.704314803108577
Telangana,2009,0.0,0.0,2.1,4.5,13.1,85.8,118.4,192.3,149.7,69.5,29.6,1.2,666.3,0.0,19.8,546.2,100.3,798.5680851063829,-31.60257588715972,Deficient,854.8,74.59999999999991,832.5666666666666,779.0600000000001,20.049315885542608
Telangana,2010,10.3,5.3,1.5,5.6,24.9,127.0,395.5,308.1,249.8,98.7,40.5,9.3,1276.4,15.5,32.0,1080.4,148.5,798.5680851063829,35.29215857105939,Excess,546.2,-308.5999999999999,727.0666666666666,786.48,17.830225256427397
Telangana,2011,0.0,11.9,2.6,25.6,9.3,83.9,268.2,225.9,107.6,13.9,4.2,0.0,753.1,11.9,37.4,685.6,18.1,798.5680851063829,-14.146331065977124,Normal,1080.4,534.2,827.1333333333333,824.86,23.262376874902863
Telangana,2012,6.7,0.0,0.2,14.0,8.4,124.4,300.3,229.9,202.4,83.6,38.7,0.0,1008.6,6.7,22.6,857.0,122.3,798.5680851063829,7.317086167528592,Normal,685.6,-394.80000000000007,770.7333333333335,789.44,25.252218962601113
Telangana,2013,2.4,29.0,0.2,24.4,8.5,213.4,453.8,230.6,161.4,205.9,16.4,2.7,1348.7,31.4,33.0,1059.2,225.0,798.5680851063829,32.63740684789532,Excess,857.0,171.39999999999998,874.3333333333334,804.8,25.02600457143948
Telangana,2014,0.2,2.9,58.3,10.3,73.3,62.3,146.0,205.2,146.8,29.6,10.8,0.7,746.4,3.1,141.9,560.2,41.0,798.5680851063829,-29.849437956768355,Deficient,1059.2,202.20000000000005,867.2666666666668,845.68,27.486392367541672
Telangana,2015,17.5,0.0,43.0,65.7,23.3,266.9,104.4,160.5,158.3,15.6,0.3,1.7,857.3,17.5,132.0,690.1,17.6,798.5680851063829,-13.582822445494186,Normal,560.2,-499.0,825.4666666666668,848.4800000000001,26.869103893384693
Telangana,2016,1.2,0.2,11.5,4.3,55.1,194.0,235.8,133.7,336.3,70.4,0.5,0.4,1043.4,1.4,70.9,899.8,71.3,798.5680851063829,12.67667926901076,Normal,690.1,129.89999999999998,769.8333333333335,770.4200000000001,25.02874479553776
Telangana,2017,0.0,0.0,8.7,3.2,22.4,202.2,143.2,204.2,115.3,114.6,1.9,0.0,815.7,0.0,34.3,664.9,116.4,798.5680851063829,-16.73847072019865,Normal,899.8,209.69999999999993,716.6999999999999,813.26,23.73965758386223
Uttarakhand,1901,134.5,81.4,44.5,5.9,60.8,33.6,381.1,612.3,167.1,16.3,0.0,24.9,1562.5,215.9,111.3,1194.1,41.3,1056.0595744680852,13.071272574886954,Normal,,,,,
Uttarakhand,1902,0.0,17.0,52.2,63.7,52.1,113.1,444.1,327.5,220.4,31.9,2.1,0.0,1324.2,17.1,168.1,1105.1,34.0,1056.0595744680852,4.643717714184384,Normal,1194.1,,,,
Uttarakhand,1903,68.0,7.9,87.6,10.3,37.5,83.0,251.6,442.7,249.3,57.5,0.0,11.3,1306.5,75.9,135.4,1026.5,68.7,1056.0595744680852,-2.799044218975405,Normal,1105.1,-89.0,,,
Uttarakhand,1904,40.0,5.2,78.3,13.6,61.1,180.1,449.6,417.2,174.1,6.3,35.6,31.0,1492.0,45.2,153.0,1221.0,72.9,1056.0595744680852,15.618477358627402,Normal,1026.5,-78.59999999999991,1108.5666666666666,,
Uttarakhand,1905,115.4,80.7,99.8,26.1,70.3,111.5,299.9,349.5,129.5,0.0,1.0,18.5,1302.1,196.0,196.2,890.4,19.5,1056.0595744680852,-15.686574741914958,Normal,1221.0,194.5,1117.5333333333333,,
Uttarakhand,1906,26.1,162.0,36.8,10.1,44.6,195.6,363.9,440.9,232.2,11.6,0.4,13.8,1537.9,188.1,91.5,1232.6,25.8,1056.0595744680852,16.71690023934818,Normal,890.4,-330.6,1045.9666666666667,1087.4199999999998,12.34339783488948
Uttarakhand,1907,49.4,131.6,144.4,41.7,57.6,74.8,342.3,323.8,28.2,0.4,0.0,0.1,1194.4,181.0,243.7,769.1,0.5,1056.0595744680852,-27.17266917565902,Deficient,1232.6,342.19999999999993,1114.6666666666667,1095.1200000000001,13.031491126893755
Uttarakhand,1908,49.4,74.6,6.3,31.8,46.3,144.9,411.4,423.5,56.2,2.5,2.6,6.6,1256.2,124.0,84.4,1036.1,11.7,1056.0595744680852,-1.890004593551316,Normal,769.1,-463.4999999999999,964.0333333333333,1027.92,19.76295123270809
Uttarakhand,1909,75.8,43.1,8.7,64.6,16.5,306.5,565.8,464.2,94.4,8.0,0.7,69.5,1717.7,118.9,89.8,1430.8,78.2,1056.0595744680852,35.484780839249865,Excess,1036.1,266.9999999999999,1012.5999999999999,1029.84,19.728881805692648
Uttarakhand,1910,34.6,38.8,12.1,21.4,59.3,231.0,505.6,526.8,253.9,264.6,8.4,7.4,1963.9,73.3,92.8,1517.3,280.5,1056.0595744680852,43.67560663083157,Excess,1430.8,394.70000000000005,1078.6666666666667,1071.8,24.709150362795082
Uttarakhand,1911,211.4,4.2,190.3,20.4,19.5,204.1,149.3,381.9,266.4,19.7,75.7,0.0,1542.9,215.5,230.2,1001.7,95.4,1056.0595744680852,-5.147396584654319,Normal,1517.3,86.5,1328.0666666666666,1197.1799999999998,25.318881153635882
Uttarakhand,1912,79.0,31.1,44.5,27.8,51.4,103.1,333.5,423.2,259.3,2.2,26.9,12.3,1394.5,110.2,123.7,1119.2,41.5,1056.0595744680852,5.978869664026041,Normal,1001.7,-515.5999999999999,1316.6000000000001,1151.0,27.260552527064146
Uttarakhand,1913,11.4,91.8,70.3,24.4,98.3,289.1,261.8,188.7,49.5,12.1,7.3,32.9,1137.6,103.2,193.0,789.1,52.3,1056.0595744680852,-25.278836622692147,Deficient,1119.2,117.5,1212.7333333333333,1221.02,19.400386703329122
Uttarakhand,1914,0.9,119.9,115.7,50.2,82.3,141.3,563.3,377.8,439.6,27.1,22.3,0.5,1940.9,120.8,248.2,1522.0,49.9,1056.0595744680852,44.1206572807788,Excess,789.1,-330.1,970.0,1171.6200000000001,25.76903760252848
Uttarakhand,1915,32.4,126.3,101.0,40.6,57.2,129.8,370.2,539.9,178.3,12.9,0.0,12.6,1601.3,158.7,198.9,1218.2,25.6,1056.0595744680852,15.353340801212044,Normal,1522.0,732.9,1143.4333333333334,1189.86,27.185816527741384
Uttarakhand,1916,3.9,35.6,1.9,20.6,49.0,373.8,432.3,397.7,280.1,83.8,0.0,0.0,1678.8,39.6,71.4,1483.9,83.8,1056.0595744680852,40.51290626737692,Excess,1218.2,-303.79999999999995,1176.4333333333334,1130.0400000000002,24.000611108115617
Uttarakhand,1917,7.6,55.4,64.9,80.1,118.2,298.1,561.2,372.7,405.7,115.8,0.0,23.3,2102.9,63.0,263.2,1637.6,139.1,1056.0595744680852,55.06700943692729,Excess,1483.9,265.70000000000005,1408.0333333333335,1226.48,24.34022844722037
Uttarakhand,1918,17.2,0.0,73.9,85.6,46.5,237.6,225.8,397.2,101.0,4.0,18.4,8.2,1215.2,17.2,205.9,961.5,30.6,1056.0595744680852,-8.954000016117732,Normal,1637.6,153.69999999999982,1446.5666666666666,1330.16,25.50103329569875
Uttarakhand,1919,158.9,46.7,44.1,40.2,51.0,278.4,372.5,295.9,242.6,14.2,9.7,29.1,1583.1,205.6,135.2,1189.4,52.9,1056.0595744680852,12.62622192493976,Normal,961.5,-676.0999999999999,1361.0,1364.6399999999999,19.98321342797967
Uttarakhand,1920,6.1,52.7,100.7,10.0,65.3,221.7,472.5,307.1,76.9,12.9,0.0,2.6,1328.4,58.8,176.0,1078.1,15.4,1056.0595744680852,2.0870437676791105,Normal,1189.4,227.9000000000001,1262.8333333333333,1298.1200000000001,20.42798245512378
Uttarakhand,1921,101.0,5.6,12.5,19.7,3.6,364.1,329.3,652.8,299.5,55.8,0.2,4.7,1848.7,106.6,35.8,1645.7,60.6,1056.0595744680852,55.83401162087889,Excess,1078.1,-111.30000000000018,1076.3333333333333,1270.1,22.247642749792227
Uttarakhand,1922,86.4,34.4,11.7,21.0,12.1,125.1,507.1,685.2,320.9,3.8,1.3,51.1,1860.0,120.8,44.8,1638.3,56.2,1056.0595744680852,55.13329357628114,Excess,1645.7,567.6000000000001,1304.3999999999999,1302.46,24.566079723376138
Uttarakhand,1923,80.5,146.6,18.5,10.8,26.9,84.8,372.5,427.9,289.9,69.4,10.0,45.1,1582.9,227.1,56.2,1175.1,124.5,1056.0595744680852,11.27213164956843,Normal,1638.3,-7.400000000000091,1454.033333333333,1302.6,24.57751905570557
Uttarakhand,1924,42.5,60.1,27.7,6.8,43.4,39.4,450.2,414.0,651.5,128.1,0.6,62.8,1927.1,102.7,77.9,1555.1,191.5,1056.0595744680852,47.25495015593896,Excess,1175.1,-463.20000000000005,1486.3666666666668,1345.32,20.38228594511776
Uttarakhand,1925,34.3,17.7,11.7,43.5,57.0,309.1,554.5,384.5,65.9,20.1,36.7,0.0,1535.0,52.0,112.1,1314.0,56.8,1056.0595744680852,24.42479872992335,Excess,1555.1,380.0,1456.1666666666667,1418.46,19.103378123394283
Uttarakhand,1926,22.0,28.2,143.0,52.0,57.8,34.8,475.3,400.7,133.3,10.2,22.0,2.0,1381.2,50.2,252.8,1044.1,34.2,1056.0595744680852,-1.1324715723645682,Normal,1314.0,-241.0999999999999,1348.0666666666664,1465.6399999999999,14.37865943030098
Uttarakhand,1927,13.7,121.8,53.2,24.5,66.8,210.2,308.9,516.8,159.9,120.8,43.7,9.5,1649.9,135.5,144.5,1195.9,174.0,1056.0595744680852,13.241717504653993,Normal,1044.1,-269.9000000000001,1304.3999999999999,1345.32,18.60278308975962
Uttarakhand,1928,89.5,150.1,27.2,40.2,18.6,114.5,468.0,251.4,29.7,6.3,17.4,28.9,1241.9,239.6,86.0,863.6,52.6,1056.0595744680852,-18.22431036289056,Normal,1195.9,151.80000000000018,1184.6666666666665,1256.84,15.298339986430118
Uttarakhand,1929,52.9,33.2,16.9,21.7,20.6,138.7,279.7,403.2,65.2,44.5,0.0,135.5,1212.2,86.1,59.3,886.9,180.0,1056.0595744680852,-16.01799543868416,Normal,863.6,-332.30000000000007,1034.5333333333333,1194.54,22.007034617060697
Uttarakhand,1930,65.7,72.7,52.1,34.8,39.6,126.5,399.7,348.3,76.5,21.6,8.1,25.6,1271.2,138.4,126.5,950.9,55.3,1056.0595744680852,-9.957731269190177,Normal,886.9,23.299999999999955,982.1333333333333,1060.9,18.360678340569983
Uttarakhand,1931,7.8,89.9,45.1,1.9,56.9,55.0,319.1,307.2,335.3,105.8,6.8,3.4,1334.1,97.7,103.9,1016.5,116.1,1056.0595744680852,-3.74596049545884,Normal,950.9,64.0,900.4666666666666,988.28,13.710802038547875
Uttarakhand,1932,1.9,18.5,34.3,12.8,27.0,95.7,343.5,438.9,326.9,6.3,5.5,58.4,1369.6,20.3,74.2,1204.9,70.2,1056.0595744680852,14.093942153489085,Normal,1016.5,65.60000000000002,951.4333333333333,982.76,13.553798109396025
Uttarakhand,1933,51.7,67.2,23.4,52.6,89.4,227.0,466.8,337.3,151.2,128.0,0.0,1.2,1595.8,118.9,165.3,1182.3,129.2,1056.0595744680852,11.953911368636506,Normal,1204.9,188.4000000000001,1057.4333333333332,984.5599999999998,13.895896880029357
Uttarakhand,1934,66.3,10.4,21.0,8.6,20.6,201.7,459.4,410.4,97.1,1.6,0.5,41.5,1339.0,76.7,50.2,1168.6,43.5,1056.0595744680852,10.656636069854196,Normal,1182.3,-22.600000000000136,1134.5666666666666,1048.3,13.408296197240901
Uttarakhand,1935,93.0,34.5,26.7,37.8,4.2,44.0,385.1,308.1,174.8,3.6,8.8,16.5,1137.2,127.5,68.7,912.1,29.0,1056.0595744680852,-13.631766421945898,Normal,1168.6,-13.700000000000045,1185.2666666666664,1104.6399999999999,10.279791757388447
Uttarakhand,1936,6.9,54.7,42.2,33.6,92.8,345.1,570.8,390.4,241.2,19.8,2.1,112.7,1912.3,61.6,168.6,1547.5,134.6,1056.0595744680852,46.535293785811554,Excess,912.1,-256.4999999999999,1087.6666666666665,1096.8799999999999,11.595980742549608
Uttarakhand,1937,10.5,149.3,7.2,43.9,47.6,172.7,398.7,439.6,211.7,15.8,2.0,34.5,1533.6,159.8,98.6,1222.9,52.3,1056.0595744680852,15.798391451159263,Normal,1547.5,635.4,1209.3999999999999,1203.08,18.813347117882078
Uttarakhand,1938,122.5,85.4,7.5,4.5,37.0,293.6,459.2,396.4,110.8,11.4,0.8,0.1,1529.3,208.0,49.0,1260.0,12.3,1056.0595744680852,19.3114508369128,Excess,1222.9,-324.5999999999999,1227.4999999999998,1206.6799999999998,18.7720752644035
Uttarakhand,1939,21.1,82.1,39.2,15.5,9.1,213.1,352.9,199.3,186.2,24.2,0.0,0.0,1142.6,103.2,63.7,951.5,24.2,1056.0595744680852,-9.900916292601169,Normal,1260.0,37.09999999999991,1343.4666666666665,1222.22,18.580346070208925
Uttarakhand,1940,49.2,100.5,57.3,21.8,44.2,136.0,395.1,300.0,82.6,1.4,0.4,35.3,1223.7,149.7,123.3,913.7,37.0,1056.0595744680852,-13.480259817708548,Normal,951.5,-308.5,1144.8,1178.8,21.928387970419326
Uttarakhand,1941,58.2,37.3,14.0,4.4,67.4,200.3,171.5,354.1,95.7,32.3,0.5,25.9,1061.6,95.5,85.8,821.5,58.8,1056.0595744680852,-22.21082788688582,Deficient,913.7,-37.799999999999955,1041.7333333333333,1179.1200000000001,21.887492175271053
Uttarakhand,1942,109.0,81.8,17.6,53.4,34.9,191.5,481.0,455.8,223.8,1.0,0.1,61.6,1711.4,190.8,105.9,1352.1,62.7,1056.0595744680852,28.032549743325223,Excess,821.5,-92.20000000000005,895.5666666666666,1033.92,18.92795161746293
Uttarakhand,1943,61.2,17.6,27.8,53.5,15.9,134.4,283.2,590.9,181.4,0.2,0.1,0.3,1366.7,78.8,97.2,1190.0,0.7,1056.0595744680852,12.683036901528755,Normal,1352.1,530.5999999999999,1029.0999999999997,1059.76,21.896035166228394
Uttarakhand,1944,76.6,72.0,62.6,51.2,18.4,192.0,354.4,194.7,144.5,21.4,0.7,10.3,1198.9,148.7,132.2,885.6,32.5,1056.0595744680852,-16.141094554627,Normal,1190.0,-162.0999999999999,1121.1999999999998,1045.76,20.910175323450716
Uttarakhand,1945,120.2,4.5,39.3,42.7,16.5,90.6,468.6,379.8,391.8,92.0,0.1,1.8,1648.0,124.8,98.6,1330.8,93.9,1056.0595744680852,26.015618074415517,Excess,885.6,-304.4,1142.5666666666666,1032.58,22.03960912441205
Uttarakhand,1946,0.5,47.9,20.4,64.8,121.5,193.1,565.1,311.5,114.9,48.7,18.2,20.1,1526.7,48.4,206.7,1184.6,86.9,1056.0595744680852,12.171702112227692,Normal,1330.8,445.19999999999993,1135.4666666666665,1116.0,22.274400565582102
Uttarakhand,1947,46.8,52.2,47.7,1.6,49.0,126.8,383.4,274.2,350.5,16.6,0.4,10.8,1359.8,98.9,98.3,1134.8,27.8,1056.0595744680852,7.45605905534019,Normal,1184.6,-146.20000000000005,1133.6666666666665,1188.6200000000001,15.6707754477722
Uttarakhand,1948,1.6,103.0,121.6,23.8,35.1,53.2,337.1,592.5,205.1,50.7,3.1,8.7,1535.4,104.5,180.5,1187.8,62.5,1056.0595744680852,12.474715320702396,Normal,1134.8,-49.799999999999955,1216.733333333333,1145.1599999999999,14.182233121982563
Uttarakhand,1949,7.3,135.5,32.4,29.0,59.7,52.4,450.2,414.5,204.0,22.2,0.2,4.8,1412.1,142.8,121.1,1121.1,27.2,1056.0595744680852,6.158783756557881,Normal,1187.8,53.0,1169.0666666666664,1144.7199999999998,14.174673431545257
Uttarakhand,1950,59.5,30.3,55.0,2.7,40.2,240.1,492.8,493.4,160.8,2.7,0.0,6.6,1584.1,89.8,97.8,1387.2,9.3,1056.0595744680852,31.35622587378209,Excess,1121.1,-66.70000000000005,1147.8999999999999,1191.8200000000002,6.974282011395353
Uttarakhand,1951,54.0,41.8,46.8,30.7,61.7,74.0,200.9,403.0,204.2,13.5,43.8,0.1,1174.3,95.7,139.1,882.0,57.4,1056.0595744680852,-16.48198441416104,Normal,1387.2,266.10000000000014,1232.033333333333,1203.1,8.899713415845605
Uttarakhand,1952,39.4,61.1,125.5,19.9,34.8,241.0,346.1,506.4,82.4,11.2,3.6,6.4,1477.8,100.5,180.2,1175.9,21.2,1056.0595744680852,11.347884951687124,Normal,882.0,-505.20000000000005,1130.0999999999997,1142.58,15.796771624372353
Uttarakhand,1953,118.1,14.8,18.3,34.7,71.2,181.8,617.5,338.9,125.8,9.8,0.0,35.0,1565.8,132.9,124.2,1263.9,44.8,1056.0595744680852,19.680748184741347,Excess,1175.9,293.9000000000001,1148.3666666666666,1150.8,15.726718745184822
Uttarakhand,1954,117.9,155.7,22.3,5.2,27.6,111.6,472.6,567.3,217.2,148.6,3.4,13.4,1862.9,273.6,55.0,1368.7,165.5,1056.0595744680852,29.60443076228774,Excess,1263.9,88.0,1107.2666666666667,1166.02,16.117968134154097
Uttarakhand,1955,84.7,14.2,51.9,41.1,19.8,151.4,356.1,429.0,236.3,271.2,0.0,11.3,1666.9,98.9,112.8,1172.8,282.4,1056.0595744680852,11.054340905977243,Normal,1368.7,104.79999999999995,1269.5,1215.54,16.86413443987866
Uttarakhand,1956,40.5,24.9,105.3,15.1,132.4,213.9,466.4,359.3,182.7,370.4,5.9,26.1,1943.0,65.4,252.8,1222.3,402.4,1056.0595744680852,15.741576474570246,Normal,1172.8,-195.9000000000001,1268.4666666666665,1172.66,15.44713113934175
Uttarakhand,1957,166.4,6.6,77.5,73.3,75.9,113.4,532.1,286.5,308.3,57.7,20.1,62.9,1780.7,173.0,226.7,1240.3,140.6,1056.0595744680852,17.44602577224043,Normal,1222.3,49.5,1254.6,1240.72,6.5068201459489865
Uttarakhand,1958,59.2,16.5,38.7,23.3,26.3,95.3,436.6,436.2,233.4,78.9,2.5,52.1,1499.0,75.6,88.3,1201.5,133.6,1056.0595744680852,13.771990619484706,Normal,1240.3,18.0,1211.8,1253.6,5.785313134381704
Uttarakhand,1959,68.0,93.3,58.1,20.3,49.0,118.8,483.5,442.3,294.6,87.9,26.2,0.9,1743.0,161.2,127.4,1339.3,115.0,1056.0595744680852,26.820496909426435,Excess,1201.5,-38.799999999999955,1221.3666666666666,1241.12,6.092264552337431
Uttarakhand,1960,80.0,1.4,97.1,33.5,24.0,132.4,466.7,420.7,189.2,76.6,2.2,16.3,1540.1,81.5,154.6,1209.0,95.1,1056.0595744680852,14.48217782684728,Normal,1339.3,137.79999999999995,1260.3666666666666,1235.24,5.129481543071912
Uttarakhand,1961,126.3,133.7,24.1,20.5,41.0,181.2,490.1,511.6,226.4,122.7,13.1,57.5,1948.3,260.0,85.6,1409.4,193.3,1056.0595744680852,33.45838000757533,Excess,1209.0,-130.29999999999995,1249.9333333333332,1242.48,4.514719891522362
Uttarakhand,1962,79.5,86.3,68.7,27.3,21.5,150.9,402.2,398.2,341.5,8.6,29.0,33.9,1647.4,165.8,117.4,1292.8,71.5,1056.0595744680852,22.417336223778463,Excess,1409.4,200.4000000000001,1319.2333333333331,1279.9,7.100924657536169
Uttarakhand,1963,17.4,35.5,130.9,51.4,49.3,193.1,360.9,523.4,345.1,10.8,43.9,40.2,1802.0,52.8,231.6,1422.5,95.0,1056.0595744680852,34.698840329768615,Excess,1292.8,-116.60000000000014,1303.7333333333333,1290.4,6.831814008468494
Uttarakhand,1964,89.7,72.5,75.0,48.4,95.2,162.7,463.8,402.0,327.6,1.3,0.0,31.3,1769.6,162.2,218.6,1356.2,32.6,1056.0595744680852,28.420785416683447,Excess,1422.5,129.70000000000005,1374.8999999999999,1334.6,6.582032837879247
Uttarakhand,1965,44.4,159.5,119.3,62.1,44.1,50.3,388.0,302.8,87.5,33.0,11.8,2.9,1305.7,204.0,225.4,828.6,47.7,1056.0595744680852,-21.53851733058258,Deficient,1356.2,-66.29999999999995,1357.1666666666665,1337.98,6.606472465028376
Uttarakhand,1966,3.2,86.6,48.9,17.8,76.7,270.0,363.0,410.3,125.7,35.1,15.3,13.3,1465.8,89.8,143.5,1168.9,63.6,1056.0595744680852,10.685043558148717,Normal,828.6,-527.6,1202.4333333333332,1261.9,19.618075731566133
Uttarakhand,1967,11.0,35.0,112.5,26.0,23.2,122.6,436.3,518.7,146.5,22.0,22.4,79.9,1556.2,46.1,161.7,1224.0,124.3,1056.0595744680852,15.902552241572437,Normal,1168.9,340.30000000000007,1117.8999999999999,1213.8,19.34181075656804
Uttarakhand,1968,173.1,122.8,62.9,49.0,15.0,218.6,393.6,280.6,109.6,13.0,1.4,38.9,1478.6,296.0,126.9,1002.4,53.3,1056.0595744680852,-5.081112445300485,Normal,1224.0,55.09999999999991,1073.8333333333333,1200.0400000000002,19.246736149522924
Uttarakhand,1969,79.8,43.1,49.0,60.7,77.0,89.6,381.0,483.5,345.6,25.3,0.2,1.0,1635.7,122.9,186.7,1299.6,26.5,1056.0595744680852,23.0612392917872,Excess,1002.4,-221.60000000000002,1131.7666666666667,1116.02,18.344909159696368
Uttarakhand,1970,85.9,44.0,32.7,5.7,68.9,192.9,319.2,355.3,157.8,30.0,0.8,0.2,1293.5,129.9,107.3,1025.3,31.1,1056.0595744680852,-2.9126741721534217,Normal,1299.6,297.19999999999993,1175.3333333333333,1104.7,17.11785330261719
Uttarakhand,1971,52.4,101.4,45.3,69.0,270.2,297.8,332.8,377.0,155.9,79.5,22.0,0.3,1803.8,153.9,384.5,1163.6,101.9,1056.0595744680852,10.183177931612478,Normal,1025.3,-274.29999999999995,1109.0999999999997,1144.04,11.174378871999975
Uttarakhand,1972,30.3,91.7,44.7,50.5,7.4,62.8,315.4,218.8,212.6,18.8,7.9,17.0,1077.8,122.0,102.6,809.6,43.6,1056.0595744680852,-23.337658255901104,Deficient,1163.6,138.29999999999995,1162.833333333333,1142.98,11.164102264785729
Uttarakhand,1973,73.0,65.7,47.8,1.8,44.8,254.3,265.9,297.9,130.8,46.8,1.6,9.2,1239.7,138.7,94.5,948.9,57.6,1056.0595744680852,-10.147114524486865,Normal,809.6,-353.9999999999999,999.4999999999999,1060.1,17.352948728899694
Uttarakhand,1974,56.8,28.0,18.2,12.2,22.1,86.5,392.9,347.3,102.6,46.9,4.5,43.6,1161.8,84.8,52.5,929.4,95.1,1056.0595744680852,-11.99360126362956,Normal,948.9,139.29999999999995,974.0333333333332,1049.4,18.06961183300588
Uttarakhand,1975,75.4,70.5,69.6,1.1,36.4,219.9,403.1,359.6,322.8,21.8,0.0,0.0,1580.3,145.8,107.1,1305.5,21.9,1056.0595744680852,23.61991989491243,Excess,929.4,-19.5,895.9666666666666,975.36,13.389112532480766
Uttarakhand,1976,12.7,58.4,31.2,22.1,40.5,87.6,269.2,328.5,129.3,5.6,0.1,1.1,986.3,71.1,93.8,814.6,6.8,1056.0595744680852,-22.86420011765939,Deficient,1305.5,376.1,1061.2666666666667,1031.4,19.331225372170046
Uttarakhand,1977,47.0,7.8,4.5,65.2,101.1,122.0,487.0,292.3,208.3,30.1,2.9,48.1,1416.3,54.7,170.8,1109.6,81.1,1056.0595744680852,5.06983003860193,Normal,814.6,-490.9,1016.4999999999999,961.6,21.06849336618615
Uttarakhand,1978,34.6,83.1,187.3,51.2,51.8,291.0,414.3,528.4,324.8,16.9,43.7,4.3,2031.4,117.7,290.2,1558.5,65.0,1056.0595744680852,47.57690168994333,Excess,1109.6,294.9999999999999,1076.5666666666664,1021.6,18.635484204073702
Uttarakhand,1979,50.6,68.4,65.9,23.6,64.0,110.2,323.5,276.1,37.7,11.7,8.2,32.4,1072.3,119.0,153.5,747.5,52.3,1056.0595744680852,-29.21800833286324,Deficient,1558.5,448.9000000000001,1160.8999999999999,1143.52,26.001724845162943
Uttarakhand,1980,21.7,55.7,60.3,15.6,21.3,175.0,466.0,322.7,133.5,37.3,2.4,21.9,1333.5,77.4,97.3,1097.2,61.6,1056.0595744680852,3.895653855762484,Normal,747.5,-811.0,1138.533333333333,1107.1399999999999,30.56326936459027
Uttarakhand,1981,67.6,27.8,81.3,23.7,77.4,162.1,488.1,263.5,103.1,4.6,42.1,15.0,1356.1,95.4,182.3,1016.7,61.7,1056.0595744680852,-3.727022169929168,Normal,1097.2,349.70000000000005,1134.3999999999999,1065.48,30.05076685039488
Uttarakhand,1982,61.9,58.6,143.2,78.2,77.1,90.6,264.0,435.1,110.7,17.8,1.4,33.5,1372.1,120.5,298.5,900.4,52.7,1056.0595744680852,-14.73965846543152,Normal,1016.7,-80.5,953.7999999999998,1105.9,26.414954267104445
Uttarakhand,1983,80.9,45.5,92.1,132.9,101.0,114.1,261.3,312.9,320.0,53.8,1.6,9.1,1525.3,126.4,326.1,1008.3,64.5,1056.0595744680852,-4.522431842175261,Normal,900.4,-116.30000000000007,1004.7666666666665,1064.06,28.76787064201633
Uttarakhand,1984,19.6,128.9,14.6,42.0,27.5,300.1,359.3,237.7,173.5,3.2,2.6,30.1,1339.1,148.5,84.0,1070.6,35.9,1056.0595744680852,1.376856560316534,Normal,1008.3,107.89999999999998,975.1333333333332,954.0200000000001,14.1507659202373
Uttarakhand,1985,54.3,9.6,14.0,40.9,63.5,104.4,451.7,389.4,228.2,220.5,3.0,74.1,1653.7,63.9,118.4,1173.8,297.6,1056.0595744680852,11.149032533625586,Normal,1070.6,62.299999999999955,993.0999999999998,1018.64,7.438109540268766
Uttarakhand,1986,3.8,68.4,85.4,70.7,149.7,141.6,418.3,281.7,155.5,61.6,13.8,63.9,1514.5,72.2,305.9,997.1,139.3,1056.0595744680852,-5.582978071836702,Normal,1173.8,103.20000000000005,1084.2333333333331,1033.96,9.634286878992118
Uttarakhand,1987,29.8,61.7,30.3,48.8,148.0,55.9,190.3,261.0,123.9,20.2,0.2,17.1,987.3,91.5,227.1,631.1,37.5,1056.0595744680852,-40.24011379113042,Deficient,997.1,-176.69999999999993,1080.4999999999998,1030.04,9.79008311314787
Uttarakhand,1988,18.1,81.6,136.5,26.3,45.3,129.7,490.9,390.8,202.0,16.6,0.9,63.7,1602.4,99.7,208.1,1213.4,81.2,1056.0595744680852,14.898820988500002,Normal,631.1,-366.0,934.0,976.18,21.02634060636862
Uttarakhand,1989,91.0,14.7,30.3,9.9,28.5,117.9,333.4,386.6,183.5,12.3,17.3,38.2,1263.8,105.7,68.7,1021.4,67.9,1056.0595744680852,-3.2819715199819592,Normal,1213.4,582.3000000000001,947.1999999999999,1017.2,22.810397001641412
Uttarakhand,1990,0.8,97.1,91.3,20.4,81.6,120.3,473.0,413.6,179.1,14.6,6.1,67.1,1564.9,97.9,193.3,1185.8,87.8,1056.0595744680852,12.28533206540571,Normal,1021.4,-192.0000000000001,955.3000000000001,1007.36,22.855075505775922
Uttarakhand,1991,13.2,58.0,52.0,51.6,21.2,81.8,219.8,346.7,126.4,0.5,10.1,39.4,1020.7,71.2,124.8,774.6,50.1,1056.0595744680852,-26.65186522359313,Deficient,1185.8,164.39999999999998,1140.2,1009.7599999999999,23.020666858433064
Uttarakhand,1992,71.3,32.5,46.1,2.9,31.5,117.5,254.4,385.1,152.4,9.0,5.4,0.0,1108.1,103.8,80.5,909.4,14.5,1056.0595744680852,-13.887433816596433,Normal,774.6,-411.19999999999993,993.9333333333333,965.26,26.482534014024733
Uttarakhand,1993,77.1,70.3,162.8,19.8,71.7,144.7,309.4,282.3,447.0,1.5,7.4,0.0,1594.1,147.3,254.4,1183.5,8.8,1056.0595744680852,12.067541321814524,Normal,909.4,134.79999999999995,956.5999999999999,1020.9200000000001,18.15030162629635
Uttarakhand,1994,56.7,84.2,11.0,69.8,75.6,112.1,476.9,428.2,98.0,5.3,1.7,22.3,1441.7,140.9,156.4,1115.1,29.3,1056.0595744680852,5.590633990667819,Normal,1183.5,274.1,955.8333333333331,1014.9399999999999,17.52506341969988
Uttarakhand,1995,98.9,123.6,79.9,41.4,34.6,138.5,358.3,430.7,282.8,5.1,2.1,20.2,1616.1,222.6,155.8,1210.2,27.5,1056.0595744680852,14.5958077800253,Normal,1115.1,-68.40000000000009,1069.3333333333333,1033.6799999999998,17.758349165047363
Uttarakhand,1996,49.7,89.6,67.1,28.4,18.3,181.6,308.1,441.1,185.6,31.4,0.5,0.0,1401.4,139.4,113.8,1116.4,31.9,1056.0595744680852,5.713733106610683,Normal,1210.2,95.10000000000014,1169.5999999999997,1038.56,18.18549875400296
Uttarakhand,1997,42.1,14.9,31.2,90.5,56.1,129.8,290.0,73.3,36.4,9.9,10.8,18.5,803.4,57.0,177.9,529.5,39.1,1056.0595744680852,-49.86078316020212,Deficient,1116.4,-93.79999999999995,1147.2333333333333,1106.9199999999998,10.66080248822699
Uttarakhand,1998,9.6,68.4,106.2,73.0,78.5,163.3,242.9,260.0,120.0,75.5,1.2,0.0,1198.6,78.0,257.7,786.2,76.7,1056.0595744680852,-25.55344234287234,Deficient,529.5,-586.9000000000001,952.0333333333332,1030.94,27.488399682517397
Uttarakhand,1999,33.0,11.4,1.4,1.2,50.5,158.9,389.0,285.5,217.9,32.0,0.1,4.7,1185.5,44.4,53.1,1051.2,36.8,1056.0595744680852,-0.4601610160613165,Normal,786.2,256.70000000000005,810.6999999999998,951.4799999999999,30.017375649318055
Uttarakhand,2000,29.9,69.4,37.9,18.1,83.3,313.9,420.1,536.1,195.3,1.1,7.0,0.7,1712.9,99.3,139.4,1465.4,8.8,1056.0595744680852,38.76111115588256,Excess,1051.2,265.0,788.9666666666666,938.7,29.591977722469437
Uttarakhand,2001,22.7,27.9,83.4,48.2,109.1,297.3,493.0,371.7,68.3,6.3,1.4,15.1,1544.4,50.6,240.7,1230.3,22.9,1056.0595744680852,16.499109495756993,Normal,1465.4,414.20000000000005,1100.9333333333332,989.7400000000001,35.69761441833968
Uttarakhand,2002,53.8,123.2,100.0,76.3,82.3,139.6,205.7,465.4,301.3,19.9,3.0,4.2,1574.7,177.0,258.5,1112.1,27.1,1056.0595744680852,5.306559107722789,Normal,1230.3,-235.10000000000014,1248.9666666666665,1012.5200000000001,36.23938941779528
Uttarakhand,2003,40.7,126.0,99.7,54.1,67.1,145.2,515.3,416.2,239.9,1.8,4.8,23.6,1734.3,166.7,220.9,1316.6,30.2,1056.0595744680852,24.67099696180903,Excess,1112.1,-118.20000000000005,1269.2666666666664,1129.04,22.021782941259612
Uttarakhand,2004,58.5,11.7,0.0,51.5,66.0,130.7,400.9,326.3,96.8,70.7,0.8,5.7,1219.6,70.2,117.6,954.7,77.1,1056.0595744680852,-9.597903084126465,Normal,1316.6,204.5,1219.6666666666663,1235.1200000000001,13.34378049482378
Uttarakhand,2005,64.1,83.2,54.2,12.8,52.1,74.0,400.1,249.2,337.9,14.1,2.2,4.3,1348.2,147.3,119.1,1061.3,20.5,1056.0595744680852,0.4962244231869441,Normal,954.7,-361.89999999999986,1127.7999999999997,1215.8200000000002,16.012066406446603
Uttarakhand,2006,48.7,9.6,71.7,52.2,120.5,104.2,345.6,294.7,79.1,18.8,6.8,27.0,1178.9,58.3,244.4,823.7,52.6,1056.0595744680852,-22.00250630605946,Deficient,1061.3,106.59999999999991,1110.8666666666666,1135.0,12.500836588279057
Uttarakhand,2007,1.7,138.9,123.1,41.1,78.8,139.9,522.9,502.8,325.6,25.1,7.8,16.7,1924.3,140.6,243.0,1491.2,49.6,1056.0595744680852,41.20415514920982,Excess,823.7,-237.5999999999999,946.5666666666666,1053.68,17.453690041338767
Uttarakhand,2008,55.6,11.7,18.1,93.0,67.3,332.4,313.3,245.8,190.8,23.1,11.9,0.6,1363.7,67.3,178.4,1082.3,35.7,1056.0595744680852,2.4847486038021573,Normal,1491.2,667.5,1125.3999999999999,1129.5,24.025125028198417
Uttarakhand,2009,1.8,27.6,18.8,18.4,77.6,41.9,157.5,202.6,206.6,81.3,12.6,0.9,847.8,29.4,114.8,608.7,94.9,1056.0595744680852,-42.36120625045331,Deficient,1082.3,-408.9000000000001,1132.3999999999999,1082.6399999999999,23.1284046598802
Uttarakhand,2010,11.4,62.1,3.8,13.8,47.0,72.7,455.8,335.7,389.7,8.0,4.5,19.5,1424.0,73.6,64.5,1253.9,32.0,1056.0595744680852,18.733831908257915,Normal,608.7,-473.5999999999999,1060.7333333333333,1013.4399999999999,32.5437666977495
Uttarakhand,2011,30.9,65.2,18.0,30.9,84.2,223.1,433.3,523.7,148.4,3.4,1.2,2.3,1564.7,96.1,133.1,1328.5,6.9,1056.0595744680852,25.79782733082433,Excess,1253.9,645.2,981.6333333333332,1051.96,33.04004137441318
Uttarakhand,2012,38.8,11.9,28.1,39.2,9.1,46.0,387.1,419.5,220.6,4.7,3.4,15.5,1223.9,50.8,76.4,1073.1,23.6,1056.0595744680852,1.613585629437393,Normal,1328.5,74.59999999999991,1063.6999999999998,1152.92,29.305483404053057
Uttarakhand,2013,73.0,188.3,22.0,24.7,18.2,488.9,413.4,359.4,111.3,29.1,3.2,3.8,1735.4,261.3,65.0,1373.0,36.2,1056.0595744680852,30.01160476117561,Excess,1073.1,-255.4000000000001,1218.5,1069.3,26.1852547058242
Uttarakhand,2014,45.9,99.9,68.4,37.6,52.9,62.9,462.7,264.2,107.9,40.8,0.0,44.3,1287.4,145.8,158.8,897.7,85.1,1056.0595744680852,-14.995325860082042,Normal,1373.0,299.9000000000001,1258.1999999999998,1127.44,27.6514497616551
Uttarakhand,2015,54.5,62.6,127.3,57.3,38.0,186.6,337.0,305.3,52.6,16.8,2.4,7.2,1247.6,117.0,222.6,881.5,26.4,1056.0595744680852,-16.529330227985213,Normal,897.7,-475.29999999999995,1114.5999999999997,1185.24,16.64839056404363
Uttarakhand,2016,5.4,29.3,45.8,9.9,99.3,174.4,508.4,308.5,111.4,12.7,0.0,3.5,1308.6,34.6,155.0,1102.7,16.2,1056.0595744680852,4.416457807828373,Normal,881.5,-16.200000000000045,1050.7333333333333,1110.76,20.899087492040497
Uttarakhand,2017,36.6,13.5,44.5,52.8,108.2,175.6,460.9,349.0,213.4,2.8,0.2,18.3,1476.0,50.1,205.6,1199.0,21.3,1056.0595744680852,13.535261550363847,Normal,1102.7,221.20000000000005,960.6333333333332,1065.6,18.65172306560727
Vidarbha,1901,36.8,39.9,30.9,26.1,7.3,129.7,295.3,368.8,123.4,35.2,0.0,0.0,1093.3,76.6,64.3,917.2,35.2,936.1085106382978,-2.0199058574315045,Normal,,,,,
Vidarbha,1902,1.6,0.1,0.0,6.5,4.1,38.0,270.7,204.7,150.9,29.6,16.1,26.7,748.9,1.7,10.6,664.3,72.4,936.1085106382978,-29.036004645760745,Deficient,917.2,,,,
Vidarbha,1903,5.2,4.0,0.1,2.5,37.8,121.2,475.5,325.5,154.8,100.8,2.0,0.0,1229.4,9.3,40.3,1077.0,102.8,936.1085106382978,15.05076470949222,Normal,664.3,-252.9000000000001,,,
Vidarbha,1904,4.3,2.4,12.9,0.2,14.8,148.9,158.3,151.8,196.9,61.7,0.0,0.9,753.2,6.7,27.9,655.9,62.7,936.1085106382978,-29.93333651536124,Deficient,1077.0,412.70000000000005,886.1666666666666,,
Vidarbha,1905,7.3,12.7,12.4,16.2,14.0,81.0,254.5,216.3,321.3,6.0,0.2,0.0,941.8,20.0,42.6,873.1,6.2,936.1085106382978,-6.730898172834113,Normal,655.9,-421.1,799.0666666666666,,
Vidarbha,1906,12.9,3.3,11.9,0.2,6.1,328.1,350.4,325.8,113.3,6.9,14.3,18.1,1191.2,16.2,18.2,1117.5,39.2,936.1085106382978,19.377186223637477,Excess,873.1,217.20000000000005,868.6666666666666,837.5,21.355825560352933
Vidarbha,1907,3.6,52.9,3.7,45.3,1.6,181.4,309.7,332.6,59.7,0.2,15.7,4.3,1010.8,56.5,50.5,883.5,20.2,936.1085106382978,-5.619915858090644,Normal,1117.5,244.39999999999998,882.1666666666666,877.5600000000001,24.96442812835485
Vidarbha,1908,4.1,15.5,13.5,5.7,1.5,232.0,355.2,398.4,205.9,7.8,0.0,3.9,1243.4,19.6,20.7,1191.4,11.8,936.1085106382978,27.27157017167042,Excess,883.5,-234.0,958.0333333333333,921.4,20.080057283145784
Vidarbha,1909,1.3,10.0,4.8,31.5,17.9,157.1,405.0,176.0,160.3,7.3,0.0,90.6,1061.6,11.3,54.1,898.3,97.9,936.1085106382978,-4.038902564032632,Normal,1191.4,307.9000000000001,1064.1333333333334,944.28,22.65121695343212
Vidarbha,1910,0.0,0.0,0.0,0.1,10.0,289.1,297.4,278.7,300.3,57.7,60.8,0.0,1294.0,0.0,10.0,1165.5,118.5,936.1085106382978,24.50479690706888,Excess,898.3,-293.10000000000014,991.0666666666666,992.76,15.125908616286873
Vidarbha,1911,18.2,0.0,2.2,0.0,2.6,218.0,205.9,292.3,176.1,27.5,39.9,0.0,982.8,18.2,4.9,892.3,67.4,936.1085106382978,-4.679853899461557,Normal,1165.5,267.20000000000005,1085.0666666666666,1051.24,14.158879422045603
Vidarbha,1912,0.6,49.3,0.2,6.1,7.2,54.2,364.5,391.9,117.0,6.9,15.6,0.5,1014.0,49.9,13.5,927.5,23.1,936.1085106382978,-0.9196060649451866,Normal,892.3,-273.20000000000005,985.3666666666667,1006.2,15.662527477699303
Vidarbha,1913,0.0,24.9,4.0,1.8,17.2,199.8,378.3,244.3,137.2,17.4,0.3,27.4,1052.6,24.9,23.0,959.6,45.1,936.1085106382978,2.50948357959957,Normal,927.5,35.200000000000045,995.1,1015.0,14.786339370461244
Vidarbha,1914,0.0,13.4,12.8,39.1,15.9,239.5,341.2,245.6,266.6,6.1,5.7,13.1,1199.0,13.4,67.8,1092.9,24.9,936.1085106382978,16.749285748378885,Normal,959.6,32.10000000000002,926.4666666666667,968.64,11.69180306682737
Vidarbha,1915,33.3,9.1,65.9,18.9,13.1,190.2,311.0,229.6,195.2,111.0,7.4,15.0,1199.6,42.3,97.9,925.9,133.4,936.1085106382978,-1.090526421059569,Normal,1092.9,133.30000000000007,993.3333333333334,1007.5599999999998,11.55551282087305
Vidarbha,1916,0.0,14.4,0.8,2.2,21.7,257.0,345.3,306.2,253.1,124.1,37.4,0.0,1362.3,14.4,24.7,1161.6,161.5,936.1085106382978,24.08817853904007,Excess,925.9,-167.0000000000001,992.8000000000001,959.64,8.149440825565247
Vidarbha,1917,0.9,78.5,20.6,11.5,48.9,234.9,350.1,200.3,328.5,120.9,1.7,0.0,1396.9,79.4,81.0,1113.8,122.7,936.1085106382978,18.98193290012296,Normal,1161.6,235.69999999999993,1060.1333333333334,1013.5,10.605424354159645
Vidarbha,1918,2.5,2.9,3.1,0.2,83.1,278.3,168.0,174.5,55.5,3.4,16.8,13.2,801.4,5.4,86.4,676.2,33.4,936.1085106382978,-27.764784497160036,Deficient,1113.8,-47.799999999999955,1067.1000000000001,1050.76,9.744450275823944
Vidarbha,1919,55.8,37.0,15.9,6.3,19.9,325.6,280.3,249.8,103.6,98.0,19.3,1.1,1212.6,92.8,42.2,959.3,118.4,936.1085106382978,2.4774360128281168,Normal,676.2,-437.5999999999999,983.8666666666667,994.0799999999999,19.983942862538008
Vidarbha,1920,26.7,0.3,5.2,6.2,4.8,101.8,237.8,111.7,83.3,0.5,0.0,0.0,578.5,27.0,16.3,534.6,0.5,936.1085106382978,-42.89123601328269,Deficient,959.3,283.0999999999999,916.4333333333334,967.36,19.73145813996547
Vidarbha,1921,20.3,0.1,0.0,2.6,0.0,283.9,293.0,292.0,182.3,11.3,0.2,0.0,1085.6,20.3,2.6,1051.2,11.4,936.1085106382978,12.294673967147842,Normal,534.6,-424.69999999999993,723.3666666666667,889.1,30.83650816810726
Vidarbha,1922,33.8,2.3,0.0,3.8,5.1,206.1,361.7,116.5,295.3,4.7,80.3,0.3,1109.8,36.1,8.8,979.6,85.3,936.1085106382978,4.645988031029324,Normal,1051.2,516.6,848.3666666666668,867.0200000000001,28.84901753914878
Vidarbha,1923,1.0,6.7,30.6,3.4,2.3,21.4,402.9,201.1,260.1,11.0,0.1,0.7,941.3,7.7,36.3,885.5,11.8,936.1085106382978,-5.406265412947668,Normal,979.6,-71.60000000000002,855.1333333333333,840.18,26.509188753041663
Vidarbha,1924,21.3,0.5,4.4,6.2,3.2,43.8,308.3,220.6,217.3,126.9,33.6,8.1,994.2,21.8,13.8,790.0,168.6,936.1085106382978,-15.60807416852474,Normal,885.5,-94.10000000000002,972.1,882.04,23.01431907284499
Vidarbha,1925,0.0,0.0,7.3,5.4,28.0,130.3,293.9,307.2,77.4,21.8,61.5,8.4,941.1,0.0,40.7,808.7,91.7,936.1085106382978,-13.610442506437916,Normal,790.0,-95.5,885.0333333333333,848.18,23.697392915893527
Vidarbha,1926,59.5,5.7,23.7,15.1,34.4,31.8,330.6,420.0,109.9,38.7,1.3,0.6,1071.1,65.1,73.2,892.2,40.5,936.1085106382978,-4.690536421718696,Normal,808.7,18.700000000000045,828.0666666666667,903.0,12.356360177852634
Vidarbha,1927,0.7,10.0,12.2,2.0,2.2,280.2,414.7,220.1,97.7,51.5,70.4,5.7,1167.4,10.7,16.4,1012.7,127.7,936.1085106382978,8.181902898145568,Normal,892.2,83.5,830.3000000000001,871.2,8.684193262934121
Vidarbha,1928,0.2,43.1,5.9,0.2,2.2,177.8,296.2,185.2,180.1,108.5,0.1,17.8,1017.5,43.3,8.3,839.5,126.4,936.1085106382978,-10.320225651236102,Normal,1012.7,120.5,904.5333333333334,877.82,10.020352233663457
Vidarbha,1929,3.8,52.6,0.7,11.8,0.7,170.9,263.5,157.4,193.1,28.2,0.0,29.8,912.5,56.4,13.2,784.9,58.0,936.1085106382978,-16.152882803639333,Normal,839.5,-173.20000000000005,914.8000000000001,868.6200000000001,10.286569538773605
Vidarbha,1930,0.0,5.3,1.2,27.4,4.4,181.3,252.9,194.4,233.2,44.8,36.3,1.9,983.1,5.3,33.0,861.8,83.0,936.1085106382978,-7.938023187891931,Normal,784.9,-54.60000000000002,879.0333333333334,867.6,10.430481988541542
Vidarbha,1931,4.0,4.6,11.6,5.6,3.1,103.3,380.6,390.7,232.9,225.1,40.2,2.4,1404.2,8.6,20.3,1107.6,267.7,936.1085106382978,18.31961652017973,Normal,861.8,76.89999999999998,828.7333333333332,878.22,9.654825304716631
Vidarbha,1932,0.0,27.4,12.9,3.4,10.3,154.2,526.6,176.7,183.8,25.6,9.7,0.0,1130.5,27.4,26.5,1041.3,35.3,936.1085106382978,11.237104263690105,Normal,1107.6,245.79999999999995,918.0999999999999,921.3,14.552165995347025
Vidarbha,1933,4.8,38.3,9.1,20.5,64.6,244.6,353.7,365.4,301.7,75.1,8.4,16.0,1502.3,43.1,94.3,1265.5,99.5,936.1085106382978,35.18731916421765,Excess,1041.3,-66.29999999999995,1003.5666666666666,927.0199999999999,15.04237460035473
Vidarbha,1934,2.2,0.0,0.3,8.5,0.3,169.1,335.1,390.9,254.4,10.8,46.6,0.1,1218.3,2.2,9.1,1149.6,57.5,936.1085106382978,22.80627586818221,Excess,1265.5,224.20000000000005,1138.1333333333332,1012.2199999999999,19.028463069610783
Vidarbha,1935,14.5,4.6,0.7,26.0,1.0,151.8,528.1,164.8,250.4,13.4,0.4,2.3,1158.0,19.0,27.7,1095.1,16.2,936.1085106382978,16.98430123803614,Normal,1149.6,-115.90000000000009,1152.1333333333334,1085.16,13.745218333772291
Vidarbha,1936,17.6,60.3,21.6,4.8,30.5,377.5,285.3,308.3,188.8,61.9,90.9,3.5,1451.2,78.0,57.0,1160.0,156.3,936.1085106382978,23.917258182925696,Excess,1095.1,-54.5,1170.0666666666666,1131.82,7.433670131686208
Vidarbha,1937,0.0,33.1,42.4,112.7,1.5,135.6,476.2,177.2,226.0,105.7,0.4,8.4,1319.1,33.1,156.6,1015.0,114.4,936.1085106382978,8.427600910059985,Normal,1160.0,64.90000000000009,1134.8999999999999,1142.3,7.320899981802636
Vidarbha,1938,4.0,12.4,9.7,6.5,26.2,354.0,425.6,314.1,181.6,126.8,0.0,0.0,1460.9,16.4,42.4,1275.3,126.8,936.1085106382978,36.234206345418215,Excess,1015.0,-145.0,1090.0333333333333,1137.04,8.089225620954343
Vidarbha,1939,1.3,1.9,34.2,12.2,0.1,116.1,224.2,385.4,66.5,33.5,6.0,0.4,881.9,3.3,46.5,792.3,39.9,936.1085106382978,-15.362376156610324,Normal,1275.3,260.29999999999995,1150.1000000000001,1139.0,8.37917492374209
Vidarbha,1940,0.0,9.3,1.3,12.8,11.5,262.7,591.0,298.6,53.6,79.0,24.3,13.4,1357.5,9.3,25.5,1205.9,116.7,936.1085106382978,28.82053589895699,Excess,792.3,-483.0,1027.5333333333333,1067.54,16.951383041258673
Vidarbha,1941,9.6,15.2,13.5,3.1,4.8,142.3,338.8,182.4,112.8,6.5,0.0,0.0,828.9,24.7,21.4,776.3,6.5,936.1085106382978,-17.071579717754126,Normal,1205.9,413.60000000000014,1091.1666666666667,1089.7,17.587400400603943
Vidarbha,1942,2.4,84.9,0.0,12.9,1.9,179.4,508.3,366.5,159.2,4.9,0.0,21.2,1341.7,87.3,14.9,1213.4,26.1,936.1085106382978,29.621725068243148,Excess,776.3,-429.60000000000014,924.8333333333334,1012.96,22.66014081547395
Vidarbha,1943,55.0,0.1,0.4,7.2,28.3,141.9,275.1,149.2,277.5,83.4,0.1,0.0,1018.2,55.0,35.9,843.7,83.5,936.1085106382978,-9.871559716435849,Normal,1213.4,437.10000000000014,1065.2,1052.64,23.417389354471577
Vidarbha,1944,4.5,59.4,64.8,1.6,2.7,96.6,470.4,370.6,213.2,67.4,16.5,0.0,1367.8,63.8,69.2,1150.8,83.9,936.1085106382978,22.934466135268007,Excess,843.7,-369.70000000000005,944.4666666666667,966.32,23.132707046669346
Vidarbha,1945,13.8,0.4,0.0,24.6,3.3,147.0,404.7,299.6,274.2,30.3,0.6,1.1,1199.4,14.1,27.9,1125.5,31.9,936.1085106382978,20.23178800420937,Excess,1150.8,307.0999999999999,1069.3000000000002,1038.02,20.317730186497617
Vidarbha,1946,0.0,14.2,0.7,15.5,9.7,237.0,376.9,292.4,107.4,8.6,97.6,13.0,1173.0,14.2,26.0,1013.6,119.2,936.1085106382978,8.278045598459904,Normal,1125.5,-25.299999999999955,1040.0,1021.9400000000002,19.330323348008257
Vidarbha,1947,35.0,26.7,23.7,7.8,5.3,112.1,406.0,345.8,167.8,25.9,0.3,11.8,1168.3,61.7,36.8,1031.8,38.0,936.1085106382978,10.222264649260971,Normal,1013.6,-111.89999999999998,1096.6333333333334,1069.4,13.596301477551807
Vidarbha,1948,48.9,9.4,7.0,3.9,4.5,125.1,374.1,267.8,201.1,14.4,126.5,0.0,1182.8,58.4,15.4,968.1,140.9,936.1085106382978,3.417497971457215,Normal,1031.8,18.199999999999932,1056.9666666666667,1033.0800000000002,11.720680685666684
Vidarbha,1949,1.2,1.5,1.0,5.6,28.8,222.7,412.9,266.2,323.5,134.8,0.0,0.1,1398.3,2.8,35.4,1225.2,134.9,936.1085106382978,30.8822626945867,Excess,968.1,-63.69999999999993,1004.5,1057.96,7.307543327856145
Vidarbha,1950,0.1,27.3,14.9,0.7,5.6,84.6,375.0,143.7,116.3,13.3,0.3,11.9,793.5,27.4,21.2,719.5,25.5,936.1085106382978,-23.13925235981462,Deficient,1225.2,257.1,1075.0333333333335,1072.84,9.568366755556472
Vidarbha,1951,4.6,0.6,41.9,14.6,11.1,136.8,348.8,318.6,123.1,81.5,0.6,0.0,1082.3,5.2,67.6,927.4,82.1,936.1085106382978,-0.9302885872023378,Normal,719.5,-505.70000000000005,970.9333333333334,991.6400000000001,18.267604142400444
Vidarbha,1952,0.0,10.6,4.2,10.8,2.5,98.0,235.1,266.5,146.0,33.6,0.0,0.5,807.7,10.6,17.5,745.5,34.1,936.1085106382978,-20.361796572955942,Deficient,927.4,207.89999999999998,957.3666666666668,974.4,18.743043142780067
Vidarbha,1953,3.9,1.1,0.0,21.4,0.2,138.2,299.4,449.9,173.0,50.7,0.0,0.0,1137.8,5.0,21.6,1060.5,50.7,936.1085106382978,13.288148537062677,Normal,745.5,-181.89999999999998,797.4666666666667,917.14,22.220400474286095
Vidarbha,1954,0.3,0.6,11.4,4.0,1.1,132.4,407.9,248.8,288.3,4.6,0.9,0.1,1100.4,0.8,16.5,1077.5,5.6,936.1085106382978,15.104177320777964,Normal,1060.5,315.0,911.1333333333333,935.6200000000001,22.821823154453437
Vidarbha,1955,15.5,0.3,2.3,6.8,5.0,274.7,278.4,371.8,244.6,169.1,0.2,0.0,1368.7,15.8,14.2,1169.5,169.3,936.1085106382978,24.932097797354828,Excess,1077.5,17.0,961.1666666666666,906.0799999999999,18.654952150701035
Vidarbha,1956,1.3,1.9,0.8,0.5,52.8,248.7,370.5,163.4,198.0,40.1,37.3,9.3,1124.6,3.2,54.1,980.6,86.7,936.1085106382978,4.752813253600811,Normal,1169.5,92.0,1102.5,996.0799999999999,16.52388417300785
Vidarbha,1957,8.6,2.5,44.4,31.6,15.5,148.5,303.8,354.2,133.4,27.5,1.0,0.0,1070.9,11.0,91.5,939.8,28.5,936.1085106382978,0.3943441726841069,Normal,980.6,-188.89999999999998,1075.8666666666666,1006.72,15.964245400775495
Vidarbha,1958,5.7,2.0,20.4,10.5,10.4,102.7,341.5,354.0,220.3,68.0,36.5,0.1,1172.2,7.8,41.3,1018.5,104.6,936.1085106382978,8.801489189060192,Normal,939.8,-40.80000000000007,1029.9666666666667,1045.58,8.555629416557748
Vidarbha,1959,13.6,1.2,0.4,11.8,6.2,178.0,467.9,377.3,469.9,79.4,0.5,0.1,1606.3,14.8,18.4,1493.1,80.0,936.1085106382978,59.500739821488224,Large Excess,1018.5,78.70000000000005,979.6333333333333,1037.1799999999998,8.646169982266686
Vidarbha,1960,38.8,0.0,41.0,6.7,8.2,195.2,378.5,199.9,114.8,78.5,1.1,2.4,1065.0,38.8,55.9,888.4,81.9,936.1085106382978,-5.096472267490356,Normal,1493.1,474.5999999999999,1150.4666666666667,1120.3,20.151238456891615
Vidarbha,1961,1.1,5.7,4.5,5.3,21.4,152.7,372.6,401.6,326.2,143.3,2.9,3.4,1440.8,6.7,31.2,1253.1,149.7,936.1085106382978,33.862686404331185,Excess,888.4,-604.6999999999999,1133.3333333333333,1064.08,22.99164904303338
Vidarbha,1962,5.6,4.6,18.4,33.1,21.7,67.1,364.3,267.3,267.2,8.3,30.5,64.5,1152.6,10.2,73.1,966.0,103.3,936.1085106382978,3.1931650040570885,Normal,1253.1,364.69999999999993,1211.5333333333333,1118.58,22.497766146037986
Vidarbha,1963,0.3,10.5,12.9,14.8,19.5,204.0,282.1,397.9,123.9,80.1,1.7,0.0,1147.8,10.9,47.2,1008.0,81.8,936.1085106382978,7.679824352059571,Normal,966.0,-287.0999999999999,1035.8333333333333,1123.8200000000002,21.99963138707997
Vidarbha,1964,0.0,2.0,3.0,1.3,0.6,166.0,259.5,357.9,176.8,40.8,2.3,0.6,1010.7,2.0,4.8,960.2,43.7,936.1085106382978,2.573578713142465,Normal,1008.0,42.0,1075.7,1121.72,22.14423836762427
Vidarbha,1965,18.7,4.9,4.9,15.5,1.6,113.6,262.0,181.0,139.6,1.3,0.0,0.5,743.6,23.6,21.9,696.2,1.9,936.1085106382978,-25.62828004573028,Deficient,960.2,-47.799999999999955,978.0666666666666,1015.14,13.771142945483245
Vidarbha,1966,16.1,1.1,10.5,7.9,30.7,84.8,387.5,206.5,191.4,4.6,34.9,26.8,1002.9,17.2,49.1,870.1,66.4,936.1085106382978,-7.051373840548576,Normal,696.2,-264.0,888.1333333333333,976.7,20.248262980393296
Vidarbha,1967,0.5,0.0,50.0,7.4,1.6,184.6,406.8,244.8,101.6,8.0,1.1,121.8,1128.4,0.5,59.0,937.9,130.9,936.1085106382978,0.1913762497982827,Normal,870.1,173.89999999999998,842.1666666666666,900.1,13.83976294388205
Vidarbha,1968,14.6,23.9,36.6,15.4,0.7,104.8,291.4,210.5,193.0,23.0,4.7,4.3,922.9,38.5,52.7,799.7,32.0,936.1085106382978,-14.571869509581306,Normal,937.9,67.79999999999995,834.7333333333332,894.4799999999999,13.577737012976948
Vidarbha,1969,1.5,0.0,0.6,4.0,9.6,98.6,371.0,200.0,281.5,5.4,19.4,1.3,992.9,1.5,14.3,951.1,26.1,936.1085106382978,1.601469187741925,Normal,799.7,-138.19999999999993,869.2333333333332,852.82,12.631693647958908
Vidarbha,1970,15.9,1.0,18.3,4.2,17.5,304.1,211.0,435.6,223.3,9.6,0.0,0.0,1240.6,17.0,40.0,1174.1,9.6,936.1085106382978,25.423493821183666,Excess,951.1,151.39999999999998,896.2333333333335,851.0,12.398594268858647
Vidarbha,1971,3.7,12.8,21.2,12.4,26.7,193.6,124.3,259.2,119.5,108.9,0.0,0.0,882.4,16.5,60.3,696.6,108.9,936.1085106382978,-25.585549956701687,Deficient,1174.1,222.9999999999999,974.9666666666667,946.5799999999999,14.873240073504954
Vidarbha,1972,0.0,1.1,0.0,3.8,3.4,139.8,197.7,280.8,60.7,20.9,28.5,4.2,740.8,1.1,7.1,679.0,53.5,936.1085106382978,-27.465673873959872,Deficient,696.6,-477.4999999999999,940.5999999999999,911.8800000000001,19.762608068798574
Vidarbha,1973,1.7,5.0,0.3,2.3,1.5,75.1,428.5,346.4,136.4,163.4,1.4,0.5,1162.4,6.7,4.0,986.4,165.3,936.1085106382978,5.372399544515435,Normal,679.0,-17.600000000000023,849.9,860.1,23.97260747130977
Vidarbha,1974,0.0,4.8,1.2,0.5,12.6,93.2,211.0,281.4,68.1,162.6,5.4,0.0,840.8,4.8,14.3,653.7,168.0,936.1085106382978,-30.168352005018505,Deficient,986.4,307.4,787.3333333333334,897.4400000000002,23.332592657104637
Vidarbha,1975,3.5,22.4,7.0,1.1,6.4,264.3,321.3,316.0,288.9,92.8,0.3,0.0,1324.1,26.0,14.5,1190.6,93.0,936.1085106382978,27.18610999361321,Excess,653.7,-332.69999999999993,773.0333333333334,837.96,27.61747910891686
Vidarbha,1976,2.1,0.1,4.7,11.5,4.6,90.8,386.0,260.7,174.7,0.9,38.5,0.2,974.6,2.2,20.7,912.1,39.6,936.1085106382978,-2.564714492546094,Normal,1190.6,536.8999999999999,943.5666666666666,841.26,28.225995814583843
Vidarbha,1977,0.0,2.1,3.7,8.9,15.0,169.7,283.9,340.8,131.7,37.8,71.2,3.2,1068.0,2.1,27.6,926.1,112.2,936.1085106382978,-1.069161376545267,Normal,912.1,-278.4999999999999,918.8000000000001,884.36,25.30615915889548
Vidarbha,1978,13.3,24.4,18.6,10.1,1.9,228.0,399.3,430.0,46.2,16.4,20.7,40.5,1249.4,37.7,30.5,1103.4,77.7,936.1085106382978,17.870950585379504,Normal,926.1,14.0,1009.5999999999999,933.78,20.57853673199667
Vidarbha,1979,30.4,59.7,1.7,0.5,12.9,245.6,218.2,323.2,143.3,6.3,34.9,10.6,1087.2,90.1,15.0,930.2,51.8,936.1085106382978,-0.6311779640021651,Normal,1103.4,177.30000000000007,980.5333333333334,957.18,21.59872168101355
Vidarbha,1980,15.3,3.2,1.0,2.9,0.5,253.6,246.3,361.8,131.4,2.0,0.4,24.1,1042.6,18.6,4.3,993.1,26.6,936.1085106382978,6.088128535744406,Normal,930.2,-173.20000000000005,986.5666666666667,1012.4800000000001,12.522522880130374
Vidarbha,1981,20.2,0.9,25.4,3.6,12.6,173.1,302.5,352.6,294.5,17.6,1.8,13.8,1218.6,21.2,41.6,1122.7,33.2,936.1085106382978,19.932677381009213,Excess,993.1,62.89999999999998,1008.9000000000001,972.9799999999999,8.149322644871019
Vidarbha,1982,45.7,10.6,6.0,5.2,15.3,100.6,256.4,206.8,144.2,49.2,16.1,0.0,856.1,56.3,26.5,708.0,65.3,936.1085106382978,-24.36774241938673,Deficient,1122.7,129.60000000000002,1015.3333333333334,1015.1,9.213372396511621
Vidarbha,1983,1.6,7.4,1.9,1.5,6.7,156.4,327.9,376.7,289.8,58.4,0.0,12.2,1240.4,8.9,10.1,1150.7,70.6,936.1085106382978,22.92378361301087,Excess,708.0,-414.70000000000005,941.2666666666668,971.4799999999999,17.213945954368867
Vidarbha,1984,26.9,18.6,0.4,3.2,0.4,105.6,258.6,271.0,48.7,76.6,0.0,0.6,810.6,45.5,3.9,683.9,77.2,936.1085106382978,-26.942230283359585,Deficient,1150.7,442.70000000000005,993.7999999999998,980.9399999999999,18.10264119085147
Vidarbha,1985,22.5,1.1,1.0,7.3,9.7,196.8,271.7,181.9,61.9,120.4,0.0,2.6,876.9,23.7,18.0,712.3,123.0,936.1085106382978,-23.908393962329335,Deficient,683.9,-466.80000000000007,847.5333333333333,931.6800000000001,23.97988635266816
Vidarbha,1986,11.7,40.5,6.4,4.2,6.5,232.8,353.4,382.2,61.2,12.7,17.2,28.3,1157.0,52.2,17.1,1029.6,58.2,936.1085106382978,9.987249159603696,Normal,712.3,28.399999999999977,848.9666666666667,875.5199999999999,27.283717828379256
Vidarbha,1987,24.3,6.1,7.5,0.7,9.8,117.0,204.7,283.7,37.7,72.1,55.4,3.6,822.6,30.4,18.1,643.0,131.1,936.1085106382978,-31.31138188653343,Deficient,1029.6,317.29999999999995,808.6,856.9,25.37736891526426
Vidarbha,1988,0.7,7.9,3.8,12.5,4.2,186.8,485.0,286.6,230.1,86.4,4.3,0.3,1308.7,8.6,20.6,1188.5,91.1,936.1085106382978,26.961777026213092,Excess,643.0,-386.5999999999999,794.9666666666666,843.9,27.273090300053564
Vidarbha,1989,0.0,0.0,23.6,0.1,2.0,236.5,240.6,330.1,118.0,15.2,1.6,30.1,997.7,0.0,25.6,925.1,46.9,936.1085106382978,-1.1759865991167544,Normal,1188.5,545.5,953.7000000000002,851.46,28.541102999547714
Vidarbha,1990,3.5,6.8,8.6,3.9,71.3,303.2,326.3,507.3,121.5,143.7,1.6,7.1,1505.0,10.4,83.9,1258.4,152.4,936.1085106382978,34.428860083960096,Excess,925.1,-263.4,918.8666666666668,899.7,24.97362515212266
Vidarbha,1991,6.3,1.6,4.6,4.7,3.0,168.9,348.0,255.4,23.0,9.6,12.1,1.5,838.7,8.0,12.2,795.3,23.2,936.1085106382978,-15.041900488895864,Normal,1258.4,333.30000000000007,1124.0000000000002,1008.9200000000001,24.067010224946802
Vidarbha,1992,0.2,0.5,0.4,2.9,5.7,167.9,241.3,565.5,116.1,35.9,12.4,0.0,1148.6,0.6,9.0,1090.8,48.2,936.1085106382978,16.524952780978744,Normal,795.3,-463.10000000000014,992.9333333333334,962.0600000000001,27.008679953183062
Vidarbha,1993,0.5,3.6,17.9,2.8,5.0,145.8,365.6,222.0,171.3,77.7,0.5,10.4,1023.0,4.1,25.7,904.7,88.5,936.1085106382978,-3.3552211395751006,Normal,1090.8,295.5,1048.1666666666667,1051.6200000000001,18.08839746700389
Vidarbha,1994,10.0,9.8,0.1,9.6,2.2,228.6,508.2,343.3,225.4,83.3,6.2,0.4,1427.1,19.8,11.9,1305.5,90.0,936.1085106382978,39.46032806707716,Excess,904.7,-186.0999999999999,930.2666666666668,994.86,18.223567925395706
Vidarbha,1995,49.8,5.5,45.4,8.8,8.0,156.1,335.8,165.9,201.3,100.5,0.1,0.3,1077.5,55.4,62.1,859.1,100.9,936.1085106382978,-8.22645128883494,Normal,1305.5,400.79999999999995,1100.3333333333335,1070.94,20.572771942016953
Vidarbha,1996,2.2,3.7,3.6,9.3,0.7,64.4,266.0,261.1,149.8,92.2,1.9,0.0,855.0,5.9,13.6,741.4,94.1,936.1085106382978,-20.799779985499043,Deficient,859.1,-446.4,1023.1000000000003,991.0799999999999,20.92392960652354
Vidarbha,1997,16.3,0.0,2.5,18.4,8.4,108.0,248.4,265.8,145.7,77.4,69.9,78.5,1039.3,16.3,29.3,767.9,225.7,936.1085106382978,-17.968911587354622,Normal,741.4,-117.70000000000005,968.6666666666669,980.3,22.548694113082483
Vidarbha,1998,12.8,14.7,16.2,8.3,10.6,127.5,274.0,234.2,247.4,53.9,62.2,0.0,1061.7,27.4,35.1,883.1,116.1,936.1085106382978,-5.662645947119237,Normal,767.9,26.5,789.4666666666668,915.72,24.87195944298422
Vidarbha,1999,0.2,20.9,0.2,0.0,33.3,228.8,234.0,294.1,248.0,105.5,0.0,0.0,1165.1,21.1,33.5,1004.9,105.5,936.1085106382978,7.348666162087956,Normal,883.1,115.20000000000005,797.4666666666668,911.4,25.040943420465062
Vidarbha,2000,0.1,16.4,0.1,0.1,28.8,235.9,472.1,286.2,54.0,11.0,0.0,0.5,1105.2,16.4,29.0,1048.2,11.5,936.1085106382978,11.97419829943338,Normal,1004.9,121.79999999999995,885.3000000000002,851.2800000000001,12.278105920357488
Vidarbha,2001,8.9,0.1,15.2,18.3,7.9,338.6,202.0,359.8,37.4,129.2,4.7,0.0,1122.1,9.0,41.4,937.8,134.0,936.1085106382978,0.1806937275411315,Normal,1048.2,43.30000000000007,978.7333333333335,889.1,15.428037155960942
Vidarbha,2002,2.4,4.0,1.1,2.9,8.2,301.1,88.1,352.5,128.6,35.2,1.9,0.1,925.8,6.3,12.1,870.3,37.1,936.1085106382978,-7.030008796034286,Normal,937.8,-110.40000000000009,996.9666666666668,928.3800000000001,11.812430974438659
Vidarbha,2003,0.0,4.4,3.6,2.7,3.0,140.2,401.0,280.9,138.0,42.6,0.8,1.3,1018.6,4.4,9.3,960.1,44.7,936.1085106382978,2.562896190885314,Normal,870.3,-67.5,952.1,948.86,8.099810150345025
Vidarbha,2004,10.3,5.5,0.6,3.5,12.2,137.9,217.7,223.1,86.3,27.7,6.9,0.2,731.9,15.8,16.3,665.0,34.8,936.1085106382978,-28.961226989960696,Deficient,960.1,89.80000000000007,922.7333333333335,964.26,7.0037294636045315
Vidarbha,2005,74.9,7.0,7.2,1.9,2.6,144.4,393.2,249.2,246.8,87.2,0.0,0.2,1214.6,81.8,11.7,1033.7,87.4,936.1085106382978,10.42523257214681,Normal,665.0,-295.1,831.8000000000002,896.2800000000001,16.075895247126564
Vidarbha,2006,0.0,0.0,50.6,16.2,20.9,115.0,360.8,421.4,175.8,43.7,11.1,0.0,1215.6,0.0,87.7,1073.0,54.8,936.1085106382978,14.62346381920627,Normal,1033.7,368.70000000000005,886.2666666666668,893.3799999999999,15.711198279571029
Vidarbha,2007,0.1,1.3,1.4,3.2,1.2,256.7,349.1,282.4,241.8,27.3,2.5,0.0,1167.0,1.4,5.8,1130.0,29.8,936.1085106382978,20.712501505781063,Excess,1073.0,39.299999999999955,923.9000000000002,920.4200000000001,17.6394243065181
Vidarbha,2008,0.2,1.9,19.2,2.8,2.9,137.9,261.5,254.0,160.8,22.4,2.9,0.1,866.6,2.1,24.9,814.2,25.4,936.1085106382978,-13.022903782294732,Normal,1130.0,57.0,1078.9000000000003,972.36,18.77840616514458
Vidarbha,2009,0.1,0.0,0.9,2.4,5.9,78.1,310.8,175.4,90.3,41.9,63.8,1.2,770.8,0.1,9.2,654.6,106.9,936.1085106382978,-30.072209304704167,Deficient,814.2,-315.79999999999995,1005.7333333333335,943.1800000000001,20.801360405038846
Vidarbha,2010,14.0,1.9,7.5,0.3,1.9,144.8,454.5,384.0,238.0,51.0,37.0,3.2,1338.1,15.9,9.6,1221.2,91.3,936.1085106382978,30.454961804300744,Excess,654.6,-159.60000000000002,866.2666666666668,941.1,21.241193862055287
Vidarbha,2011,0.0,1.2,0.1,7.7,0.6,137.9,247.1,302.8,191.0,4.7,0.0,0.0,893.2,1.2,8.4,878.8,4.7,936.1085106382978,-6.1219944041766405,Normal,1221.2,566.6,896.6666666666669,978.6,24.111073930417845
Vidarbha,2012,3.1,0.1,0.0,0.6,0.2,125.5,370.5,316.2,249.4,34.9,7.3,0.0,1107.7,3.2,0.8,1061.5,42.2,936.1085106382978,13.39497375963416,Normal,878.8,-342.4000000000001,918.2000000000002,939.76,24.738779743277192
Vidarbha,2013,6.6,13.0,3.8,2.8,0.5,366.7,535.5,326.1,131.7,133.5,0.0,0.0,1520.0,19.6,7.0,1360.0,133.5,936.1085106382978,45.28230269722323,Excess,1061.5,182.70000000000005,1053.8333333333335,926.0600000000001,23.77424278052266
Vidarbha,2014,1.2,18.3,49.6,2.6,4.0,63.3,337.6,191.7,224.9,17.3,6.2,2.3,919.1,19.5,56.3,817.5,25.8,936.1085106382978,-12.67038054780883,Normal,1360.0,298.5,1100.1000000000001,1035.22,26.89603537370583
Vidarbha,2015,26.3,4.7,66.3,28.1,12.8,254.6,137.2,288.9,167.5,7.0,0.0,0.2,993.8,31.1,107.2,848.2,7.3,936.1085106382978,-9.390846214864156,Normal,817.5,-542.5,1079.6666666666667,1067.8,21.320825642813297
Vidarbha,2016,0.7,5.2,20.1,5.1,12.4,165.5,490.2,161.8,227.8,75.0,0.0,0.0,1163.8,5.9,37.5,1045.4,75.0,936.1085106382978,11.67508767623322,Normal,848.2,30.700000000000045,1008.5666666666666,993.2,22.748381699495017
Vidarbha,2017,0.2,0.0,6.1,0.0,7.3,147.8,252.2,198.3,133.3,57.5,0.3,0.0,803.0,0.2,13.4,731.5,57.9,936.1085106382978,-21.85734968895677,Deficient,1045.4,197.20000000000005,903.7000000000002,1026.52,21.13491336357769
West Madhya Pradesh,1901,25.8,5.8,5.8,2.8,2.1,41.2,228.9,349.9,47.9,5.6,0.0,2.4,718.2,31.6,10.7,667.9,7.9,866.5702127659575,-22.92603759501877,Deficient,,,,,
West Madhya Pradesh,1902,22.1,8.4,0.0,2.0,5.9,35.9,401.9,179.4,194.1,37.9,10.0,14.2,911.7,30.5,8.0,811.2,62.0,866.5702127659575,-6.389581819253211,Normal,667.9,,,,
West Madhya Pradesh,1903,5.3,0.0,0.0,0.0,22.3,50.6,304.9,261.1,250.2,55.1,0.0,0.0,949.6,5.3,22.3,866.8,55.1,866.5702127659575,0.0265168627604881,Normal,811.2,143.30000000000007,,,
West Madhya Pradesh,1904,3.2,15.5,14.8,0.0,12.0,96.6,273.0,218.6,125.9,3.3,1.8,9.6,774.4,18.7,26.9,714.1,14.7,866.5702127659575,-17.594675021115286,Normal,866.8,55.59999999999991,781.9666666666667,,
West Madhya Pradesh,1905,3.5,4.4,1.1,0.8,3.0,36.1,326.3,137.6,183.5,0.3,0.0,0.0,696.5,7.9,4.9,683.5,0.3,866.5702127659575,-21.12583724538902,Deficient,714.1,-152.69999999999993,797.3666666666667,,
West Madhya Pradesh,1906,0.0,11.0,6.8,0.0,0.5,180.0,344.5,198.6,266.2,1.5,0.2,0.9,1010.2,11.0,7.3,989.3,2.6,866.5702127659575,14.162705505686375,Normal,683.5,-30.600000000000023,754.8000000000001,748.7,11.534370394631278
West Madhya Pradesh,1907,5.2,25.1,0.6,12.3,2.8,48.7,202.2,328.5,17.3,0.0,7.8,0.0,650.4,30.3,15.7,596.6,7.8,866.5702127659575,-31.153876372493176,Deficient,989.3,305.79999999999995,795.6333333333332,812.9799999999999,15.131376932116783
West Madhya Pradesh,1908,12.1,0.6,10.1,1.5,1.9,104.5,368.8,281.9,48.5,0.5,0.4,1.8,832.6,12.7,13.6,803.6,2.7,866.5702127659575,-7.266602502406166,Normal,596.6,-392.69999999999993,756.4666666666667,770.0600000000001,20.340543954370098
West Madhya Pradesh,1909,3.5,2.1,0.4,24.8,9.8,150.0,246.2,257.9,106.8,0.9,0.0,27.9,830.2,5.6,35.0,760.8,28.8,866.5702127659575,-12.205613718057014,Normal,803.6,207.0,796.5,757.42,19.705331997175175
West Madhya Pradesh,1910,1.5,0.0,0.3,0.3,0.7,171.0,183.5,273.9,244.1,50.3,33.8,0.0,959.5,1.5,1.3,872.6,84.1,866.5702127659575,0.6958221209561708,Normal,760.8,-42.80000000000007,720.3333333333334,766.76,19.212282052893414
West Madhya Pradesh,1911,16.2,0.5,3.5,0.0,0.8,112.2,111.1,154.2,222.3,11.8,43.7,0.0,676.5,16.7,4.3,599.9,55.6,866.5702127659575,-30.773064760071502,Deficient,872.6,111.80000000000007,812.3333333333334,804.58,18.002692474992525
West Madhya Pradesh,1912,2.1,8.4,0.1,0.4,2.2,48.0,322.3,264.4,94.8,2.0,60.6,1.9,807.3,10.5,2.7,729.6,64.5,866.5702127659575,-15.8060144173165,Normal,599.9,-272.70000000000005,744.4333333333334,726.7,17.044489139714695
West Madhya Pradesh,1913,0.0,7.6,3.0,0.0,28.2,168.7,290.0,220.4,58.5,0.4,0.3,13.4,790.5,7.6,31.2,737.7,14.1,866.5702127659575,-14.871295005008744,Normal,729.6,129.70000000000005,734.0333333333333,753.3,13.425418016360918
West Madhya Pradesh,1914,0.0,2.6,7.4,4.1,13.4,127.7,352.6,155.2,154.7,6.3,10.7,1.7,836.3,2.6,24.9,790.2,18.7,866.5702127659575,-8.812928443754792,Normal,737.7,8.100000000000023,689.0666666666667,740.12,13.126996966801736
West Madhya Pradesh,1915,9.5,24.5,34.3,5.4,6.6,124.2,179.0,215.2,90.1,75.5,3.8,4.6,772.7,34.0,46.3,608.5,83.9,866.5702127659575,-29.78064661860895,Deficient,790.2,52.5,752.5,746.0000000000001,13.348450489163824
West Madhya Pradesh,1916,0.0,8.6,0.0,0.2,17.7,220.0,242.5,474.4,153.4,76.8,25.5,0.0,1219.2,8.6,17.9,1090.4,102.3,866.5702127659575,25.829388540786866,Excess,608.5,-181.70000000000005,712.1333333333333,693.1800000000001,12.197063097123126
West Madhya Pradesh,1917,8.3,23.1,4.5,1.9,62.7,184.3,316.6,338.0,275.4,94.4,0.0,0.1,1309.3,31.4,69.1,1114.3,94.5,866.5702127659575,28.587387794386267,Excess,1090.4,481.9000000000001,829.6999999999999,791.28,22.74424074400373
West Madhya Pradesh,1918,0.3,1.5,2.0,0.1,10.2,100.5,124.2,202.9,50.6,0.5,14.2,2.5,509.4,1.8,12.2,478.1,17.2,866.5702127659575,-44.82847518218067,Deficient,1114.3,23.899999999999864,937.7333333333332,868.22,25.786565054151485
West Madhya Pradesh,1919,43.8,1.7,0.4,4.2,10.9,163.9,330.2,545.1,69.9,39.0,22.0,1.8,1232.8,45.5,15.5,1109.1,62.7,866.5702127659575,27.98732101117634,Excess,478.1,-636.1999999999999,894.2666666666668,816.3000000000001,34.76697200119324
West Madhya Pradesh,1920,54.1,1.0,2.1,0.2,23.4,120.1,303.3,146.4,64.2,0.0,0.0,0.0,714.8,55.1,25.7,634.0,0.0,866.5702127659575,-26.838011431714172,Deficient,1109.1,630.9999999999999,900.5,880.0799999999999,35.33784673445602
West Madhya Pradesh,1921,28.6,0.3,0.0,0.0,0.0,136.8,187.3,215.3,238.9,1.3,0.0,0.0,808.7,29.0,0.0,778.3,1.3,866.5702127659575,-10.186158197639031,Normal,634.0,-475.0999999999999,740.4,885.18,34.52365734924561
West Madhya Pradesh,1922,31.5,3.5,0.0,0.0,6.7,130.7,311.7,147.7,243.4,1.7,32.7,8.5,918.2,35.0,6.8,833.5,42.9,866.5702127659575,-3.8162184989491568,Normal,778.3,144.29999999999995,840.4666666666667,822.76,34.558581319488404
West Madhya Pradesh,1923,0.9,2.7,8.4,2.6,3.5,12.1,561.6,296.2,173.6,0.7,1.2,7.6,1071.0,3.7,14.4,1043.4,9.5,866.5702127659575,20.405708000235705,Excess,833.5,55.200000000000045,748.6,766.6,30.781814287780456
West Madhya Pradesh,1924,11.9,3.4,0.5,0.6,2.0,34.3,346.5,335.6,208.4,68.2,0.2,19.5,1031.3,15.4,3.2,924.9,87.9,866.5702127659575,6.731109190548199,Normal,1043.4,209.9000000000001,885.0666666666667,879.6600000000001,22.175446662398024
West Madhya Pradesh,1925,0.0,0.0,0.0,0.0,34.9,165.7,260.1,146.6,37.8,1.2,45.5,1.6,693.5,0.0,34.9,610.2,48.3,866.5702127659575,-29.584470939482628,Deficient,924.9,-118.50000000000011,933.9333333333334,842.82,18.26823030838749
West Madhya Pradesh,1926,16.0,0.8,8.8,2.5,8.5,21.9,268.3,429.0,143.5,12.8,0.2,1.5,913.8,16.8,19.8,862.8,14.5,866.5702127659575,-0.4350729704779082,Normal,610.2,-314.69999999999993,859.5000000000001,838.0600000000001,19.35262015779715
West Madhya Pradesh,1927,0.0,1.7,6.5,0.5,1.6,78.3,334.2,217.7,74.1,36.8,101.2,20.2,872.9,1.7,8.6,704.4,158.2,866.5702127659575,-18.7140303667184,Normal,862.8,252.5999999999999,799.3000000000001,854.96,18.5703710703228
West Madhya Pradesh,1928,0.4,31.9,2.8,0.0,2.5,75.6,395.0,217.6,49.5,66.9,1.6,51.9,895.6,32.3,5.3,737.7,120.3,866.5702127659575,-14.871295005008744,Normal,704.4,-158.39999999999998,725.8000000000001,829.14,20.86404380069644
West Madhya Pradesh,1929,6.3,8.8,0.1,4.8,0.7,108.5,288.0,215.5,88.8,1.6,0.0,5.5,728.7,15.1,5.6,700.8,7.1,866.5702127659575,-19.12946121663296,Normal,737.7,33.30000000000007,768.3000000000002,768.0,16.401668817234246
West Madhya Pradesh,1930,3.0,0.3,0.0,2.2,5.1,96.4,392.8,183.5,167.1,36.9,0.6,0.3,888.2,3.3,7.3,839.8,37.8,866.5702127659575,-3.089214511598687,Normal,700.8,-36.90000000000009,714.3000000000001,723.1800000000001,12.620980318657269
West Madhya Pradesh,1931,2.2,1.4,0.4,0.1,1.5,48.2,281.6,424.1,226.0,132.1,10.4,3.7,1131.6,3.5,2.0,979.9,146.2,866.5702127659575,13.077969397576148,Normal,839.8,139.0,759.4333333333334,769.1,9.99038606722667
West Madhya Pradesh,1932,0.0,2.9,12.7,2.6,1.8,57.0,467.0,128.3,289.8,24.8,1.4,0.0,988.3,2.9,17.1,942.1,26.2,866.5702127659575,8.715945473473308,Normal,979.9,140.10000000000002,840.1666666666666,792.52,15.000221897218447
West Madhya Pradesh,1933,0.2,5.0,2.1,11.7,36.7,196.5,276.9,351.8,288.1,22.7,11.4,8.5,1211.6,5.2,50.5,1113.3,42.7,866.5702127659575,28.471990336076665,Excess,942.1,-37.799999999999955,920.6,840.0600000000001,14.55960467224229
West Madhya Pradesh,1934,7.0,0.0,6.0,0.8,0.1,124.7,237.6,415.7,340.5,2.9,24.8,4.8,1164.9,7.0,6.9,1118.5,32.6,866.5702127659575,29.072057119286587,Excess,1113.3,171.19999999999993,1011.7666666666668,915.18,16.910616784365914
West Madhya Pradesh,1935,5.3,2.9,0.0,7.8,0.7,94.3,361.2,157.5,213.6,17.8,0.6,9.5,871.1,8.2,8.4,826.6,27.9,866.5702127659575,-4.612460961285388,Normal,1118.5,5.2000000000000455,1057.9666666666667,998.72,11.878109188857884
West Madhya Pradesh,1936,2.6,6.0,17.5,2.5,11.2,192.2,152.8,211.6,198.4,0.6,104.1,1.6,901.2,8.7,31.2,755.0,106.3,866.5702127659575,-12.874918976252689,Normal,826.6,-291.9,1019.4666666666667,996.0799999999999,12.359652867376742
West Madhya Pradesh,1937,1.0,12.1,6.1,8.1,3.6,177.6,442.0,163.9,201.9,30.0,1.0,6.2,1053.4,13.1,17.8,985.4,37.2,866.5702127659575,13.712655418278944,Normal,755.0,-71.60000000000002,900.0333333333334,951.1,17.305911243239866
West Madhya Pradesh,1938,8.7,0.0,1.5,0.8,24.5,306.3,345.5,206.1,38.6,69.0,0.0,0.0,1001.2,8.7,26.8,896.5,69.1,866.5702127659575,3.4538213745555866,Normal,985.4,230.39999999999998,855.6666666666666,959.7599999999999,17.206676230093993
West Madhya Pradesh,1939,6.2,0.9,8.2,0.2,0.3,64.1,284.8,312.4,119.6,3.9,1.4,0.6,802.5,7.1,8.8,780.8,5.8,866.5702127659575,-9.897664551865033,Normal,896.5,-88.89999999999998,878.9666666666668,916.4,15.443402149512117
West Madhya Pradesh,1940,10.4,4.5,6.1,1.8,10.8,157.6,393.9,347.7,63.9,40.8,23.6,3.8,1064.7,14.9,18.7,963.1,68.1,866.5702127659575,11.139292097974888,Normal,780.8,-115.70000000000005,887.5666666666667,848.86,10.996032738130577
West Madhya Pradesh,1941,19.2,19.9,5.5,0.7,2.1,52.7,195.6,349.8,93.0,0.9,0.0,0.0,739.4,39.1,8.3,691.1,0.9,866.5702127659575,-20.248816562236065,Deficient,963.1,182.30000000000007,880.1333333333333,876.1600000000001,11.926762952715334
West Madhya Pradesh,1942,28.2,28.3,0.7,1.5,1.2,122.7,558.0,286.0,163.5,0.1,0.0,11.5,1201.7,56.5,3.5,1130.1,11.6,866.5702127659575,30.410667635677925,Excess,691.1,-272.0,811.6666666666666,863.3799999999999,14.469842739873886
West Madhya Pradesh,1943,25.1,0.0,0.0,3.5,25.2,122.3,359.8,179.1,187.2,60.5,0.1,0.0,962.9,25.1,28.7,848.4,60.6,866.5702127659575,-2.0967963701361327,Normal,1130.1,438.9999999999999,928.1,892.32,18.960006443525238
West Madhya Pradesh,1944,15.8,14.8,34.1,2.6,0.8,87.9,500.6,519.5,118.7,49.2,1.1,2.6,1347.7,30.7,37.5,1226.8,52.8,866.5702127659575,41.56960185421616,Excess,848.4,-281.69999999999993,889.8666666666668,882.7,19.287524244062418
West Madhya Pradesh,1945,22.2,0.0,0.0,3.6,3.2,190.3,377.4,235.9,211.1,3.6,0.0,0.0,1047.4,22.2,6.9,1014.7,3.6,866.5702127659575,17.093800946750203,Normal,1226.8,378.4,1068.4333333333334,971.9,22.078479512211135
West Madhya Pradesh,1946,0.0,10.9,0.1,3.0,3.2,256.8,341.4,387.5,100.4,5.9,117.9,23.6,1250.7,10.9,6.3,1086.1,147.5,866.5702127659575,25.33317947005556,Excess,1014.7,-212.0999999999999,1029.9666666666667,982.2199999999999,21.918852573877903
West Madhya Pradesh,1947,18.3,3.9,2.3,3.8,1.9,48.1,319.5,350.5,282.2,14.0,3.5,16.7,1064.7,22.3,7.9,1000.2,34.2,866.5702127659575,15.420537801261016,Normal,1086.1,71.39999999999986,1109.2,1061.22,13.345996936384916
West Madhya Pradesh,1948,36.6,6.7,0.7,0.9,0.7,145.0,382.5,369.7,225.8,17.8,61.1,0.2,1247.6,43.3,2.3,1122.9,79.1,866.5702127659575,29.579805935848828,Excess,1000.2,-85.89999999999986,1033.6666666666667,1035.24,13.300885714335406
West Madhya Pradesh,1949,0.0,3.4,0.4,0.3,19.7,90.3,326.9,137.2,334.7,50.8,2.4,0.0,966.2,3.4,20.4,889.1,53.2,866.5702127659575,2.599880183064556,Normal,1122.9,122.70000000000005,1069.7333333333336,1090.14,8.40054381370546
West Madhya Pradesh,1950,2.4,2.0,15.0,0.3,5.8,34.8,411.3,182.6,230.4,2.9,0.0,16.9,904.5,4.4,21.2,859.2,19.8,866.5702127659575,-0.8505038203924545,Normal,889.1,-233.80000000000007,1004.0666666666667,1022.6,8.811785888146106
West Madhya Pradesh,1951,5.3,0.4,6.0,0.5,3.5,88.0,231.7,205.5,85.5,18.9,4.4,0.0,649.7,5.7,10.0,610.7,23.2,866.5702127659575,-29.526772210327827,Deficient,859.2,-29.899999999999977,957.0666666666667,991.5,11.748884792763088
West Madhya Pradesh,1952,0.7,8.9,1.7,1.7,0.8,163.6,367.7,239.4,35.8,1.4,0.0,7.6,829.1,9.5,4.2,806.4,9.0,866.5702127659575,-6.943489619139294,Normal,610.7,-248.5,786.3333333333335,896.4200000000001,21.249538124347072
West Madhya Pradesh,1953,19.1,0.0,0.0,2.0,1.1,72.6,273.0,304.2,107.1,14.5,0.0,0.1,793.7,19.1,3.1,756.9,14.6,866.5702127659575,-12.655663805464448,Normal,806.4,195.69999999999993,758.7666666666668,857.6600000000001,21.416932801424768
West Madhya Pradesh,1954,12.3,11.9,5.4,0.1,1.0,70.6,318.7,183.2,480.1,16.9,0.3,0.0,1100.7,24.2,6.6,1052.6,17.3,866.5702127659575,21.467364616683994,Excess,756.9,-49.5,724.6666666666666,784.46,13.959818396739228
West Madhya Pradesh,1955,26.8,2.2,0.6,1.5,1.5,188.8,97.7,441.1,249.5,139.5,0.0,0.0,1149.2,29.0,3.6,977.1,139.5,866.5702127659575,12.754856514309276,Normal,1052.6,295.69999999999993,871.9666666666667,817.1600000000001,19.691752230001835
West Madhya Pradesh,1956,10.9,0.8,3.5,0.4,49.1,112.1,411.4,235.5,127.8,95.8,12.8,5.7,1065.8,11.7,53.0,886.8,114.3,866.5702127659575,2.3344660289524697,Normal,977.1,-75.49999999999989,928.8666666666667,840.74,20.993115060928577
West Madhya Pradesh,1957,12.5,0.1,30.4,5.6,4.0,89.3,223.2,339.9,112.7,12.5,1.2,1.6,832.9,12.6,40.0,765.0,15.2,866.5702127659575,-11.720944393156694,Normal,886.8,-90.30000000000007,972.1666666666666,895.96,13.504879477892981
West Madhya Pradesh,1958,3.2,1.3,1.4,3.2,0.9,82.5,383.6,284.0,271.1,57.7,10.1,0.7,1099.7,4.5,5.6,1021.2,68.5,866.5702127659575,17.8438844257626,Normal,765.0,-121.79999999999995,876.3000000000001,887.68,14.617715104325308
West Madhya Pradesh,1959,23.0,0.1,0.2,4.0,22.0,78.9,395.5,325.8,254.3,70.7,7.0,0.0,1181.4,23.1,26.1,1054.5,77.8,866.5702127659575,21.68661978747225,Excess,1021.2,256.20000000000005,891.0,940.54,12.365194938069891
West Madhya Pradesh,1960,25.2,0.0,12.4,1.4,6.6,132.5,203.2,392.9,53.6,53.2,0.0,1.5,882.3,25.2,20.3,782.1,54.6,866.5702127659575,-9.747647856062546,Normal,1054.5,33.299999999999955,946.9,940.9200000000001,12.409076601078747
West Madhya Pradesh,1961,22.0,1.8,0.5,0.7,6.9,74.0,311.3,318.8,559.4,128.5,8.3,1.3,1433.7,23.9,8.2,1263.5,138.2,866.5702127659575,45.804688574178456,Excess,782.1,-272.4,952.5999999999999,901.9200000000001,14.755164185934696
West Madhya Pradesh,1962,6.7,4.9,7.8,8.4,4.1,16.4,308.7,207.0,313.3,0.1,8.2,20.3,905.9,11.6,20.3,845.5,28.6,866.5702127659575,-2.431448999233967,Normal,1263.5,481.4,1033.3666666666666,977.2599999999999,21.27882038508807
West Madhya Pradesh,1963,6.1,5.5,2.5,3.0,3.9,71.0,235.2,363.1,155.4,26.8,30.6,2.2,905.4,11.6,9.4,824.8,59.5,866.5702127659575,-4.820176386242673,Normal,845.5,-418.0,963.6999999999999,993.3599999999999,19.099309499406054
West Madhya Pradesh,1964,0.0,0.0,2.2,0.0,7.7,111.7,278.8,312.2,163.3,2.8,0.0,1.2,880.1,0.1,10.0,866.0,4.1,866.5702127659575,-0.0658011038871858,Normal,824.8,-20.700000000000045,977.9333333333334,954.0799999999999,21.216867832108477
West Madhya Pradesh,1965,4.8,0.7,1.6,2.0,0.6,31.1,270.8,142.5,124.0,5.9,1.0,9.6,594.7,5.5,4.2,568.5,16.5,866.5702127659575,-34.39654495099291,Deficient,866.0,41.200000000000045,845.4333333333334,916.3799999999999,21.44469573133079
West Madhya Pradesh,1966,4.0,0.9,2.2,0.1,2.8,69.2,267.7,200.6,104.0,0.6,23.8,4.1,680.0,4.9,5.1,641.5,28.5,866.5702127659575,-25.97253049439218,Deficient,568.5,-297.5,753.1,873.6600000000001,28.519906861126515
West Madhya Pradesh,1967,0.0,0.0,31.9,2.5,0.9,125.9,223.5,253.8,222.2,2.3,0.1,82.5,945.6,0.0,35.3,825.4,84.9,866.5702127659575,-4.750937911256912,Normal,641.5,73.0,692.0,749.26,18.01568300659803
West Madhya Pradesh,1968,9.2,2.0,9.7,1.2,0.2,34.4,404.1,291.9,94.1,14.1,0.0,0.4,861.2,11.2,11.1,824.4,14.5,866.5702127659575,-4.866335369566511,Normal,825.4,183.89999999999998,678.4666666666667,745.24,17.666790581031837
West Madhya Pradesh,1969,5.7,0.3,0.0,0.2,0.8,47.9,393.4,395.9,226.5,0.0,45.8,0.3,1117.0,6.1,1.1,1063.7,46.1,866.5702127659575,22.74827640392056,Excess,824.4,-1.0,763.7666666666668,745.16,17.660592282526185
West Madhya Pradesh,1970,19.9,12.1,8.3,0.5,12.2,254.4,186.5,346.6,265.8,6.8,0.0,0.0,1113.2,32.0,21.0,1053.4,6.8,866.5702127659575,21.559682583331693,Excess,1063.7,239.30000000000007,904.5,784.7,24.53971523988731
West Madhya Pradesh,1971,5.4,2.0,1.2,2.8,17.7,183.9,446.9,220.3,209.6,45.6,0.2,0.0,1135.7,7.3,21.8,1060.8,45.8,866.5702127659575,22.41362377482271,Excess,1053.4,-10.299999999999955,980.5,881.6800000000001,20.190156904827287
West Madhya Pradesh,1972,0.1,3.7,0.1,0.1,1.9,92.0,161.5,421.3,74.4,3.9,10.1,1.1,770.3,3.8,2.1,749.3,15.1,866.5702127659575,-13.532684488617406,Normal,1060.8,7.399999999999864,1059.3000000000002,965.5400000000002,13.302563774289892
West Madhya Pradesh,1973,0.1,5.2,0.0,0.3,2.6,74.0,553.1,478.8,256.6,26.2,0.2,9.8,1406.9,5.3,2.9,1362.5,36.2,866.5702127659575,57.22903694682876,Excess,749.3,-311.5,954.5,950.32,15.954342160678722
West Madhya Pradesh,1974,0.2,0.6,0.3,0.7,14.6,40.8,289.5,372.9,65.3,89.0,0.8,1.9,876.6,0.8,15.7,768.5,91.6,866.5702127659575,-11.317053289073096,Normal,1362.5,613.2,1057.5333333333333,1057.94,20.496385774162807
West Madhya Pradesh,1975,1.2,3.4,0.6,0.2,3.4,136.2,265.4,357.7,245.3,51.0,0.0,0.3,1064.6,4.6,4.2,1004.6,51.2,866.5702127659575,15.92828661782325,Normal,768.5,-594.0,960.1,998.9,25.246372279204856
West Madhya Pradesh,1976,7.3,0.7,3.4,3.8,8.4,158.9,261.3,350.5,183.3,1.2,46.8,2.0,1027.7,8.0,15.6,954.0,50.1,866.5702127659575,10.089175227357536,Normal,1004.6,236.10000000000002,1045.2,989.14,25.323823682813106
West Madhya Pradesh,1977,2.5,5.3,4.9,3.0,10.3,157.3,265.3,316.1,188.8,12.5,35.2,1.6,1002.7,7.8,18.2,927.4,49.4,866.5702127659575,7.019602836322196,Normal,954.0,-50.60000000000002,909.0333333333333,967.78,25.56201489981432
West Madhya Pradesh,1978,3.5,15.7,5.5,4.0,0.0,138.0,318.7,409.3,61.8,7.3,21.9,17.5,1003.3,19.3,9.5,927.8,46.8,866.5702127659575,7.065761819646033,Normal,927.4,-26.600000000000023,962.0,1003.4,21.85447836953903
West Madhya Pradesh,1979,21.3,35.2,8.5,0.2,9.3,110.1,195.7,260.0,34.9,6.1,97.7,2.8,781.9,56.5,18.1,600.7,106.6,866.5702127659575,-30.68074679342382,Deficient,927.8,0.39999999999997726,936.4,916.4599999999998,9.655081419141231
West Madhya Pradesh,1980,0.4,0.7,0.5,0.2,0.9,254.4,186.8,345.7,50.3,3.4,1.8,28.9,873.9,1.1,1.6,837.2,34.0,866.5702127659575,-3.3892479032036342,Normal,600.7,-327.0999999999999,818.6333333333333,882.9,18.219102701368286
West Madhya Pradesh,1981,4.3,0.4,10.1,0.1,10.7,118.1,268.7,297.2,122.5,20.6,19.1,18.4,890.2,4.7,20.9,806.3,58.2,866.5702127659575,-6.955029364970257,Normal,837.2,236.5,788.5666666666666,849.4200000000001,17.17894846613378
West Madhya Pradesh,1982,44.8,4.7,3.2,2.7,8.3,61.5,247.2,386.7,89.3,23.3,60.0,2.4,934.1,49.6,14.1,784.7,85.6,866.5702127659575,-9.447614464457589,Normal,806.3,-30.90000000000009,748.0666666666666,819.8799999999999,16.333332889193255
West Madhya Pradesh,1983,4.8,0.6,0.1,13.7,13.9,88.3,238.2,364.4,291.5,55.2,0.0,1.1,1071.9,5.4,27.7,982.5,56.3,866.5702127659575,13.37800278918111,Normal,784.7,-21.59999999999991,809.4,791.34,15.12935715847843
West Madhya Pradesh,1984,15.2,6.1,0.0,0.1,0.0,63.5,165.3,536.0,60.3,12.5,0.0,0.5,859.5,21.3,0.1,825.2,13.0,866.5702127659575,-4.774017402918824,Normal,982.5,197.79999999999995,857.8333333333334,802.28,17.028770192358316
West Madhya Pradesh,1985,2.1,0.0,0.2,4.5,4.2,55.4,211.7,294.4,144.4,157.8,0.0,0.0,874.7,2.1,8.9,705.9,157.8,866.5702127659575,-18.540934179254005,Normal,825.2,-157.29999999999995,864.1333333333333,847.18,9.232168741022765
West Madhya Pradesh,1986,9.5,40.5,2.5,0.2,5.3,129.8,470.6,237.5,33.4,6.5,0.1,1.2,937.1,50.0,8.0,871.3,7.8,866.5702127659575,0.545805425153684,Normal,705.9,-119.30000000000007,837.8666666666667,820.9200000000001,12.314970196295555
West Madhya Pradesh,1987,25.7,13.2,0.6,0.0,7.1,74.3,144.2,362.7,77.7,55.1,8.1,15.3,783.9,38.9,7.7,658.9,78.5,866.5702127659575,-23.96461471980516,Deficient,871.3,165.39999999999998,800.8000000000001,833.9199999999998,12.340392200057092
West Madhya Pradesh,1988,3.5,0.6,2.2,5.1,4.7,136.0,313.6,278.9,146.5,59.5,0.4,0.1,951.2,4.1,12.0,875.0,60.1,866.5702127659575,0.972776020899206,Normal,658.9,-212.39999999999998,745.3666666666667,808.76,16.050826576680475
West Madhya Pradesh,1989,2.3,0.2,9.4,0.2,2.9,129.8,150.5,369.5,88.2,0.6,0.0,4.8,758.5,2.5,12.5,738.1,5.4,866.5702127659575,-14.825136021684909,Normal,875.0,216.10000000000002,801.7333333333332,787.26,12.590041525009699
West Madhya Pradesh,1990,0.7,9.3,1.3,1.0,29.4,161.2,265.0,384.2,258.3,23.2,2.8,7.6,1144.0,10.0,31.8,1068.7,33.6,866.5702127659575,23.32526369546856,Excess,738.1,-136.89999999999998,757.3333333333334,769.84,12.786158417189105
West Madhya Pradesh,1991,0.1,3.6,1.3,3.3,1.3,96.4,344.7,262.2,25.1,0.0,3.8,3.6,745.5,3.7,5.9,728.5,7.4,866.5702127659575,-15.93295162145706,Normal,1068.7,330.6,893.9333333333334,842.4,18.548589739402786
West Madhya Pradesh,1992,0.1,0.2,0.1,0.1,5.8,51.0,211.8,314.4,105.9,62.7,2.2,0.0,754.2,0.2,6.0,683.1,64.9,866.5702127659575,-21.171996228712857,Deficient,728.5,-340.20000000000005,845.1,813.8399999999999,19.97604997337133
West Madhya Pradesh,1993,0.0,5.0,7.2,0.6,2.9,113.5,337.7,236.9,300.5,22.1,1.3,4.1,1031.9,5.0,10.7,988.7,27.5,866.5702127659575,14.09346703070063,Normal,683.1,-45.39999999999998,826.7666666666668,818.6800000000001,19.186297900656673
West Madhya Pradesh,1994,14.7,5.4,0.2,5.5,1.3,221.1,352.9,385.8,187.2,2.6,2.9,0.0,1179.5,20.1,6.9,1147.0,5.5,866.5702127659575,32.36088468111016,Excess,988.7,305.6,800.1,841.4199999999998,20.74196624091757
West Madhya Pradesh,1995,14.7,0.8,15.6,1.4,1.3,67.2,320.2,252.1,163.6,19.6,0.0,8.1,864.7,15.5,18.3,803.1,27.7,866.5702127659575,-7.324301231560966,Normal,1147.0,158.29999999999995,939.6,923.2,22.40283970183231
West Madhya Pradesh,1996,10.3,4.7,2.2,0.4,1.4,48.6,438.5,366.3,154.7,57.3,1.1,0.0,1085.4,15.0,4.0,1008.0,58.4,866.5702127659575,16.320637976075886,Normal,803.1,-343.9,979.6,870.0800000000002,22.2748789840356
West Madhya Pradesh,1997,3.0,0.0,0.7,4.0,1.7,89.7,345.9,334.8,97.2,36.1,51.4,93.9,1058.3,3.0,6.4,867.6,181.4,866.5702127659575,0.1188348294081753,Normal,1008.0,204.89999999999998,986.0333333333333,925.9800000000001,19.736649459133208
West Madhya Pradesh,1998,2.5,0.6,8.9,1.9,0.6,92.9,279.0,208.4,286.6,39.1,6.4,0.0,926.9,3.1,11.3,867.0,45.5,866.5702127659575,0.0495963544224132,Normal,867.6,-140.39999999999998,892.9,962.8800000000001,13.857028946950503
West Madhya Pradesh,1999,0.9,31.0,0.0,0.0,4.5,127.0,284.0,188.0,330.8,86.2,0.3,0.0,1052.7,32.0,4.5,929.8,86.5,866.5702127659575,7.296556736265231,Normal,867.0,-0.6000000000000227,914.2000000000002,938.54,14.761358085410578
West Madhya Pradesh,2000,0.1,,0.1,0.1,30.1,93.4,320.5,136.2,31.6,1.2,0.0,0.2,,,30.3,581.7,1.4,866.5702127659575,-32.8732985013062,Deficient,929.8,62.799999999999955,888.1333333333333,895.1,8.646594985320538
West Madhya Pradesh,2001,2.1,0.0,1.1,6.0,16.4,203.6,269.2,198.9,27.5,62.2,0.0,0.0,787.0,2.2,23.5,699.1,62.2,866.5702127659575,-19.32563689575927,Normal,581.7,-348.0999999999999,792.8333333333334,850.82,18.94374554001125
West Madhya Pradesh,2002,0.4,19.7,1.5,1.7,3.9,138.9,46.9,317.7,141.0,5.9,5.9,0.8,684.1,20.1,7.1,644.4,12.6,866.5702127659575,-25.637877865294342,Deficient,699.1,117.39999999999998,736.8666666666667,789.0400000000001,18.27178329500949
West Madhya Pradesh,2003,1.1,21.1,0.1,1.0,0.3,128.7,307.5,228.0,254.9,0.9,0.2,2.5,946.4,22.2,1.4,919.2,3.6,866.5702127659575,6.073343678183491,Normal,644.4,-54.700000000000045,641.7333333333333,744.4,19.91707269885409
West Madhya Pradesh,2004,16.8,0.0,0.0,0.4,4.8,83.7,218.0,421.9,55.7,43.7,2.2,0.8,848.1,16.8,5.3,779.2,46.7,866.5702127659575,-10.082300485160385,Normal,919.2,274.80000000000007,754.2333333333332,754.84,21.248913981808823
West Madhya Pradesh,2005,13.7,3.1,12.3,6.1,1.9,81.2,345.7,130.5,155.1,1.3,0.0,1.4,752.2,16.8,20.3,712.4,2.7,866.5702127659575,-17.79085070024161,Normal,779.2,-140.0,780.9333333333334,724.72,18.03758466912476
West Madhya Pradesh,2006,0.0,0.0,44.3,3.3,22.8,74.5,299.0,501.9,198.1,13.7,8.6,3.0,1169.2,0.0,70.4,1073.5,25.2,866.5702127659575,23.879171495354623,Excess,712.4,-66.80000000000007,803.6,750.86,14.068298210078863
West Madhya Pradesh,2007,1.7,11.5,2.6,0.6,14.6,99.9,305.6,220.6,138.3,0.0,10.5,0.6,806.5,13.3,17.8,764.3,11.1,866.5702127659575,-11.801722613973418,Normal,1073.5,361.1,855.0333333333334,825.74,20.801610723535823
West Madhya Pradesh,2008,0.4,0.0,2.5,2.5,3.8,194.2,221.8,205.8,139.7,12.9,7.5,0.0,791.1,0.4,8.8,761.5,20.5,866.5702127659575,-12.12483549724029,Normal,764.3,-309.20000000000005,850.0666666666666,849.72,17.259278184930345
West Madhya Pradesh,2009,5.5,0.0,0.1,1.3,6.5,56.8,320.3,172.7,139.6,89.9,65.1,19.1,877.0,5.5,7.9,689.4,174.1,866.5702127659575,-20.44499224136239,Deficient,761.5,-2.7999999999999545,866.4333333333334,818.18,17.7130744140308
West Madhya Pradesh,2010,2.2,5.4,0.8,0.1,0.4,62.2,258.5,291.5,136.1,13.6,4.6,0.8,776.3,7.6,1.4,748.3,19.0,866.5702127659575,-13.648081946927004,Normal,689.4,-72.10000000000002,738.4,800.22,19.506738061304148
West Madhya Pradesh,2011,0.0,1.7,0.1,1.8,3.6,241.5,306.7,343.3,165.0,0.2,0.0,0.0,1063.9,1.7,5.5,1056.5,0.2,866.5702127659575,21.91741470409144,Excess,748.3,58.89999999999998,733.0666666666666,807.4,18.802872585710876
West Madhya Pradesh,2012,6.2,0.0,0.0,0.9,3.1,48.2,439.2,341.2,194.3,2.1,0.0,0.0,1035.2,6.2,4.0,1023.0,2.1,866.5702127659575,18.05159985071987,Normal,1056.5,308.20000000000005,831.4,804.0,17.95683944819477
West Madhya Pradesh,2013,1.7,31.1,8.5,2.8,0.4,263.7,485.1,432.6,98.9,68.7,0.3,2.4,1396.3,32.8,11.7,1280.4,71.4,866.5702127659575,47.75490561961069,Excess,1023.0,-33.5,942.5999999999999,855.74,19.932243086105622
West Madhya Pradesh,2014,25.6,34.4,4.6,1.4,1.4,30.6,337.4,211.0,192.6,7.0,3.0,15.8,864.9,60.0,7.5,771.6,25.8,866.5702127659575,-10.959321168313338,Normal,1280.4,257.4000000000001,1119.9666666666667,959.5200000000001,25.205947562087267
West Madhya Pradesh,2015,40.2,6.4,53.5,13.3,2.0,154.1,428.2,276.6,55.6,11.0,0.3,1.0,1042.3,46.6,68.9,914.5,12.4,866.5702127659575,5.53097562412837,Normal,771.6,-508.80000000000007,1025.0,975.96,22.621829830895727
West Madhya Pradesh,2016,5.2,0.2,2.4,0.0,10.0,111.1,432.9,394.8,100.8,40.6,0.0,0.0,1098.0,5.3,12.4,1039.6,40.6,866.5702127659575,19.96719765865921,Excess,914.5,142.89999999999998,988.8333333333334,1009.2,18.630133296478235
West Madhya Pradesh,2017,4.6,1.9,1.5,0.2,6.9,120.0,292.8,173.7,151.4,13.5,0.4,2.0,769.0,6.5,8.5,738.0,16.0,866.5702127659575,-14.83667576751587,Normal,1039.6,125.09999999999991,908.5666666666666,1005.82,18.601945654280534
West Rajasthan,1901,6.7,0.0,1.1,0.0,6.1,3.0,79.0,59.2,1.0,2.1,0.0,0.6,158.9,6.7,7.2,142.2,2.7,271.76170212765953,-47.67474633596392,Deficient,,,,,
West Rajasthan,1902,0.0,0.0,0.0,0.5,4.0,49.1,27.0,71.3,41.8,1.8,0.0,0.0,195.6,0.0,4.5,189.2,1.8,271.76170212765953,-30.380182888638352,Deficient,142.2,,,,
West Rajasthan,1903,1.7,1.3,5.5,0.0,4.2,2.7,154.8,87.1,49.3,0.1,0.0,0.5,307.0,3.0,9.7,293.8,0.5,271.76170212765953,8.109420017537287,Normal,189.2,47.0,,,
West Rajasthan,1904,3.8,2.9,16.3,0.7,11.4,14.6,39.8,45.6,21.4,1.4,2.9,7.1,167.9,6.6,28.5,121.4,11.4,271.76170212765953,-55.3285105849931,Deficient,293.8,104.60000000000002,208.4,,
West Rajasthan,1905,6.3,4.8,0.7,1.3,0.3,4.9,30.1,0.6,64.5,0.0,0.0,0.9,114.4,11.0,2.4,100.1,0.9,271.76170212765953,-63.16625955154704,Large Deficient,121.4,-172.4,201.46666666666667,,
West Rajasthan,1906,0.1,39.1,7.8,0.0,0.2,19.9,53.7,58.6,87.1,0.7,0.0,2.4,269.5,39.1,8.0,219.3,3.1,271.76170212765953,-19.304302893648988,Normal,100.1,-21.30000000000001,171.76666666666665,169.34,45.468457319415094
West Rajasthan,1907,0.6,24.5,6.3,7.3,6.8,12.8,52.2,242.5,0.2,0.1,0.0,0.0,353.2,25.0,20.3,307.7,0.1,271.76170212765953,13.224195164725051,Normal,219.3,119.20000000000002,146.93333333333334,184.76,42.17202120623044
West Rajasthan,1908,8.5,0.2,0.0,3.8,6.6,28.4,208.9,265.8,56.8,2.0,1.0,0.0,581.9,8.6,10.4,559.9,3.0,271.76170212765953,106.02608668420396,Large Excess,307.7,88.39999999999998,209.0333333333333,208.45999999999998,45.8682026329714
West Rajasthan,1909,1.9,6.5,0.0,23.7,2.3,29.2,158.2,73.9,114.5,0.6,0.0,15.4,426.2,8.4,25.9,375.8,16.0,271.76170212765953,38.282913691594665,Excess,559.9,252.2,362.3,261.68,71.14377922080722
West Rajasthan,1910,2.2,0.2,0.0,3.6,0.3,67.3,50.5,156.6,12.2,0.5,0.0,0.0,293.2,2.3,3.9,286.5,0.5,271.76170212765953,5.423243141676077,Normal,375.8,-184.09999999999997,414.4666666666667,312.56,55.19210959933141
West Rajasthan,1911,2.8,0.3,37.3,1.9,0.1,26.0,3.2,14.8,44.5,5.9,2.1,0.0,138.8,3.1,39.2,88.5,8.0,271.76170212765953,-67.43470499812099,Large Deficient,286.5,-89.30000000000001,407.40000000000003,349.84000000000003,37.16741642146369
West Rajasthan,1912,16.3,0.0,0.1,2.2,2.9,19.7,119.7,96.8,13.4,5.0,3.7,0.0,279.9,16.3,5.3,249.6,8.7,271.76170212765953,-8.154829011649744,Normal,88.5,-198.0,250.26666666666674,323.68,52.49004277467025
West Rajasthan,1913,0.1,8.5,2.7,0.5,26.8,53.4,52.0,58.2,31.1,0.1,0.6,14.1,248.3,8.6,30.0,194.7,14.9,271.76170212765953,-28.356350995866208,Deficient,249.6,161.1,208.20000000000005,312.06000000000006,55.508652800077115
West Rajasthan,1914,2.6,1.8,0.1,8.4,3.0,51.6,125.3,54.1,48.3,4.0,3.1,0.0,302.3,4.4,11.5,279.3,7.2,271.76170212765953,2.773863209319825,Normal,194.7,-54.900000000000006,177.60000000000002,239.01999999999998,44.71702447127766
West Rajasthan,1915,7.0,19.7,15.4,0.1,0.6,16.3,25.8,19.0,12.3,31.1,0.0,0.0,147.2,26.7,16.0,73.4,31.1,271.76170212765953,-72.99104346736816,Large Deficient,279.3,84.60000000000002,241.20000000000005,219.71999999999997,37.2166020637454
West Rajasthan,1916,1.5,0.3,0.2,1.7,16.4,21.2,66.1,191.5,102.8,20.0,0.0,0.0,421.7,1.8,18.4,381.6,20.0,271.76170212765953,40.41713641488165,Excess,73.4,-205.9,182.4666666666667,177.1,52.526743234390416
West Rajasthan,1917,1.3,1.2,1.1,12.2,56.8,73.9,97.1,243.4,203.0,78.3,0.0,0.5,768.8,2.5,70.2,617.3,78.9,271.76170212765953,127.14753225604412,Large Excess,381.6,308.20000000000005,244.76666666666674,235.71999999999997,48.09156798862434
West Rajasthan,1918,0.4,0.0,2.7,0.5,0.7,5.6,5.1,40.8,5.9,0.2,0.2,0.1,62.3,0.4,4.0,57.4,0.5,271.76170212765953,-78.87855442815983,Large Deficient,617.3,235.69999999999993,357.4333333333334,309.26,66.6163581566808
West Rajasthan,1919,13.7,1.6,0.7,5.4,7.2,1.1,95.7,151.9,21.3,0.0,4.4,2.0,305.0,15.3,13.3,270.0,6.4,271.76170212765953,-0.6482525366403454,Normal,57.4,-559.9,352.1000000000001,281.8,82.52200736389347
West Rajasthan,1920,2.7,1.5,0.9,1.5,49.2,60.3,94.7,37.2,0.6,0.0,0.0,0.0,248.7,4.2,51.6,192.8,0.0,271.76170212765953,-29.05549292246021,Deficient,270.0,212.6,314.90000000000003,279.93999999999994,83.09251834783609
West Rajasthan,1921,0.1,0.0,0.0,0.0,0.0,4.3,119.2,46.7,46.6,0.6,0.1,0.4,218.0,0.1,0.0,216.8,1.1,271.76170212765953,-20.224226481272687,Deficient,192.8,-77.19999999999999,173.4,303.82,69.53232156722648
West Rajasthan,1922,0.4,0.6,0.0,0.8,4.6,18.1,90.8,33.9,91.7,1.5,0.0,2.5,244.8,1.0,5.4,234.5,4.0,271.76170212765953,-13.711167480896894,Normal,216.8,24.0,226.5333333333334,270.86,77.13478520806434
West Rajasthan,1923,3.3,4.9,0.7,0.4,9.6,7.8,118.9,118.3,4.7,0.4,0.0,4.4,273.4,8.2,10.7,249.8,4.8,271.76170212765953,-8.081235124639841,Normal,234.5,17.69999999999999,214.70000000000005,194.3,41.96725765228778
West Rajasthan,1924,4.4,2.2,0.1,0.5,8.6,11.5,86.0,68.8,103.6,0.9,0.3,10.1,297.1,6.6,9.3,270.0,11.3,271.76170212765953,-0.6482525366403454,Normal,249.8,15.300000000000011,233.70000000000005,232.78000000000003,12.764916102361862
West Rajasthan,1925,0.0,0.0,0.0,0.0,8.2,62.6,71.7,20.0,4.5,0.8,1.8,0.0,169.7,0.0,8.2,158.8,2.6,271.76170212765953,-41.56645371414254,Deficient,270.0,20.19999999999999,251.4333333333334,232.78000000000003,12.764916102361862
West Rajasthan,1926,5.4,0.3,19.4,0.8,21.4,4.0,95.6,179.4,113.6,0.0,0.0,0.3,440.2,5.7,41.6,392.6,0.3,271.76170212765953,44.464800200425934,Excess,158.8,-111.19999999999999,226.20000000000005,225.98000000000002,18.742004468830604
West Rajasthan,1927,0.0,7.7,0.0,0.1,5.4,12.4,135.7,124.8,23.7,4.1,0.4,18.2,332.5,7.7,5.5,296.6,22.7,271.76170212765953,9.139734435675836,Normal,392.6,233.8,273.8,261.14,32.42093518521726
West Rajasthan,1928,0.4,0.8,1.0,2.0,2.1,10.2,79.9,140.4,16.8,14.7,3.3,0.5,272.0,1.2,5.2,247.3,18.5,271.76170212765953,-9.001158712263543,Normal,296.6,-96.0,282.66666666666674,273.56000000000006,30.82808703319512
West Rajasthan,1929,2.3,0.0,0.0,1.8,12.2,11.1,163.5,103.8,3.9,0.3,0.0,4.4,303.3,2.3,14.0,282.3,4.7,271.76170212765953,3.8777715144682654,Normal,247.3,-49.30000000000001,312.16666666666674,273.06000000000006,30.95166401207805
West Rajasthan,1930,2.5,1.2,0.7,1.8,16.7,47.1,100.3,45.2,8.1,6.3,0.1,0.0,230.1,3.7,19.2,200.7,6.4,271.76170212765953,-26.148534385569327,Deficient,282.3,35.0,275.40000000000003,275.52000000000004,30.699861993699717
West Rajasthan,1931,0.1,1.1,1.3,0.0,12.1,10.2,73.5,270.7,9.3,16.8,0.0,0.2,395.4,1.2,13.4,363.7,17.0,271.76170212765953,33.83048352749595,Excess,200.7,-81.60000000000002,243.4333333333334,283.90000000000003,25.05672126018418
West Rajasthan,1932,0.7,0.2,6.3,1.8,4.4,10.8,118.6,115.5,6.2,0.0,0.0,0.6,265.3,0.9,12.5,251.2,0.6,271.76170212765953,-7.5660779155705775,Normal,363.7,163.0,282.23333333333335,278.12,21.74253553753104
West Rajasthan,1933,0.0,7.6,4.0,13.0,15.3,46.4,46.1,211.3,31.9,0.5,0.1,0.0,376.4,7.7,32.3,335.8,0.6,271.76170212765953,23.56413628961545,Excess,251.2,-112.5,271.86666666666673,269.04,22.454002183718664
West Rajasthan,1934,0.8,0.0,8.2,0.2,1.6,60.7,46.8,185.3,16.4,0.0,0.0,2.4,322.4,0.8,10.0,309.2,2.4,271.76170212765953,13.776149317299277,Normal,335.8,84.60000000000002,316.90000000000003,286.73999999999995,22.74589123191653
West Rajasthan,1935,9.2,2.7,2.5,8.4,0.8,4.1,137.4,38.2,47.2,4.5,0.7,1.0,256.6,11.9,11.6,227.0,6.2,271.76170212765953,-16.470938243767993,Normal,309.2,-26.600000000000023,298.73333333333335,292.12,22.548952745129053
West Rajasthan,1936,0.1,4.6,1.8,0.3,0.4,56.6,33.3,119.0,37.7,0.0,9.6,2.0,265.5,4.7,2.4,246.7,11.6,271.76170212765953,-9.221940373293238,Normal,227.0,-82.19999999999999,290.6666666666667,297.38,19.24400024408762
West Rajasthan,1937,0.0,25.5,0.7,1.9,1.2,17.5,171.8,1.1,60.4,0.7,0.0,11.6,292.5,25.5,3.9,250.9,12.3,271.76170212765953,-7.676468746085415,Normal,246.7,19.69999999999999,260.9666666666667,273.97999999999996,16.85725863584388
West Rajasthan,1938,2.1,0.5,0.0,0.6,4.3,52.6,75.5,45.1,1.6,1.1,0.0,0.1,183.5,2.6,4.9,174.8,1.2,271.76170212765953,-35.67894275335085,Deficient,250.9,4.200000000000017,241.5333333333334,273.92,16.874521478443334
West Rajasthan,1939,0.3,25.0,7.8,0.2,0.3,22.3,15.9,53.5,12.1,0.0,0.0,0.0,137.4,25.3,8.3,103.8,0.0,271.76170212765953,-61.80477264186395,Large Deficient,174.8,-76.1,224.13333333333335,241.72000000000003,20.00964477196503
West Rajasthan,1940,18.1,8.5,6.8,1.2,2.2,34.5,55.7,160.4,2.9,1.4,0.7,0.0,292.4,26.6,10.2,253.5,2.1,271.76170212765953,-6.719748214956768,Normal,103.8,-71.00000000000001,176.50000000000003,200.64000000000001,30.913304851732892
West Rajasthan,1941,8.7,0.5,1.2,0.0,10.2,21.9,74.0,86.3,18.6,0.4,0.0,2.8,224.8,9.2,11.5,200.9,3.2,271.76170212765953,-26.074940498559425,Deficient,253.5,149.7,177.3666666666667,205.94,31.977288516538877
West Rajasthan,1942,3.6,12.2,0.0,3.7,16.4,19.4,124.3,80.5,75.2,0.3,0.0,3.3,338.9,15.9,20.2,299.3,3.5,271.76170212765953,10.13325191030943,Normal,200.9,-52.599999999999994,186.0666666666667,196.78,31.420580630300243
West Rajasthan,1943,1.5,0.0,0.1,2.0,1.0,20.8,195.2,22.3,52.3,0.0,0.0,0.3,295.6,1.5,3.1,290.7,0.3,271.76170212765953,6.968714768883891,Normal,299.3,98.4,251.23333333333338,206.46000000000004,36.2493704798052
West Rajasthan,1944,14.2,5.7,9.7,11.2,0.9,15.1,137.0,325.3,4.7,1.1,0.0,0.1,525.1,19.8,21.8,482.2,1.3,271.76170212765953,77.43486158085935,Large Excess,290.7,-8.600000000000023,263.6333333333334,229.64000000000001,34.98097265883971
West Rajasthan,1945,18.3,0.0,0.6,6.1,15.0,40.9,174.5,73.0,35.1,0.4,0.0,0.0,364.0,18.3,21.8,323.5,0.5,271.76170212765953,19.038112238506848,Excess,482.2,191.5,357.4000000000001,305.32,34.78765296129241
West Rajasthan,1946,0.0,1.1,0.0,0.0,3.0,45.5,41.7,117.0,10.1,1.0,0.0,3.6,223.1,1.1,3.0,214.3,4.7,271.76170212765953,-21.14415006889639,Deficient,323.5,-158.7,365.4666666666667,319.32,32.00980442678793
West Rajasthan,1947,2.5,1.5,0.2,0.0,0.7,0.6,18.3,140.5,82.4,5.7,0.0,0.8,253.2,4.0,0.9,241.7,6.5,271.76170212765953,-11.06178754854064,Normal,214.3,-109.19999999999999,340.0,322.0,30.570965442543592
West Rajasthan,1948,21.4,15.4,6.7,0.1,0.8,6.0,111.3,57.5,11.9,1.2,0.3,0.9,233.5,36.8,7.6,186.7,2.4,271.76170212765953,-31.30010647626205,Deficient,241.7,27.399999999999977,259.83333333333337,310.48,33.79167895462265
West Rajasthan,1949,1.8,2.9,0.0,0.1,3.6,20.5,123.1,42.8,28.5,1.2,0.0,0.2,224.8,4.7,3.8,214.8,1.4,271.76170212765953,-20.96016535137165,Deficient,186.7,-55.0,214.23333333333335,289.67999999999995,41.13519968852072
West Rajasthan,1950,1.4,0.3,1.7,0.0,1.9,6.6,131.5,64.8,70.1,0.0,0.0,0.0,278.3,1.7,3.6,273.0,0.0,271.76170212765953,0.4556557685080952,Normal,214.8,28.100000000000023,214.4,236.2,22.241396845982127
West Rajasthan,1951,0.1,0.0,6.4,5.1,16.4,20.2,33.6,83.3,0.8,0.2,13.8,0.0,179.8,0.1,27.9,137.9,13.9,271.76170212765953,-49.25701490667668,Deficient,273.0,58.19999999999999,224.83333333333337,226.1,14.437414030326318
West Rajasthan,1952,0.0,3.7,0.5,0.4,2.0,20.6,156.9,81.6,0.8,0.2,0.3,0.2,267.1,3.7,2.9,259.9,0.6,271.76170212765953,-4.364743830640104,Normal,137.9,-135.1,208.56666666666672,210.82000000000002,24.572907713925662
West Rajasthan,1953,5.9,0.0,0.0,0.8,6.5,15.7,70.9,180.5,23.6,0.1,0.0,0.3,304.4,5.9,7.3,290.7,0.5,271.76170212765953,6.968714768883891,Normal,259.9,121.99999999999997,223.60000000000005,214.45999999999998,25.67111499672491
West Rajasthan,1954,1.6,13.4,0.6,0.0,0.8,16.2,97.0,35.6,82.3,2.0,1.0,0.0,250.4,15.0,1.4,231.1,3.0,271.76170212765953,-14.962263560065129,Normal,290.7,30.80000000000001,229.50000000000003,235.26,26.03186902157848
West Rajasthan,1955,2.4,2.1,3.3,0.9,8.7,22.6,7.7,230.6,91.7,21.0,0.0,0.3,391.3,4.6,12.9,352.5,21.3,271.76170212765953,29.70922585494177,Excess,231.1,-59.599999999999994,260.5666666666667,238.51999999999998,25.284208178512785
West Rajasthan,1956,3.1,0.2,6.1,1.0,0.1,20.6,208.0,76.4,12.1,45.1,0.0,1.4,374.2,3.3,7.3,317.1,46.5,271.76170212765953,16.68310785419018,Normal,352.5,121.4,291.4333333333334,254.42,31.12722610372713
West Rajasthan,1957,19.7,0.0,5.1,0.2,15.3,28.9,78.3,104.7,5.4,2.3,5.9,1.5,267.1,19.7,20.5,217.2,9.6,271.76170212765953,-20.077038707252903,Deficient,317.1,-35.39999999999998,300.2333333333334,290.25999999999993,16.356505937555497
West Rajasthan,1958,2.2,0.0,0.3,0.4,3.2,15.5,69.2,25.0,123.6,4.5,14.7,5.5,264.1,2.2,3.8,233.3,24.7,271.76170212765953,-14.152730802956263,Normal,217.2,-99.90000000000003,295.6000000000001,281.71999999999997,20.2883650329654
West Rajasthan,1959,0.7,2.8,0.8,5.0,8.7,15.1,119.2,77.3,94.6,6.1,5.1,0.0,335.3,3.5,14.5,306.1,11.2,271.76170212765953,12.6354440686459,Normal,233.3,16.100000000000023,255.86666666666676,270.23999999999995,22.411434155645217
West Rajasthan,1960,0.2,0.0,3.0,0.2,1.6,25.1,102.3,76.1,3.2,0.0,0.0,6.1,217.8,0.2,4.9,206.7,6.1,271.76170212765953,-23.940717775272446,Deficient,306.1,72.80000000000001,252.20000000000007,285.24,20.21653941379779
West Rajasthan,1961,5.2,12.5,0.2,5.6,6.5,102.8,72.2,66.5,123.9,2.0,1.1,1.8,400.3,17.7,12.2,365.5,4.9,271.76170212765953,34.492828510585014,Excess,206.7,-99.40000000000003,248.70000000000013,256.08000000000004,20.191692213986325
West Rajasthan,1962,0.8,0.2,7.8,2.3,2.1,3.3,126.5,62.1,55.0,0.0,0.2,2.1,262.5,1.0,12.3,247.0,2.3,271.76170212765953,-9.11154954277839,Normal,365.5,158.8,292.7666666666667,265.76,25.572599050320605
West Rajasthan,1963,0.1,0.6,5.7,1.5,3.3,6.3,23.3,96.4,27.0,4.9,5.1,0.3,174.5,0.7,10.5,153.0,10.3,271.76170212765953,-43.70067643742953,Deficient,247.0,-118.5,273.0666666666668,271.71999999999997,23.487037527052607
West Rajasthan,1964,0.6,0.3,0.5,0.4,13.7,25.4,138.9,140.5,16.4,0.1,0.0,0.6,337.3,0.9,14.6,321.2,0.7,271.76170212765953,18.19178253789304,Normal,153.0,-94.0,255.16666666666674,255.66,32.50277257984134
West Rajasthan,1965,3.6,1.3,3.2,2.7,7.1,6.0,128.0,52.0,7.8,3.4,0.1,0.0,215.3,4.9,13.0,193.9,3.5,271.76170212765953,-28.650726543905787,Deficient,321.2,168.2,240.4000000000001,258.68,33.10035028814918
West Rajasthan,1966,0.1,11.4,1.5,0.1,11.7,34.9,51.3,91.5,48.3,1.8,0.3,0.0,252.9,11.5,13.2,226.0,2.2,271.76170212765953,-16.838907678817474,Normal,193.9,-127.29999999999998,222.70000000000007,256.12,34.25426288481071
West Rajasthan,1967,0.0,0.0,59.0,2.1,2.0,25.2,63.1,96.0,64.2,3.3,3.7,21.7,340.3,0.0,63.2,248.5,28.7,271.76170212765953,-8.55959539020417,Normal,226.0,32.099999999999994,247.03333333333342,228.21999999999997,27.572589203502044
West Rajasthan,1968,2.9,6.2,2.9,0.0,7.0,0.4,96.8,24.5,0.6,0.7,0.0,0.0,142.2,9.1,9.9,122.4,0.7,271.76170212765953,-54.96054114994362,Deficient,248.5,22.5,222.80000000000007,228.51999999999998,27.586885082528646
West Rajasthan,1969,1.0,1.2,1.1,1.0,2.7,3.0,48.8,43.5,15.5,1.0,0.1,0.0,119.0,2.2,4.8,110.8,1.1,271.76170212765953,-59.22898659651759,Deficient,122.4,-126.1,198.96666666666678,222.4,32.786655530461516
West Rajasthan,1970,4.5,18.4,2.3,0.2,3.9,32.9,63.0,162.8,67.5,0.2,0.0,0.0,355.7,22.9,6.4,326.2,0.2,271.76170212765953,20.03162971314044,Excess,110.8,-11.600000000000009,160.56666666666675,180.32,34.08161940604853
West Rajasthan,1971,3.4,0.4,0.2,1.1,23.9,69.9,83.7,46.4,20.5,2.2,0.0,0.0,251.5,3.8,25.1,220.4,2.2,271.76170212765953,-18.89953651509456,Normal,326.2,215.39999999999998,186.46666666666673,206.78000000000003,43.72772843548101
West Rajasthan,1972,1.1,0.8,0.0,2.4,1.4,35.0,39.1,102.4,2.2,0.5,0.6,0.4,185.9,1.9,3.8,178.7,1.5,271.76170212765953,-34.24386195665789,Deficient,220.4,-105.79999999999998,219.13333333333344,205.66,43.83784287979125
West Rajasthan,1973,0.6,0.4,0.0,0.0,10.9,15.8,64.8,311.3,48.8,0.4,0.0,1.8,454.8,0.9,10.9,440.8,2.2,271.76170212765953,62.20092696981088,Large Excess,178.7,-41.70000000000002,241.76666666666674,191.7,45.498866805964184
West Rajasthan,1974,0.0,0.0,0.0,1.0,23.0,21.2,87.1,18.5,6.0,6.7,0.0,0.8,164.3,0.0,24.0,132.8,7.5,271.76170212765953,-51.13365902542903,Deficient,440.8,262.1,279.96666666666675,255.38000000000002,50.83024996085403
West Rajasthan,1975,1.1,0.3,0.8,0.1,2.7,56.8,184.6,145.6,135.2,26.2,0.0,0.5,553.8,1.3,3.6,522.2,26.7,271.76170212765953,92.1536389828386,Large Excess,132.8,-308.0,250.7666666666668,259.78000000000003,47.70340133987645
West Rajasthan,1976,4.2,4.7,0.4,2.0,10.2,39.7,93.6,163.7,93.4,0.1,13.1,0.0,425.2,9.0,12.6,390.4,13.3,271.76170212765953,43.655267443317065,Excess,522.2,389.40000000000003,365.2666666666668,298.98,57.49536984977372
West Rajasthan,1977,8.1,0.6,0.1,4.9,11.7,91.4,146.4,51.1,73.6,0.2,0.7,0.4,389.4,8.7,16.7,362.6,1.4,271.76170212765953,33.42571714894153,Excess,390.4,-131.80000000000007,348.46666666666687,332.98,50.83298575334886
West Rajasthan,1978,0.1,11.6,4.4,5.3,0.0,32.6,215.4,74.2,23.4,1.4,10.5,0.7,379.7,11.7,9.7,345.6,12.6,271.76170212765953,27.17023675310037,Excess,362.6,-27.799999999999955,425.06666666666683,369.76000000000005,39.40347178491507
West Rajasthan,1979,2.9,25.5,1.7,0.7,31.6,19.0,118.6,71.9,16.7,10.6,7.5,1.7,308.2,28.4,34.0,226.1,19.7,271.76170212765953,-16.802110735312528,Normal,345.6,-17.0,366.2000000000001,350.71999999999997,39.978012097487856
West Rajasthan,1980,0.4,0.1,5.4,0.4,6.2,39.6,129.7,22.9,14.6,3.8,2.0,13.2,238.4,0.5,12.1,206.8,19.0,271.76170212765953,-23.90392083176749,Deficient,226.1,-119.50000000000003,311.4333333333335,369.38,28.694311221966153
West Rajasthan,1981,5.3,2.6,7.3,0.0,9.2,15.3,108.9,40.5,22.6,0.2,34.8,1.8,248.5,7.9,16.6,187.3,36.8,271.76170212765953,-31.07932481523236,Deficient,206.8,-19.299999999999983,259.50000000000017,306.3,27.37317069869402
West Rajasthan,1982,11.3,4.0,12.3,27.7,41.3,17.7,77.0,100.6,7.7,7.3,3.5,1.4,311.8,15.4,81.3,202.9,12.2,271.76170212765953,-25.339001628460466,Deficient,187.3,-19.5,206.7333333333335,265.67999999999995,30.899491702998365
West Rajasthan,1983,2.8,0.8,2.1,36.1,37.3,33.4,183.8,111.4,51.6,10.0,0.0,0.0,469.3,3.6,75.5,380.1,10.1,271.76170212765953,39.86518226230744,Excess,202.9,15.599999999999994,199.00000000000014,233.74,27.3980350315971
West Rajasthan,1984,0.1,2.8,0.1,1.1,0.0,8.7,50.4,85.3,54.5,0.1,0.2,0.0,203.2,2.8,1.2,198.9,0.2,271.76170212765953,-26.810879368658387,Deficient,380.1,177.20000000000002,256.7666666666668,240.64000000000001,32.902100620379784
West Rajasthan,1985,0.3,0.0,0.6,8.9,10.9,12.3,97.6,55.2,4.2,4.2,0.3,2.8,197.4,0.4,20.4,169.3,7.3,271.76170212765953,-37.702774646123,Deficient,198.9,-181.20000000000002,260.6333333333335,235.2,34.57887539867786
West Rajasthan,1986,0.5,10.4,2.4,0.3,26.0,20.5,95.1,44.9,3.5,0.5,0.0,0.1,204.2,10.9,28.7,164.0,0.6,271.76170212765953,-39.65301265188524,Deficient,169.3,-29.599999999999994,249.4333333333335,227.7,37.85122443320582
West Rajasthan,1987,6.7,0.5,5.7,0.9,34.8,36.7,22.9,29.3,1.8,0.6,0.0,3.1,143.0,7.2,41.5,90.7,3.6,271.76170212765953,-66.62517224101215,Large Deficient,164.0,-5.300000000000011,177.40000000000018,223.04000000000002,40.12038765534766
West Rajasthan,1988,0.8,0.5,6.9,3.2,0.6,32.1,112.6,73.1,46.8,3.7,0.0,0.1,280.4,1.3,10.6,264.7,3.8,271.76170212765953,-2.5984905424025944,Normal,90.7,-73.3,141.3333333333335,200.6,53.81794039549583
West Rajasthan,1989,8.6,0.0,1.3,1.0,0.2,25.8,81.0,109.1,20.3,0.2,0.2,0.5,248.1,8.6,2.4,236.2,0.9,271.76170212765953,-13.08561944131278,Normal,264.7,174.0,173.13333333333347,177.52,35.45488431903798
West Rajasthan,1990,0.0,25.2,0.2,1.4,17.7,19.6,164.4,169.2,42.9,2.5,1.1,0.8,445.0,25.2,19.2,396.1,4.4,271.76170212765953,45.75269322309912,Excess,236.2,-28.5,197.20000000000016,184.98000000000002,36.81783500462429
West Rajasthan,1991,0.2,4.0,0.0,13.6,7.0,19.3,60.6,55.5,17.1,0.1,0.1,1.6,179.0,4.2,20.7,152.4,1.8,271.76170212765953,-43.92145809845921,Deficient,396.1,159.90000000000003,299.00000000000017,230.34,49.780476381995676
West Rajasthan,1992,9.6,7.4,1.3,0.7,5.5,8.1,126.2,117.2,143.4,5.4,0.9,0.1,425.8,17.0,7.5,394.9,6.4,271.76170212765953,45.31112990103973,Excess,152.4,-243.70000000000002,261.56666666666683,228.01999999999998,51.068188148584646
West Rajasthan,1993,2.2,3.3,2.0,3.0,5.9,48.6,172.1,6.8,47.9,1.5,0.2,0.0,293.5,5.4,10.9,275.4,1.7,271.76170212765953,1.3387824126268393,Normal,394.9,242.49999999999997,314.46666666666687,288.86,36.605649731502695
West Rajasthan,1994,10.7,0.3,0.4,9.9,2.7,31.9,188.5,100.6,70.4,0.0,0.0,0.0,415.5,11.0,13.0,391.4,0.0,271.76170212765953,44.02323687836655,Excess,275.4,-119.5,274.2333333333335,291.0,36.16321354578804
West Rajasthan,1995,8.2,8.0,2.2,3.0,1.3,18.8,194.8,101.6,16.3,13.6,0.0,0.0,367.9,16.3,6.6,331.5,13.6,271.76170212765953,21.981867718902688,Excess,391.4,116.0,353.90000000000015,322.04,33.500712377244234
West Rajasthan,1996,2.2,3.2,2.5,2.3,22.0,143.2,47.6,64.2,16.9,3.7,0.0,0.0,307.9,5.4,26.8,271.9,3.8,271.76170212765953,0.0508893899536586,Normal,331.5,-59.89999999999998,332.7666666666668,309.12,32.481965467436396
West Rajasthan,1997,1.1,0.2,5.5,10.6,20.3,65.9,56.4,103.9,20.6,51.5,3.6,5.6,345.1,1.3,36.4,246.7,60.7,271.76170212765953,-9.221940373293238,Normal,271.9,-59.60000000000002,331.6000000000002,333.02,17.95137261053042
West Rajasthan,1998,0.0,8.7,4.5,5.6,0.9,51.1,55.0,32.5,63.0,58.2,0.1,0.0,279.6,8.7,11.0,201.6,58.3,271.76170212765953,-25.817361894024792,Deficient,246.7,-25.19999999999999,283.36666666666684,303.38,19.166713372414275
West Rajasthan,1999,6.4,3.1,0.2,0.0,39.3,23.8,55.9,61.5,6.5,7.6,0.0,0.0,204.3,9.5,39.6,147.6,7.6,271.76170212765953,-45.68771138669672,Deficient,201.6,-45.099999999999994,240.06666666666683,288.62,25.7022325127004
West Rajasthan,2000,0.5,0.5,0.3,3.1,4.3,8.2,171.6,39.6,5.7,1.1,0.5,0.0,235.3,1.0,7.7,225.1,1.5,271.76170212765953,-17.17008017036201,Normal,147.6,-54.0,198.63333333333352,239.85999999999999,29.06954066566143
West Rajasthan,2001,0.5,1.1,0.1,9.5,23.8,48.6,122.9,68.7,2.8,7.3,0.0,0.0,285.3,1.5,33.4,243.1,7.3,271.76170212765953,-10.546630339471363,Normal,225.1,77.5,191.4333333333335,218.57999999999998,21.70436726401088
West Rajasthan,2002,0.3,2.6,1.0,1.4,11.2,26.9,2.4,17.2,20.6,0.1,2.5,6.0,92.4,3.0,13.7,67.2,8.6,271.76170212765953,-75.27245396467494,Large Deficient,243.1,18.0,205.26666666666685,212.82,19.0795094473774
West Rajasthan,2003,2.5,21.2,0.8,0.4,1.8,45.2,188.4,93.6,13.9,0.2,0.0,0.1,368.1,23.7,3.0,341.1,0.3,271.76170212765953,25.514374295377703,Excess,67.2,-175.89999999999998,178.46666666666684,176.92,40.17523998514497
West Rajasthan,2004,2.4,0.0,0.0,4.8,6.0,33.5,26.9,94.3,8.6,18.7,0.0,1.6,196.7,2.4,10.8,163.3,20.3,271.76170212765953,-39.91059125641988,Deficient,341.1,273.90000000000003,217.13333333333352,204.82,50.42194708685101
West Rajasthan,2005,1.4,14.2,8.7,6.3,14.5,29.2,86.1,24.3,75.8,0.0,0.1,0.0,260.8,15.6,29.6,215.4,0.1,271.76170212765953,-20.73938369034196,Deficient,163.3,-177.8,190.53333333333353,207.95999999999998,48.72077877633603
West Rajasthan,2006,0.0,0.0,16.9,3.4,8.3,36.9,52.7,203.6,31.3,5.3,0.4,2.5,361.3,0.0,28.6,324.4,8.3,271.76170212765953,19.36928473005137,Excess,215.4,52.099999999999994,239.93333333333354,206.01999999999998,49.025272458688605
West Rajasthan,2007,0.0,34.9,22.0,2.3,3.8,41.2,90.5,69.4,45.6,0.0,0.1,0.9,310.8,35.0,28.1,246.7,1.0,271.76170212765953,-9.221940373293238,Normal,324.4,108.99999999999997,234.36666666666687,222.28000000000003,51.354925308803566
West Rajasthan,2008,1.6,0.2,0.8,18.2,24.7,56.1,57.1,133.3,23.0,0.4,0.4,8.3,324.1,1.8,43.6,269.5,9.1,271.76170212765953,-0.8322372541650854,Normal,246.7,-77.69999999999999,262.1666666666669,258.18,28.87139607178153
West Rajasthan,2009,2.9,2.8,5.3,1.6,7.6,26.1,79.1,27.1,7.5,0.3,0.1,0.1,160.4,5.7,14.5,139.8,0.5,271.76170212765953,-48.55787298008266,Deficient,269.5,22.80000000000001,280.2000000000002,243.85999999999999,24.648709852684778
West Rajasthan,2010,1.9,1.7,0.6,0.6,3.0,49.5,129.9,163.4,96.5,0.9,20.1,5.2,473.2,3.6,4.1,439.2,26.2,271.76170212765953,61.6121758737317,Large Excess,139.8,-129.7,218.66666666666686,239.16000000000003,28.574056225031825
West Rajasthan,2011,0.0,11.8,1.5,1.5,7.8,24.4,88.5,166.8,116.3,0.1,0.0,0.0,418.7,11.8,10.7,396.1,0.1,271.76170212765953,45.75269322309912,Excess,439.2,299.4,282.83333333333354,283.91999999999996,38.628809203298765
West Rajasthan,2012,0.5,0.0,0.0,9.5,10.4,5.3,40.4,166.7,92.0,1.9,0.0,0.6,327.3,0.5,19.9,304.3,2.5,271.76170212765953,11.973099085556829,Normal,396.1,-43.099999999999966,325.03333333333353,298.26,40.38390911244314
West Rajasthan,2013,8.6,21.8,4.2,3.1,1.7,37.6,104.5,138.2,58.7,10.1,1.0,0.0,389.4,30.4,8.9,339.0,11.1,271.76170212765953,24.74163848177379,Excess,304.3,-91.80000000000001,379.86666666666684,309.78000000000003,37.76542395200458
West Rajasthan,2014,0.8,2.2,4.7,8.4,23.0,13.8,94.3,69.6,84.9,0.5,0.2,0.0,302.4,3.0,36.0,262.6,0.7,271.76170212765953,-3.37122635600649,Normal,339.0,34.69999999999999,346.46666666666687,323.68,35.566397143242796
West Rajasthan,2015,1.4,0.9,30.3,25.2,15.5,53.2,234.6,60.5,35.7,1.1,0.1,0.0,458.4,2.3,71.0,384.0,1.2,271.76170212765953,41.3002630590004,Excess,262.6,-76.39999999999998,301.96666666666687,348.23999999999995,20.26176504046767
West Rajasthan,2016,0.1,1.6,6.7,0.4,4.0,33.2,80.0,191.9,11.0,18.1,0.0,0.0,347.0,1.7,11.1,316.1,18.1,271.76170212765953,16.315138419140702,Normal,384.0,121.39999999999998,328.53333333333353,337.2,16.45189962550087
West Rajasthan,2017,6.0,0.3,4.2,3.3,26.1,81.9,219.7,43.1,21.2,0.0,0.6,1.8,408.3,6.3,33.6,365.9,2.4,271.76170212765953,34.6400162846048,Excess,316.1,-67.89999999999998,320.90000000000026,321.2,13.928659203101578
West Uttar Pradesh,1901,51.4,25.6,9.5,0.7,5.6,23.8,201.9,374.3,67.7,7.6,0.0,7.9,775.9,76.9,15.8,667.7,15.4,675.8148936170213,-1.200756848312359,Normal,,,,,
West Uttar Pradesh,1902,4.6,4.6,0.6,4.8,7.2,54.5,325.9,180.6,143.1,9.6,0.9,0.2,736.6,9.2,12.7,704.1,10.6,675.8148936170213,4.185333387903648,Normal,667.7,,,,
West Uttar Pradesh,1903,13.4,0.4,1.2,0.0,8.2,32.7,145.4,279.1,150.4,177.3,0.0,0.4,808.4,13.7,9.4,607.6,177.6,675.8148936170213,-10.093724518548138,Normal,704.1,36.39999999999998,,,
West Uttar Pradesh,1904,6.3,2.0,29.7,0.4,24.8,68.5,358.8,311.1,97.1,2.7,15.7,28.2,945.2,8.2,54.9,835.5,46.6,675.8148936170213,23.628527262595505,Excess,607.6,-96.5,659.8000000000001,,
West Uttar Pradesh,1905,32.3,26.6,14.8,3.6,7.1,18.9,139.8,95.0,92.2,0.2,0.0,2.9,433.5,59.0,25.5,345.9,3.1,675.8148936170213,-48.81734580474952,Deficient,835.5,227.89999999999998,715.7333333333332,,
West Uttar Pradesh,1906,3.3,63.2,21.5,0.2,3.4,206.5,240.5,172.6,260.6,1.1,0.0,5.7,978.7,66.5,25.2,880.2,6.8,675.8148936170213,30.24276444827836,Excess,345.9,-489.6,596.3333333333334,632.1600000000001,28.554277399862915
West Uttar Pradesh,1907,13.8,64.8,17.6,27.2,9.6,15.8,176.5,263.9,0.5,0.0,0.0,0.0,589.5,78.6,54.4,456.6,0.0,675.8148936170213,-32.43712082812554,Deficient,880.2,534.3000000000001,687.1999999999999,674.6600000000001,31.579033023749798
West Uttar Pradesh,1908,22.4,11.4,1.7,1.9,12.0,44.4,325.2,409.1,35.8,0.2,0.7,1.3,866.3,33.9,15.7,814.6,2.2,675.8148936170213,20.53596446213082,Excess,456.6,-423.6,560.9,625.1600000000001,37.17071921713931
West Uttar Pradesh,1909,16.7,6.1,0.1,69.0,2.8,163.3,350.6,155.1,106.8,1.1,0.0,31.4,903.0,22.8,71.9,775.8,32.5,675.8148936170213,14.794747397153303,Normal,814.6,358.0,717.1333333333333,666.5600000000001,36.97754292640344
West Uttar Pradesh,1910,11.1,2.5,0.0,1.4,13.5,88.0,120.3,274.5,205.4,149.5,9.1,0.4,875.9,13.6,15.0,688.3,159.0,675.8148936170213,1.847415098557128,Normal,775.8,-38.80000000000007,682.3333333333334,654.62,36.285372797990014
West Uttar Pradesh,1911,63.8,0.5,31.6,0.8,0.3,58.8,57.4,135.6,346.2,17.2,38.9,0.6,751.6,64.3,32.6,598.0,56.7,675.8148936170213,-11.51423183359412,Normal,688.3,-87.5,759.5666666666666,723.1,22.730586158077482
West Uttar Pradesh,1912,24.5,6.0,8.5,4.1,5.0,27.5,238.1,224.8,254.8,0.1,9.5,1.4,804.5,30.5,17.7,745.2,11.0,675.8148936170213,10.266880330444256,Normal,598.0,-90.29999999999995,687.3666666666667,666.6600000000001,21.62123098960469
West Uttar Pradesh,1913,0.2,37.4,27.0,1.8,52.0,124.2,123.7,101.2,19.7,0.9,0.7,6.4,495.3,37.6,80.8,368.9,8.0,675.8148936170213,-45.414047029118514,Deficient,745.2,147.20000000000005,677.1666666666666,724.3799999999999,11.650805075473027
West Uttar Pradesh,1914,0.1,8.5,21.8,17.9,30.5,48.3,335.2,195.6,212.8,11.3,5.5,0.0,887.5,8.5,70.2,791.9,16.9,675.8148936170213,17.177056540095005,Normal,368.9,-376.30000000000007,570.7,635.24,25.745342317964585
West Uttar Pradesh,1915,20.2,60.7,50.3,7.4,11.9,58.5,196.0,241.3,136.0,18.4,0.0,1.8,802.5,80.9,69.6,631.7,20.2,675.8148936170213,-6.527659279734786,Normal,791.9,423.0,635.3333333333334,638.46,26.176013623640383
West Uttar Pradesh,1916,0.1,17.9,0.0,2.5,10.4,139.9,299.7,356.9,230.5,48.9,7.4,0.0,1114.2,18.0,13.0,1027.0,56.3,675.8148936170213,51.96468880752314,Excess,631.7,-160.19999999999993,597.5,627.14,26.278712456200903
West Uttar Pradesh,1917,9.7,25.6,11.7,16.8,48.5,101.8,298.1,235.5,288.9,80.1,0.0,3.5,1120.2,35.3,77.0,924.3,83.6,675.8148936170213,36.76821992677082,Excess,1027.0,395.29999999999995,816.8666666666667,712.9399999999999,33.697924700213136
West Uttar Pradesh,1918,7.2,0.7,10.9,4.9,5.5,83.6,72.9,161.0,20.3,0.2,4.1,0.6,371.9,7.9,21.4,337.8,4.8,675.8148936170213,-50.01589885181955,Deficient,924.3,-102.70000000000005,861.0,748.76,34.57540538760973
West Uttar Pradesh,1919,68.6,4.4,3.3,5.8,14.2,19.5,311.4,381.6,129.6,12.1,3.7,14.7,969.1,73.0,23.4,842.1,30.5,675.8148936170213,24.60512604168962,Excess,337.8,-586.5,763.0333333333333,742.54,36.417161032421
West Uttar Pradesh,1920,5.2,9.3,9.7,0.4,19.6,128.1,332.4,88.2,28.1,1.8,0.0,0.0,622.8,14.5,29.7,576.8,1.8,675.8148936170213,-14.651185487654,Normal,842.1,504.3,701.4,752.5799999999999,36.357033838550684
West Uttar Pradesh,1921,50.0,0.7,1.1,3.4,0.5,141.8,164.5,384.6,232.7,12.6,0.0,0.3,992.3,50.7,5.1,923.7,12.9,675.8148936170213,36.67943821958045,Excess,576.8,-265.30000000000007,585.5666666666667,741.6,37.849165345578164
West Uttar Pradesh,1922,36.8,4.1,0.0,1.6,2.6,77.6,326.3,336.9,190.7,2.9,0.9,20.4,1000.8,40.9,4.1,931.6,24.2,675.8148936170213,37.848397364253714,Excess,923.7,346.9000000000001,780.8666666666668,720.9399999999999,35.68318779821797
West Uttar Pradesh,1923,4.9,39.7,0.3,0.0,7.4,8.1,209.8,350.4,204.1,39.7,1.4,36.4,902.3,44.6,7.8,772.4,77.5,675.8148936170213,14.291651056407858,Normal,931.6,7.899999999999977,810.6999999999999,722.4,35.81306973967344
West Uttar Pradesh,1924,29.1,20.3,2.2,0.2,7.7,17.8,308.8,256.6,354.7,41.7,1.6,23.4,1064.1,49.4,10.2,938.0,66.6,675.8148936170213,38.79540224095103,Excess,772.4,-159.20000000000005,875.9,809.32,17.962906523890755
West Uttar Pradesh,1925,4.2,0.2,0.1,5.5,12.5,207.5,403.3,227.0,58.5,5.3,19.8,0.0,943.8,4.4,18.1,896.3,25.1,675.8148936170213,32.625073591220044,Excess,938.0,165.60000000000002,880.6666666666666,828.5,18.91017903173533
West Uttar Pradesh,1926,13.0,8.2,53.7,14.6,24.9,15.9,282.3,312.4,168.2,22.2,1.3,0.4,917.0,21.1,93.2,778.8,23.8,675.8148936170213,15.238655933105177,Normal,896.3,-41.700000000000045,868.9,892.4,7.725236458287402
West Uttar Pradesh,1927,0.0,23.0,19.2,4.4,19.1,73.4,252.6,316.0,66.7,104.4,42.0,13.4,934.2,23.0,42.7,708.6,159.9,675.8148936170213,4.851196191831451,Normal,778.8,-117.5,871.0333333333333,863.4200000000001,9.468996982812815
West Uttar Pradesh,1928,28.6,89.9,1.9,7.8,8.6,55.9,262.4,85.1,33.7,43.2,8.6,18.9,644.6,118.5,18.4,437.1,70.7,675.8148936170213,-35.32252631181269,Deficient,708.6,-70.19999999999993,794.5666666666666,818.8199999999999,11.603971668707382
West Uttar Pradesh,1929,26.3,2.5,1.9,5.7,1.5,83.0,210.7,234.7,32.7,18.4,0.8,32.2,650.1,28.7,9.1,561.0,51.3,675.8148936170213,-16.989103777000505,Normal,437.1,-271.5,641.5,751.76,26.368912087551795
West Uttar Pradesh,1930,23.8,18.3,0.6,2.6,4.3,64.0,369.6,219.7,50.4,30.9,0.2,4.0,788.1,42.1,7.4,703.6,35.1,675.8148936170213,4.111348631911669,Normal,561.0,123.89999999999998,568.9,676.36,26.7012255538301
West Uttar Pradesh,1931,0.5,25.9,6.3,0.4,6.3,16.2,217.0,224.3,349.5,84.0,0.2,0.2,930.8,26.4,12.9,807.0,84.4,675.8148936170213,19.41139617105275,Excess,703.6,142.60000000000002,567.2333333333333,637.8199999999999,21.52599955182655
West Uttar Pradesh,1932,0.0,4.2,13.0,4.2,2.9,24.3,175.3,178.7,286.7,0.1,8.6,7.9,706.0,4.2,20.1,665.1,16.6,675.8148936170213,-1.5854775794706486,Normal,807.0,103.39999999999998,690.5333333333333,643.46,22.519610529725078
West Uttar Pradesh,1933,5.5,14.7,6.0,19.6,33.3,239.0,205.5,224.0,199.6,85.9,1.0,1.4,1035.3,20.2,58.9,868.0,88.3,675.8148936170213,28.437536402074088,Excess,665.1,-141.89999999999998,725.2333333333332,634.76,22.2566649412769
West Uttar Pradesh,1934,28.1,1.8,27.7,1.0,0.9,120.7,217.2,343.3,144.1,1.0,0.8,11.1,897.7,29.9,29.6,825.3,12.9,675.8148936170213,22.11923824035914,Excess,868.0,202.89999999999998,780.0333333333333,720.9399999999999,16.70731714896519
West Uttar Pradesh,1935,28.4,22.0,2.8,15.9,0.2,16.8,321.4,170.9,174.6,2.3,2.9,26.5,784.6,50.3,19.0,683.7,31.7,675.8148936170213,1.1667553434309423,Normal,825.3,-42.700000000000045,786.1333333333333,773.8,11.074063352529866
West Uttar Pradesh,1936,3.5,16.9,11.9,2.5,17.5,291.2,353.9,284.1,194.1,1.5,12.9,28.6,1218.4,20.3,31.9,1123.3,42.9,675.8148936170213,66.21415281157813,Large Excess,683.7,-141.5999999999999,792.3333333333334,769.82,11.705942692703191
West Uttar Pradesh,1937,0.3,64.6,1.8,11.5,10.5,66.1,211.8,164.8,131.7,2.2,0.9,10.7,676.7,64.9,23.7,574.3,13.8,675.8148936170213,-15.021109267613893,Normal,1123.3,439.5999999999999,877.4333333333334,833.0799999999999,22.136828845633566
West Uttar Pradesh,1938,39.2,5.9,0.1,1.1,7.9,158.8,273.6,182.2,42.6,18.5,0.5,0.0,730.4,45.1,9.1,657.2,19.0,675.8148936170213,-2.7544367241439005,Normal,574.3,-549.0,793.7666666666668,814.9199999999998,25.53018106677677
West Uttar Pradesh,1939,8.0,21.2,6.3,0.6,2.9,130.2,235.5,101.7,211.5,3.2,0.0,0.0,721.1,29.2,9.8,678.9,3.2,675.8148936170213,0.4565016859079417,Normal,657.2,82.90000000000009,784.9333333333334,772.76,27.92830099385312
West Uttar Pradesh,1940,21.1,39.3,19.1,5.8,5.7,40.4,232.4,348.7,53.9,1.5,0.2,15.8,783.9,60.4,30.6,675.5,17.4,675.8148936170213,-0.0465946548375063,Normal,678.9,21.699999999999932,636.8000000000001,743.48,29.16517562312401
West Uttar Pradesh,1941,35.6,8.3,1.6,0.0,16.0,87.6,56.2,221.6,83.0,4.4,0.0,2.0,516.4,43.9,17.6,448.4,6.5,675.8148936170213,-33.65047082639399,Deficient,675.5,-3.3999999999999773,670.5333333333333,741.8399999999999,29.30990586252811
West Uttar Pradesh,1942,33.2,54.3,1.3,5.9,5.4,98.0,362.4,320.1,193.9,0.0,0.0,13.7,1088.2,87.5,12.6,974.4,13.7,675.8148936170213,44.18149247716703,Excess,448.4,-227.10000000000002,600.9333333333333,606.86,16.18838641735388
West Uttar Pradesh,1943,25.8,0.5,2.8,13.9,11.2,75.7,186.6,379.5,149.8,4.5,0.0,0.1,850.4,26.2,27.9,791.7,4.6,675.8148936170213,17.147462637698226,Normal,974.4,526.0,699.4333333333334,686.8799999999999,27.296330053360172
West Uttar Pradesh,1944,32.3,43.2,44.4,25.1,0.4,76.5,255.4,183.2,87.1,21.0,0.6,1.2,770.3,75.6,69.9,602.2,22.7,675.8148936170213,-10.892759883261498,Normal,791.7,-182.69999999999993,738.1666666666666,713.78,26.86681224903717
West Uttar Pradesh,1945,35.5,0.0,0.5,4.6,4.4,31.0,309.5,260.0,278.8,41.6,0.0,0.1,966.0,35.5,9.5,879.4,41.7,675.8148936170213,30.124388838691186,Excess,602.2,-189.5,789.4333333333334,698.4399999999999,28.379944410545978
West Uttar Pradesh,1946,0.1,19.3,0.7,11.9,20.4,92.2,378.2,277.6,40.0,31.5,18.2,6.7,896.6,19.4,33.0,787.9,56.4,675.8148936170213,16.58517849215918,Normal,879.4,277.19999999999993,757.7666666666668,739.22,28.78150581664785
West Uttar Pradesh,1947,18.1,12.2,11.0,0.2,2.9,47.4,237.3,197.8,263.6,11.1,0.0,7.4,809.2,30.4,14.1,746.1,18.5,675.8148936170213,10.400052891229814,Normal,787.9,-91.5,756.5,807.12,17.056298867871593
West Uttar Pradesh,1948,37.2,18.8,11.9,0.3,5.3,9.2,310.3,422.8,179.7,22.5,9.6,0.5,1028.1,56.0,17.4,922.0,32.7,675.8148936170213,36.427890049207726,Excess,746.1,-41.799999999999955,804.4666666666666,761.46,13.31574835990616
West Uttar Pradesh,1949,0.6,38.3,3.4,3.2,10.7,14.5,339.0,267.7,207.8,21.3,0.0,0.1,906.7,38.9,17.4,829.0,21.4,675.8148936170213,22.66672543469979,Excess,922.0,175.89999999999998,818.6666666666666,787.52,15.883537991363037
West Uttar Pradesh,1950,21.1,5.8,21.2,0.7,7.1,47.7,265.9,311.2,138.4,0.2,0.0,14.8,834.0,26.8,28.9,763.3,15.0,675.8148936170213,12.945128497353853,Normal,829.0,-93.0,832.3666666666667,832.8799999999999,8.420745617844252
West Uttar Pradesh,1951,16.4,8.2,34.9,6.6,11.5,31.7,141.0,253.4,199.9,6.5,18.7,0.0,728.9,24.6,53.1,626.0,25.2,675.8148936170213,-7.371085498043343,Normal,763.3,-65.70000000000005,838.1,809.6600000000001,8.65815163980364
West Uttar Pradesh,1952,6.6,20.0,23.4,2.6,8.1,190.8,198.8,379.1,36.2,2.3,0.1,7.3,875.3,26.5,34.2,804.8,9.7,675.8148936170213,19.08586324468804,Excess,626.0,-137.29999999999995,739.4333333333334,777.28,14.04509526770768
West Uttar Pradesh,1953,36.9,0.5,0.0,5.9,7.4,64.6,366.8,192.8,85.1,1.1,0.0,0.5,761.8,37.5,13.3,709.4,1.7,675.8148936170213,4.96957180141861,Normal,804.8,178.79999999999995,731.3666666666667,789.02,13.70430406046163
West Uttar Pradesh,1954,34.9,67.6,11.0,0.1,0.7,40.8,232.5,222.7,169.0,99.9,0.0,0.0,879.3,102.5,11.8,665.0,99.9,675.8148936170213,-1.6002745306690478,Normal,709.4,-95.39999999999998,713.4,746.5,10.879547700116392
West Uttar Pradesh,1955,44.8,5.7,2.4,3.3,2.1,98.1,199.4,295.2,216.2,193.7,0.0,0.0,1060.9,50.5,7.7,808.9,193.7,675.8148936170213,19.692538243822263,Excess,665.0,-44.39999999999998,726.4,713.7,10.113743086137426
West Uttar Pradesh,1956,23.1,4.3,22.2,0.4,12.4,67.2,334.7,289.8,96.8,206.5,4.5,2.6,1064.4,27.4,35.0,788.5,213.6,675.8148936170213,16.67396019934956,Normal,808.9,143.89999999999998,727.7666666666668,722.8199999999999,11.37222850628204
West Uttar Pradesh,1957,59.7,0.3,29.1,5.4,2.4,42.3,282.3,271.1,278.9,18.2,3.2,12.3,1005.2,60.0,36.8,874.6,33.8,675.8148936170213,29.4141351811682,Excess,788.5,-20.399999999999977,754.1333333333332,755.3199999999999,8.551054378263792
West Uttar Pradesh,1958,7.7,2.8,3.5,5.5,0.7,42.1,397.1,327.3,246.7,122.4,0.2,9.4,1165.3,10.5,9.6,1013.2,132.0,675.8148936170213,49.92270954214455,Excess,874.6,86.10000000000002,824.0,769.28,10.77665293050274
West Uttar Pradesh,1959,46.3,3.9,5.7,1.3,34.1,18.9,203.5,281.1,106.8,50.2,16.5,0.0,768.3,50.2,41.1,610.3,66.6,675.8148936170213,-9.694206836191466,Normal,1013.2,138.60000000000002,892.1,830.04,15.35111781371898
West Uttar Pradesh,1960,11.6,0.0,33.9,2.3,5.8,64.9,334.9,391.9,94.7,187.7,0.0,1.9,1129.8,11.7,42.1,886.4,189.7,675.8148936170213,31.16017542257888,Excess,610.3,-402.9000000000001,832.6999999999999,819.1,17.837909646052633
West Uttar Pradesh,1961,44.5,33.1,0.1,2.1,7.6,73.4,302.5,467.5,113.5,141.4,1.9,10.5,1198.3,77.7,9.8,956.9,153.9,675.8148936170213,41.5920260174478,Excess,886.4,276.1,836.6333333333333,834.6,17.834046746904814
West Uttar Pradesh,1962,34.0,18.6,15.1,0.8,2.2,45.9,221.2,238.0,214.6,0.1,1.6,6.1,798.2,52.6,18.1,719.7,7.8,675.8148936170213,6.493657774853371,Normal,956.9,70.5,817.8666666666667,868.2800000000001,17.821384043915906
West Uttar Pradesh,1963,13.6,5.0,5.2,3.5,9.7,70.9,165.4,361.4,279.5,0.3,10.9,4.3,929.7,18.5,18.4,877.2,15.6,675.8148936170213,29.798855912326488,Excess,719.7,-237.19999999999993,854.3333333333334,837.3,20.075024037348786
West Uttar Pradesh,1964,2.3,0.8,1.9,0.6,20.2,38.8,416.3,246.7,261.0,1.6,0.2,11.6,1002.0,3.1,22.6,962.9,13.4,675.8148936170213,42.47984308935154,Excess,877.2,157.5,851.2666666666668,810.1,17.453620343553972
West Uttar Pradesh,1965,8.0,10.4,10.6,21.1,10.6,3.7,215.4,219.4,148.4,25.3,0.0,0.7,673.5,18.4,42.2,586.9,26.0,675.8148936170213,-13.156693416616038,Normal,962.9,85.69999999999993,853.2666666666668,880.6200000000001,11.144876511329725
West Uttar Pradesh,1966,6.0,13.0,0.8,0.2,20.5,143.3,146.5,356.5,49.3,9.3,7.8,2.9,756.0,19.0,21.5,695.6,19.9,675.8148936170213,2.9275925360400192,Normal,586.9,-376.0,809.0,820.72,19.912025449177087
West Uttar Pradesh,1967,0.5,0.1,34.4,1.3,3.8,51.8,263.6,509.6,223.5,4.8,2.1,61.6,1157.2,0.6,39.4,1048.6,68.5,675.8148936170213,55.16083026637658,Excess,695.6,108.70000000000005,748.4666666666666,768.46,19.550055988718913
West Uttar Pradesh,1968,21.8,8.4,10.0,0.3,0.1,46.4,319.3,205.0,64.7,15.6,0.0,1.5,693.3,30.2,10.4,635.5,17.2,675.8148936170213,-5.965375134195759,Normal,1048.6,352.9999999999999,777.0333333333333,834.24,22.802592103638865
West Uttar Pradesh,1969,5.8,3.0,10.0,4.8,16.6,17.1,311.4,262.4,231.2,0.4,15.4,0.0,878.1,8.8,31.4,822.2,15.8,675.8148936170213,21.66053275320889,Excess,635.5,-413.0999999999999,793.2333333333332,785.9,26.286892169053434
West Uttar Pradesh,1970,37.8,44.6,9.3,0.1,15.5,129.0,133.6,316.3,160.8,16.9,0.0,0.0,863.8,82.3,24.8,739.7,16.9,675.8148936170213,9.453048014532497,Normal,822.2,186.70000000000005,835.4333333333334,757.76,24.4002315558217
West Uttar Pradesh,1971,10.9,12.5,2.9,11.5,44.7,139.1,284.6,280.5,125.7,84.3,6.2,0.0,1003.1,23.4,59.2,830.0,90.6,675.8148936170213,22.814694946683744,Excess,739.7,-82.5,732.4666666666667,788.3199999999999,20.376282675224452
West Uttar Pradesh,1972,4.0,26.3,4.5,3.1,0.4,31.9,165.9,211.5,119.0,7.5,9.4,1.6,585.1,30.3,8.0,528.3,18.5,675.8148936170213,-21.82770681887588,Deficient,830.0,90.29999999999995,797.3000000000001,815.2,18.677978560903572
West Uttar Pradesh,1973,7.5,12.7,2.6,0.0,7.9,79.9,263.5,292.0,87.1,51.0,0.1,1.7,805.9,20.2,10.5,722.4,52.8,675.8148936170213,6.893175457210042,Normal,528.3,-301.70000000000005,699.3333333333334,711.14,18.121561784985403
West Uttar Pradesh,1974,0.2,0.7,0.8,0.1,7.9,25.8,356.6,191.5,27.6,39.1,0.0,18.6,668.9,0.9,8.7,601.5,57.7,675.8148936170213,-10.996338541650276,Normal,722.4,194.10000000000002,693.5666666666666,728.52,16.716526349700533
West Uttar Pradesh,1975,13.4,7.8,7.0,0.8,2.5,159.7,273.1,245.6,256.9,22.6,0.0,0.0,989.5,21.2,10.3,935.3,22.6,675.8148936170213,38.39588455859434,Excess,601.5,-120.89999999999998,617.4,684.3799999999999,17.43353665481579
West Uttar Pradesh,1976,1.5,11.9,2.9,2.3,11.0,69.8,228.8,246.1,75.2,2.6,0.6,0.3,653.2,13.4,16.2,620.0,3.6,675.8148936170213,-8.258902569947082,Normal,935.3,333.79999999999995,753.0666666666666,723.5,22.836123592694584
West Uttar Pradesh,1977,15.9,2.8,0.2,20.0,22.7,78.5,440.6,192.3,176.1,27.8,0.3,17.2,994.3,18.7,42.8,887.5,45.3,675.8148936170213,31.322941885761235,Excess,620.0,-315.29999999999995,718.9333333333333,681.5,23.170652291179643
West Uttar Pradesh,1978,6.0,31.7,57.1,8.3,0.7,206.2,279.7,397.0,244.9,3.5,2.7,6.2,1244.2,37.7,66.1,1127.9,12.5,675.8148936170213,66.89481256670435,Large Excess,887.5,267.5,814.2666666666665,753.3399999999999,20.229640760923452
West Uttar Pradesh,1979,45.1,48.6,10.6,2.3,29.9,56.7,240.8,69.7,26.6,1.7,18.6,7.4,558.0,93.7,42.8,393.7,27.8,675.8148936170213,-41.7444031319164,Deficient,1127.9,240.4000000000001,878.4666666666667,834.4400000000002,26.753811266462563
West Uttar Pradesh,1980,4.5,4.8,19.3,0.4,2.2,104.7,349.4,364.4,99.3,16.1,1.4,18.1,984.7,9.2,21.9,917.9,35.6,675.8148936170213,35.821215050073505,Excess,393.7,-734.2,803.0333333333333,792.88,36.264710429358644
West Uttar Pradesh,1981,19.0,5.2,13.4,1.3,22.7,102.2,314.5,131.4,101.9,3.1,20.6,4.2,739.6,24.3,37.5,650.0,27.9,675.8148936170213,-3.819817210428393,Normal,917.9,524.2,813.1666666666666,789.4,36.16404433116392
West Uttar Pradesh,1982,30.5,8.3,61.8,23.8,40.5,53.1,231.1,403.4,81.8,8.7,14.4,11.6,969.1,38.8,126.2,769.4,34.7,675.8148936170213,13.847742520455988,Normal,650.0,-267.9,653.8666666666667,795.4,35.367540799142844
West Uttar Pradesh,1983,28.1,5.4,5.5,59.8,33.7,89.7,306.7,385.5,212.6,50.7,0.0,14.0,1191.7,33.5,99.0,994.4,64.7,675.8148936170213,47.14088271684616,Excess,769.4,119.39999999999998,779.0999999999999,771.78,35.83470735844587
West Uttar Pradesh,1984,24.7,27.5,0.6,7.4,0.3,134.5,200.2,268.3,116.6,0.4,0.0,0.7,781.3,52.2,8.3,719.6,1.1,675.8148936170213,6.478860823654971,Normal,994.4,225.0,804.6,745.0799999999999,31.84055916745343
West Uttar Pradesh,1985,7.5,0.0,1.7,6.9,6.1,44.3,305.5,221.8,204.4,143.8,0.0,15.2,957.2,7.5,14.7,776.0,159.0,675.8148936170213,14.824341299550102,Normal,719.6,-274.79999999999995,827.8000000000001,810.26,17.569720317742537
West Uttar Pradesh,1986,14.8,46.5,5.7,3.9,29.8,95.3,202.6,181.0,105.5,15.1,2.1,13.0,715.2,61.3,39.5,584.3,30.1,675.8148936170213,-13.541414147774333,Normal,776.0,56.39999999999998,830.0,781.88,16.50640315556792
West Uttar Pradesh,1987,15.2,13.1,2.7,1.8,39.8,34.6,105.0,124.2,92.4,30.8,0.0,7.3,466.8,28.4,44.2,356.1,38.1,675.8148936170213,-47.30805678251316,Deficient,584.3,-191.70000000000005,693.3000000000001,768.74,19.22946447893163
West Uttar Pradesh,1988,3.5,11.4,26.6,8.0,6.1,85.6,318.0,412.7,139.6,14.9,0.0,9.1,1035.6,14.9,40.7,956.0,24.0,675.8148936170213,41.45885345666224,Excess,356.1,-228.19999999999993,572.1333333333333,686.0799999999999,34.4548156311981
West Uttar Pradesh,1989,24.6,1.1,15.4,0.0,1.6,88.5,132.1,222.0,153.6,0.4,4.1,14.0,657.3,25.7,17.0,596.1,18.4,675.8148936170213,-11.795373906363634,Normal,956.0,599.9,632.1333333333333,678.4,33.044609461915776
West Uttar Pradesh,1990,0.0,67.5,9.2,0.7,29.8,45.9,334.2,195.9,250.4,3.7,3.5,17.4,958.0,67.5,39.7,826.4,24.5,675.8148936170213,22.2820047035415,Excess,596.1,-359.9,636.0666666666667,653.7,34.46552931163682
West Uttar Pradesh,1991,2.9,18.9,7.5,2.9,2.7,44.8,108.6,406.2,124.7,0.0,7.9,21.7,748.7,21.8,13.1,684.3,29.6,675.8148936170213,1.2555370506213024,Normal,826.4,230.29999999999995,792.8333333333334,663.78,35.121902795773714
West Uttar Pradesh,1992,14.2,9.7,4.0,0.3,7.9,25.9,196.9,306.1,179.4,67.4,8.9,0.0,820.6,23.9,12.1,708.3,76.3,675.8148936170213,4.806805338236255,Normal,684.3,-142.10000000000002,702.2666666666665,683.78,33.469735988719655
West Uttar Pradesh,1993,3.7,13.5,21.2,1.0,15.2,82.0,156.6,136.9,326.8,15.1,0.1,0.0,771.9,17.1,37.4,702.2,15.1,675.8148936170213,3.904191315134134,Normal,708.3,24.0,739.6666666666666,754.22,18.505848147602403
West Uttar Pradesh,1994,24.0,17.3,0.0,12.4,6.5,72.5,364.3,290.2,19.7,0.0,0.0,0.1,806.8,41.2,18.9,746.6,0.2,675.8148936170213,10.474037647221792,Normal,702.2,-6.099999999999909,698.2666666666665,703.46,11.686217352411898
West Uttar Pradesh,1995,30.1,11.2,7.9,3.7,0.0,72.2,188.3,389.2,122.1,0.1,0.2,1.9,826.8,41.3,11.6,771.7,2.2,675.8148936170213,14.188072398019097,Normal,746.6,44.39999999999998,719.0333333333334,733.56,7.722757993636396
West Uttar Pradesh,1996,24.8,55.8,2.7,0.4,3.7,86.1,210.3,350.4,170.7,36.2,0.0,0.0,941.2,80.6,6.9,817.5,36.2,675.8148936170213,20.96507604688429,Excess,771.7,25.100000000000023,740.1666666666666,722.62,4.92890163253157
West Uttar Pradesh,1997,3.8,0.7,2.4,19.2,22.8,79.9,235.7,34.6,24.0,7.5,3.2,11.4,445.2,4.5,44.3,374.2,22.1,675.8148936170213,-44.62980861560354,Deficient,817.5,45.799999999999955,778.6,749.26,6.351761360685616
West Uttar Pradesh,1998,3.3,8.1,23.5,9.0,10.4,71.4,273.4,343.7,84.2,39.6,0.7,0.0,867.2,11.4,42.9,772.7,40.2,675.8148936170213,14.336041910003056,Normal,374.2,-443.3,654.4666666666667,682.4399999999999,25.978885634437525
West Uttar Pradesh,1999,19.3,1.1,0.0,0.0,8.3,66.3,215.1,180.5,261.6,33.4,0.1,0.7,786.4,20.5,8.3,723.5,34.2,675.8148936170213,7.055941920392398,Normal,772.7,398.50000000000006,654.8000000000001,696.54,26.128538558762692
West Uttar Pradesh,2000,8.8,22.9,1.7,2.1,23.6,143.0,251.2,238.9,79.1,0.0,0.0,0.0,771.4,31.7,27.4,712.2,0.1,675.8148936170213,5.3838864349736975,Normal,723.5,-49.200000000000045,623.4666666666667,691.9200000000001,26.11512886159369
West Uttar Pradesh,2001,2.5,2.3,2.6,12.0,29.6,164.4,282.0,122.1,26.7,16.3,1.1,0.1,661.7,4.8,44.2,595.2,17.6,675.8148936170213,-11.928546467149191,Normal,712.2,-11.299999999999955,736.1333333333333,680.02,25.88558820020389
West Uttar Pradesh,2002,16.8,37.6,2.0,0.7,21.5,29.0,29.6,252.3,218.1,6.7,0.4,10.5,625.2,54.5,24.2,529.0,17.6,675.8148936170213,-21.72412816048711,Deficient,595.2,-117.0,676.9666666666667,635.5600000000001,25.16880862060174
West Uttar Pradesh,2003,18.6,40.4,2.5,4.4,5.9,74.1,315.6,214.2,356.6,0.7,0.8,13.6,1047.5,59.0,12.9,960.5,15.1,675.8148936170213,42.12471626059005,Excess,529.0,-66.20000000000005,612.1333333333333,666.5200000000001,15.116498939829812
West Uttar Pradesh,2004,20.6,0.7,0.0,20.0,21.7,59.3,124.2,250.5,84.0,60.5,0.7,0.2,642.3,21.3,41.7,517.9,61.4,675.8148936170213,-23.366589743509024,Deficient,960.5,431.5,694.9,704.0800000000002,23.413538799478673
West Uttar Pradesh,2005,10.1,17.9,22.6,1.2,6.9,67.1,298.2,96.0,202.5,2.5,0.0,0.6,725.7,28.0,30.7,663.9,3.1,675.8148936170213,-1.7630409938514031,Normal,517.9,-442.6,669.1333333333333,662.96,27.662936090848167
West Uttar Pradesh,2006,0.5,0.0,20.2,4.0,34.1,66.6,241.6,78.1,65.7,16.7,0.7,1.0,529.3,0.5,58.3,452.0,18.4,675.8148936170213,-33.117780583251744,Deficient,663.9,146.0,714.1,653.3,27.76879218458012
West Uttar Pradesh,2007,0.4,66.9,37.4,0.9,11.0,88.4,155.1,152.2,57.0,1.8,0.0,1.4,572.5,67.3,49.3,452.7,3.2,675.8148936170213,-33.014201924862974,Deficient,452.0,-211.89999999999998,544.6,624.6600000000001,32.483115040712846
West Uttar Pradesh,2008,0.9,0.2,0.0,4.0,24.8,193.8,258.5,217.4,90.9,5.1,4.0,0.0,799.8,1.2,28.8,760.7,9.1,675.8148936170213,12.560407766195578,Normal,452.7,0.6999999999999886,522.8666666666667,609.4,35.189217703361244
West Uttar Pradesh,2009,1.3,3.9,1.2,8.7,12.8,17.1,118.3,184.5,125.4,59.3,13.9,2.8,549.2,5.2,22.7,445.3,76.0,675.8148936170213,-34.109176313544246,Deficient,760.7,308.00000000000006,555.1333333333333,569.44,24.13931793495592
West Uttar Pradesh,2010,3.2,13.7,0.2,0.4,9.3,12.5,282.0,213.8,263.9,4.7,12.8,4.1,820.7,16.8,10.0,772.3,21.6,675.8148936170213,14.276854105209456,Normal,445.3,-315.40000000000003,552.9,554.9200000000001,26.61932967635479
West Uttar Pradesh,2011,2.1,10.4,3.9,2.8,29.6,175.9,215.9,232.3,101.7,0.7,0.5,1.5,777.4,12.5,36.3,725.9,2.7,675.8148936170213,7.411068749153888,Normal,772.3,326.99999999999994,659.4333333333333,576.6,30.077481247742032
West Uttar Pradesh,2012,14.5,0.1,1.4,4.7,0.3,4.0,145.1,149.1,67.8,0.5,0.1,2.0,389.6,14.5,6.4,366.0,2.7,675.8148936170213,-45.84315861387199,Deficient,725.9,-46.39999999999998,647.8333333333334,631.38,26.510679682107174
West Uttar Pradesh,2013,20.4,69.5,3.5,1.6,2.1,190.6,233.9,287.1,52.2,61.2,1.7,8.9,932.8,89.9,7.2,763.8,71.8,675.8148936170213,13.019113253345829,Normal,366.0,-359.9,621.4,614.0400000000001,31.438461756207182
West Uttar Pradesh,2014,48.3,29.4,22.6,5.3,11.0,22.0,151.6,81.0,84.7,14.6,0.0,16.3,486.9,77.7,39.0,339.4,30.8,675.8148936170213,-49.77914763264523,Deficient,763.8,397.79999999999995,618.5666666666666,614.66,31.503202027073513
West Uttar Pradesh,2015,31.6,7.2,66.8,21.0,8.1,72.0,194.2,143.5,26.5,6.9,2.0,3.0,582.7,38.8,95.9,436.1,11.9,675.8148936170213,-35.47049582379665,Deficient,339.4,-424.4,489.7333333333333,593.4799999999999,37.186519493692906
West Uttar Pradesh,2016,2.1,2.0,10.4,0.5,28.3,60.0,352.5,182.9,44.7,9.6,0.0,0.0,692.8,4.0,39.2,640.1,9.6,675.8148936170213,-5.2847153790695565,Normal,436.1,96.70000000000005,513.0999999999999,526.24,38.595925021873335
West Uttar Pradesh,2017,22.0,1.1,8.5,1.4,13.5,85.1,181.0,129.8,140.7,0.6,0.0,1.6,585.2,23.1,23.4,536.5,2.2,675.8148936170213,-20.614356820607437,Deficient,640.1,204.0,471.8666666666666,509.0799999999999,36.305245700563546
